000000000000f7540000045cfffff397
0000000000000194000015aa000012eb
000000000000e936000002c400000d9d
0000000000000eacfffffef4fffffc6f
000000000000fe93fffffb57ffffeb36
00000000000009ccfffffa4900000307
000000000000f7f700000d2efffffe1c
000000000000f6a3fffff4b0000000c1
0000000000002923fffffe41000007ab
0000000000003a680000191a00001913
0000000000000f14fffffbc800000c61
0000000000000b59fffffa8fffffff25
0000000000001e8900000d0100000682
000000000000e7cdffffff7ffffffea8
0000000000001e67ffffffdb00000d26
000000000000ed63fffffcd2fffff5ec
0000000000000abf00000372fffffef9
0000000000000000fffff913fffffd4c
000000000000eaf300000803fffff3db
0000000000001b9ffffffd6d00000307
000000000000fec8ffffed46fffffec4
000000000000e353fffff76efffffd61
000000000000dff200000a8b00000172
000000000000e831fffffa45fffffbdc
000000000000f1020000013afffff862
000000000000e5b0ffffffcc00000269
000000000000f888000003420000040a
0000000000002236fffffcc9ffffefaa
0000000000000e7900000449000005ec
0000000000001323fffffba1000001e7
000000000000fcfc000019ec000008a8
0000000000001256fffff720fffffdf1
00000000000009dbfffff191ffffffec
000000000000fe5effffffd600000bcd
000000000000ecddffffef5c000001c9
000000000000f5e0000008b1fffff98d
000000000000e77700000927fffffd8c
00000000000022cdfffff819fffff02e
0000000000000964fffffe5700001441
0000000000000656000004d80000122e
000000000000c76dfffff79cfffffcd5
000000000000084a00000050fffff558
000000000000ec3b00000a09fffffd1a
000000000000fca0fffffec7000005e1
000000000000e7f3fffffd900000099f
00000000000007f3000002ed0000029b
000000000000f8460000025900000716
0000000000000c600000044e00000339
000000000000f1bbfffffb66000007ac
0000000000001172000001a20000020f
000000000000f3c600000356ffffed3f
000000000000027600000cbfffffff6b
000000000000e96c00000636fffffda8
00000000000008930000042700000213
00000000000004890000079cfffff601
000000000000ffdefffffc03fffffcef
000000000000037400000108fffff0e4
000000000000ee9cfffff8c800000abe
000000000000037400000027000000bd
000000000000e3fcffffff32000003cd
000000000000e411fffff2d4000003af
000000000000e4a1000003f0ffffffe4
00000000000012c60000032900000f86
000000000000f387fffff922fffff303
000000000000ffb1fffff917fffff27e
0000000000001e4a000007c6fffffa77
000000000000e67c0000078a00000b5d
000000000000f563fffff8b4fffffa31
00000000000005750000043200000953
000000000000ddef000001bffffffb41
0000000000002859000004fffffffd1d
0000000000000ab2ffffff82fffffec4
000000000000eb2dfffffcf900000c51
000000000000d208fffffe82fffff046
000000000000fc3bfffffa44fffffe01
000000000000fc09000001b0fffff395
000000000000ee45fffffa5bfffffead
000000000000f395fffffb43fffff372
00000000000021bffffff07b0000030f
000000000000f56a00000baffffff97e
0000000000002b17fffff9e600000026
0000000000001b93000003a500000823
00000000000005d000000598fffffb4e
000000000000edc10000076cfffffffd
000000000000d56b0000073bfffff39e
000000000000fbe00000111800000691
00000000000003b2fffff5e3fffffade
000000000000f564000001a4fffffee1
00000000000007a8fffffa2dfffffe95
000000000000ed79000005bbfffff296
000000000000cbfc00000c16fffff00a
000000000000f43bfffff092fffff7fc
0000000000001e67fffff97b000000e9
000000000000f3fffffff498fffff769
00000000000009fa0000028f00000745
000000000000f08800000161fffffc5a
000000000000fdb30000025dfffff2e7
00000000000001ba00000012fffff8d1
000000000000d74800000a8100000cd2
000000000000fe8a00000778fffffbe4
000000000000eee700000f96000009ac
000000000000065b000009e1fffff5fc
00000000000001bd00000370000003fa
000000000000efa2fffffa1dfffff11e
00000000000014e400000876fffffddd
000000000000f90e00000ea100000224
0000000000001f0dffffef7000000185
000000000000eb230000040dfffff2bd
000000000000046afffffa610000090f
00000000000032800000090500000cb0
0000000000000edf0000014e00000018
0000000000000c80ffffff01fffff32d
000000000000f234fffff634fffffa38
000000000000f857ffffe54c000004aa
000000000000fbfbfffffa2dfffff6cc
000000000000f5b1fffffa310000008c
00000000000013d90000021700000156
00000000000013b700000481000007e9
00000000000007e600000c6e00000abe
000000000000edbeffffeb2c00000e74
00000000000009f2fffff8e5000004d3
000000000000faf7ffffe8fefffff015
000000000000fcda00000128fffffbe3
0000000000002004fffffe71fffff6ec
0000000000000e87ffffff9a00000209
0000000000001e0900000103fffffd8e
000000000000f6b700000181000008aa
0000000000000f3800000b59fffffff3
000000000000fad0fffffbc6fffff0d2
000000000000215cfffff510ffffff54
000000000000072dfffff2070000089f
000000000000f1c5fffffe9e00000dc6
000000000000d599000009b0000007c8
0000000000001892000002cd000000a5
000000000000dd6000000aa3fffff949
000000000000fed6fffffa93000004e5
000000000000d24b0000017bfffffbdf
0000000000000db9fffff834fffffe44
000000000000fd88fffffd1c00000ccf
000000000000e4c20000000fffffe563
0000000000001bc900000488fffffee8
000000000000076200000871fffffe1b
000000000000ec670000029dfffff9dc
000000000000e269ffffefb5fffff46d
000000000000ea5300000d96fffffea8
000000000000fe7400000c2900000064
000000000000fe3ffffff95100000289
0000000000001e94fffff725fffffef8
000000000000063f0000008700000f18
0000000000000c5a000007b2fffffbe5
0000000000000f74fffffabfffffff4f
000000000000fa84000001a4ffffff30
000000000000e9e8fffff229fffff2ed
000000000000c696fffffff60000053d
000000000000042affffffcdffffef93
000000000000ef99fffffd9efffff1b1
000000000000dd3afffff21f00000c7b
000000000000e999000005ff00000326
000000000000edcefffff2e9fffffdc3
000000000000f606fffff982fffffab2
000000000000f36100000b8f00000b3e
000000000000f56bfffffd560000003c
000000000000fa550000016bfffffef1
000000000000febdfffffba0fffff569
0000000000002021fffff17300000f7a
000000000000ff76fffffd5900000a13
000000000000fb3b00000983fffff68d
000000000000ffcc000006c0000003ee
000000000000fc6bfffffaf6fffff296
0000000000000050fffffcdffffffe29
000000000000e5da0000079a000012bf
000000000000ede40000076800000e61
0000000000000d4000000a7600000ded
0000000000003a17000005f8fffff127
000000000000eabcfffffd7900000424
0000000000000f980000151efffffdd8
000000000000107300000940fffff2b6
000000000000d58dfffff567fffffd97
000000000000db97ffffff1c000005c2
0000000000000c5cfffffb10000008ef
000000000000fe110000105f00000264
000000000000ed67fffffdff00000626
000000000000e2f8000000a7fffffc48
0000000000002047fffffbbd00000c1f
000000000000eee600000d99fffffb3e
000000000000e47100000c57fffff2d8
000000000000044a0000066500000bad
000000000000049ffffffa5cfffffdf2
000000000000f86f00000adc000009db
00000000000025d90000042b000009c4
000000000000f6dafffffa9e00000f2e
000000000000f4f8fffffa08000004de
000000000000fb8e0000011dfffff8b0
000000000000e6ea00000c04ffffefb1
000000000000fa430000032c0000073b
000000000000f557ffffefe40000083d
000000000000e6befffff23700000099
000000000000f0ae0000075a00000696
00000000000004bd00000dbefffff4a5
00000000000014f9fffffcb600000283
0000000000002e3ffffffe680000100c
000000000000ff22ffffeeeffffffb8e
000000000000d3a900000247fffffdf5
000000000000f473000001b5fffff72e
00000000000000e70000015cfffff167
000000000000172cfffffffb00000472
000000000000f78ffffff89bfffff1f4
000000000000db99fffffcc9000004fa
000000000000e4560000017c00000039
00000000000035fd00000b7900000469
00000000000001b9fffffe52fffff978
000000000000f82ffffff46a00000658
000000000000f21cffffef180000038d
000000000000f5e2fffff869000007e1
00000000000010f80000007ffffff858
000000000000eaa7fffffb6bfffffe7d
000000000000fa60fffff193fffff345
000000000000048e00000120fffff6b5
000000000000cb7300000437000006d8
0000000000001bd000001049fffffe81
000000000000cd7000000a57000000ed
00000000000007ea00000c2d00000081
0000000000001e47fffff531fffffc5a
0000000000000c8bfffff725fffffb40
00000000000003c800000de5fffff052
000000000000065900000758fffff6f1
0000000000000f3dffffffd5fffffb89
000000000000f52300000337fffffafe
000000000000293500000140fffff9e7
00000000000006d800000661fffffea8
000000000000061efffffdeb00000761
000000000000f16c000005e700000262
0000000000002cdd0000020f00000708
000000000000dd7dfffffab600000430
000000000000d4170000010b00000b0d
000000000000e5e60000034d000005cf
000000000000f02a0000036900000214
000000000000e0e1ffffff62fffff91a
0000000000000c32000000df0000043b
00000000000010cefffff683fffffa5f
00000000000015c600000286ffffe5cf
00000000000026c4fffff607fffff97d
0000000000000a9cfffffbd200000629
0000000000000fbcfffff97900000d0d
0000000000001d26000000f100000268
000000000000293ffffffc6900000414
000000000000e958000001a8fffffd55
0000000000000667fffff444ffffec2e
000000000000f7e0ffffef6d00001a5e
0000000000000ebefffff839000004f3
000000000000e8200000017efffffe10
000000000000f63e00000d89000009fe
0000000000001994fffff613fffff6c0
000000000000220ffffffa6800000a03
000000000000ed23fffffcc500000304
000000000000e632fffff62b000000c5
0000000000001895fffff76300000cac
000000000000fbdf00001043fffff7b4
000000000000eb95fffffdc200000c0c
000000000000f23ffffffeda0000033e
000000000000ec91fffffdfefffff6c8
00000000000018990000079100000225
00000000000013bbfffff584ffffffff
000000000000006c0000019cfffffc77
000000000000df0a00000b8afffffb32
0000000000000871000000dbfffffe77
000000000000d6fafffffdea00000c7c
0000000000000c61fffff9a0fffffc6d
000000000000f124ffffec52000011f5
0000000000000351fffff5b2fffffeb2
000000000000207efffff9fafffff910
00000000000004fa0000055600000d77
000000000000e445000001e9000005ae
000000000000fe06fffffa02fffffead
000000000000e9a7fffffe8000000bf4
00000000000002cc0000010400000839
000000000000f9a7ffffeff4ffffef5a
000000000000f213ffffeedf00000189
000000000000311300000019000005e2
000000000000f56efffff9520000096a
000000000000da1ffffff954000000f9
00000000000004c3fffff44cfffffa85
000000000000f46ffffffe16000003f4
000000000000f90f000001affffffd79
000000000000253bfffff184fffffce2
000000000000fc38000004a600000c3e
000000000000e7e7000010f3fffffe34
0000000000000452fffff83800001107
0000000000001367fffff1ec00000665
000000000000e08fffffef08000012a7
000000000000cd61fffffd1a00000087
000000000000ff03fffffb78fffffd18
0000000000000048fffffa2b00000e47
00000000000006d3fffffb9bfffffa18
0000000000000c13fffffd8000000d82
0000000000000e1200000c3cfffffcea
00000000000026a8000000af0000079c
000000000000fa71fffff6ebfffffe21
0000000000000663fffffbb8fffff8c6
000000000000edd2000005fffffff993
000000000000fe690000016affffffb9
000000000000215100000575000009f5
000000000000165a0000046b00000368
000000000000063dfffffffd00000c49
000000000000f8bf0000057cffffff92
000000000000073b000005b70000099d
0000000000000c1e00000624000002f4
0000000000001ce1fffff683000003bb
00000000000028c5fffff61200000179
000000000000f01bfffff30800000175
000000000000040400000a5efffff842
0000000000002133fffffcef000007c7
000000000000133fffffecb5fffffb23
0000000000000ff8fffffc750000050d
0000000000000281fffff68afffff143
000000000000e6be00000e57fffff7dd
000000000000ef7b000002dcfffffb61
000000000000d9180000063afffff3aa
000000000000dda00000001100000100
00000000000000a60000003900000123
000000000000e64400000a0600000322
000000000000e88e000008220000076b
00000000000017320000017bfffff737
000000000000f5f5fffffc80fffffbe7
000000000000f399fffffe14fffff76a
000000000000f8e0000001a400000dc5
000000000000ef67fffff86b000013b2
000000000000ddb8000015f7fffff6e6
000000000000ef8200000691000011e6
0000000000001331fffffe4400000071
000000000000056e00000015000002ed
000000000000f00c00000aa60000106b
0000000000001459fffffc8effffff56
000000000000e9f5fffff81bffffff9e
00000000000000cdfffff5d800001624
0000000000000e74fffff956fffff795
000000000000f1240000025800000b86
000000000000ee3300000a99fffff738
000000000000ffeafffff399fffff937
000000000000fef000000da700000934
00000000000013c9fffffd7400000fc5
000000000000f78a000009e9fffff023
0000000000001476fffffd4dfffffd44
00000000000025d100001abc00000122
000000000000151b00000b27ffffe8cd
000000000000f61c00000535000008a2
000000000000137d0000070a00000698
0000000000000dc1000005b8fffffe03
000000000000df5d0000065b000000e9
000000000000099c00000b46ffffff38
0000000000001c7200000c95fffff959
0000000000003201fffff1a6fffffc3f
0000000000001d6e000011f2000011a0
000000000000025200000f3bfffff05d
000000000000e3ba0000052e000003ca
000000000000eff6fffffa94fffffb0b
0000000000002dcafffffddaffffffaf
0000000000001ee700001444fffffdd6
000000000000e0a4fffffa680000030a
000000000000032cfffffc970000164b
000000000000d294fffffda3fffffc99
0000000000000ce300000d64fffffeae
000000000000e812fffffcfb00000202
00000000000001adfffff6f1fffff89b
000000000000fe70fffffb19fffffea5
000000000000f8bc0000035afffff73f
00000000000008e3000002a100000023
000000000000eb49fffff9570000058e
000000000000eb9300000a2800000317
000000000000ecf7000002d20000082b
000000000000d712fffff1affffff66f
000000000000f58900000a69fffffdcc
000000000000fb6d000002dafffffd22
000000000000f0adfffff8c0000009c0
000000000000e763ffffe533fffffc4b
0000000000001725fffff4f500000bf4
0000000000001639fffffcfb00000900
000000000000fe1bffffffaf0000053a
0000000000001704fffffe0100000357
0000000000001211fffff73a00000724
000000000000f99e000005be0000000b
00000000000001a60000006bfffff93c
000000000000fa0afffff21200001c33
000000000000fe0cffffeffa0000077d
00000000000001f50000058400000691
000000000000f345ffffeedbfffffd42
0000000000001fe0000008ae00000c4f
000000000000e673fffff4e6fffff8da
000000000000fa4dfffff548fffff9fc
0000000000002927fffffb3900000351
000000000000e398fffffb3500000911
000000000000d6ee00000da0fffff37a
000000000000f94dfffff83800000d37
000000000000fc30fffffd38fffffba6
000000000000ff81000003f0fffffd50
0000000000000c04fffff7f1fffff547
0000000000001412fffffcfc00000381
0000000000000c2d000019d9fffff597
000000000000da98fffff7f6fffff15b
00000000000022e000000a16fffff5a3
0000000000004872ffffef83fffffeac
000000000000fd61ffffe724fffff538
000000000000f13afffff994000009f9
00000000000013ff000008a0fffffeb1
000000000000070100000ce800000dc0
000000000000d924000006900000075b
000000000000f134fffff905fffff93f
000000000000106afffffc22fffff717
000000000000047afffffa92ffffeb23
000000000000e973fffff14fffffff02
000000000000fed3ffffff590000094a
0000000000001254000001760000029a
0000000000000d42fffffed400000526
000000000000ffe7fffff769fffffe6c
0000000000001246000007adfffffc28
0000000000001f11fffff7c2fffffc31
0000000000001d1f000000fdfffffcd2
0000000000002105000005be00000b50
000000000000f13b0000005cfffffc3a
000000000000f59f0000117f0000035e
000000000000fca800000acdffffe4f0
0000000000000fbcfffffcab00000252
000000000000fccd00001109fffff79c
000000000000f898000004b4ffffff74
000000000000c2a10000097afffff791
000000000000ed4e0000095b00000442
0000000000000ccf00000a21000005f3
000000000000f9f4000008acfffffb96
000000000000ebc30000119d0000062e
0000000000000a38000002b2fffffc38
000000000000ef16fffff34e000003d7
000000000000edf5fffffa1f00000efd
000000000000ff56ffffff6bfffff8b0
0000000000001d9e00001f66fffff303
000000000000fc2a000008d200000045
000000000000f8ab00000658000003c3
000000000000ef83fffff200000000a8
0000000000000a8f0000013efffff5b1
00000000000007e3fffff64ffffffb9a
000000000000d9bc000008ab000001f1
000000000000225c000007f600000a69
000000000000f8fcfffffbcb00000529
000000000000112a00000ca5fffff9b0
0000000000000fd000000ab4fffff8b6
000000000000f2d800000a05fffff21c
000000000000160cfffffb1600000c76
000000000000ef0a0000017efffff4b3
00000000000047bf00000e9c000000f9
0000000000000931000008e50000042b
000000000000081a0000101a000003f4
000000000000e8380000051500001032
0000000000000b2dfffff4da00000c86
000000000000e57d00000a10fffffff6
0000000000001bc300000196000002b0
000000000000022c0000027b000005aa
0000000000001f4dfffff82a0000089f
0000000000001ba500000aa000000adc
00000000000009ba0000013300000ac5
000000000000ee0f00001615fffff982
0000000000000e58fffff4f2ffffdd1d
000000000000dbf200000633fffff4fb
0000000000000b4100000483fffff28e
000000000000e880000007f3ffffffe1
000000000000faae0000028bffffffa7
000000000000e31b0000159c00000495
000000000000d52a00000354000008d3
00000000000002f900000339fffffb34
000000000000f5fdffffea6dfffffa4a
000000000000e9c9fffff9aa000003bd
0000000000000910000005d8fffff277
0000000000000199ffffefcbfffff257
000000000000f99dfffffba0fffffaf3
000000000000ecda00000a20fffffd52
000000000000dbe2ffffffab000000b4
0000000000003d42000004f20000007d
000000000000f911fffff64c0000064e
0000000000000066000008b5fffffaf9
000000000000f164fffff228fffff71d
000000000000fc9f0000031200001081
000000000000f1430000058300000898
000000000000f89ffffff1b600000098
000000000000f846fffff7fbfffffbef
000000000000fc21fffff1690000046b
000000000000fac600000970fffffa68
0000000000001adc0000014600000540
000000000000eeaeffffffa9fffffe05
000000000000df5800000cd3000005ea
0000000000000515fffffb69000004d9
000000000000f841000000bbfffff828
000000000000f5c400000275ffffff5d
000000000000f0820000080b000005e3
0000000000000acafffffde7fffffd07
000000000000e3dcfffffc43fffff1d6
000000000000f0d600000c2b000005cd
000000000000dde0fffffe0d00000e42
000000000000f4c20000037cffffff98
0000000000000932fffff91500001292
000000000000f1ba00000e66fffffe68
0000000000000868ffffedff000011aa
000000000000f28500000281fffff470
000000000000e4cb00000498fffff544
000000000000027d000011d7fffff982
00000000000007f30000075bfffff51b
0000000000001655000001a2ffffec6f
0000000000000666fffffca900000a17
000000000000ef6100000b32fffff28e
0000000000000c77fffff41bffffff78
000000000000d51500000002000004fc
0000000000002b98fffffd12fffffa27
000000000000fa0afffff5fbfffffef6
000000000000f219fffff5dd000001ed
0000000000001dd600000274fffffde8
000000000000f6d70000019400000e09
000000000000028bfffff84b00000ab7
0000000000000d2cfffffdc4fffff6c5
000000000000e524fffff2d80000099b
00000000000016d5fffffcecffffebe1
000000000000de32fffffa5afffff7af
0000000000001d78fffffcb5ffffff56
0000000000000b000000083dfffffc4c
000000000000ec3efffffc29fffffddb
000000000000dd32fffff847fffff1a9
000000000000043100000dd9fffff04d
000000000000120c00000806000000eb
0000000000000f81fffff527fffffaa6
000000000000deeefffff9fffffffb2d
000000000000ed07fffffc63fffff6f8
00000000000016f2fffffd5300000cf3
000000000000f95dffffffbb000007ea
000000000000e650fffff98afffff1b9
000000000000d6bd00000ad500000bd8
000000000000fc87000002b5fffff402
0000000000000df8fffff49300000802
0000000000001a5e00000098fffff350
000000000000f583fffffc08fffffc87
000000000000196cfffffe2000000cdd
000000000000f96300000409fffffae6
0000000000000fbcfffffc87fffff80b
0000000000001adffffffedbfffff4f7
000000000000da05fffffdab00001346
000000000000203800000540ffffffc2
00000000000007040000043100000095
00000000000026d3000007cafffffa79
000000000000e15d00000126fffff16a
000000000000e5d9fffff798ffffffca
000000000000077ffffff78c000001c8
000000000000f4a30000050d00000183
000000000000df1afffffd810000007e
000000000000033efffffd0dfffffde5
000000000000e29400000456ffffeddb
000000000000167e00000fa5fffffe59
000000000000f15d0000092b0000015e
0000000000000c7b000009aefffffce8
000000000000040f0000055bffffed78
000000000000e9f7fffff637fffff3d4
00000000000019c3fffffe0cfffff95b
000000000000fc6c0000020efffff693
000000000000facefffffd7600000227
000000000000dc87fffff533fffff427
000000000000f1f400000c4effffffe3
0000000000001446fffffd67000008ca
000000000000ee6efffffe5e000005d3
00000000000006acfffff5fb00000555
000000000000fba2ffffee4f000001c8
000000000000f20cfffff19d0000012a
00000000000002af00000122fffff604
00000000000012b00000045bfffff6ae
000000000000ebb6fffff94b000004ef
000000000000f6a3ffffff9ffffffebf
000000000000f410fffffe8e00000ac9
0000000000000c230000011f00000312
00000000000004560000003a000003d2
0000000000000857fffffaef00000826
000000000000e111fffffb7d00000ad1
00000000000008cdfffff4b9000000c2
00000000000001d800000077fffff5d6
00000000000029260000028600000523
000000000000e8f300000179fffffed4
000000000000f35dfffffc8b0000041f
000000000000229b000000c2000005ce
0000000000000decffffff37fffffe49
000000000000005300000da0ffffeed3
000000000000d27d00000754fffffac5
000000000000141bfffffb1d00000bfb
000000000000171200000917fffff93b
000000000000e98000000cfd000009f7
000000000000fdd2fffffa0c000000ba
000000000000f21bffffffe000000b49
0000000000000abffffff768fffff2b5
00000000000007a7fffff18bfffffd66
0000000000001fe5fffffcdafffff324
000000000000f930fffffabdfffff726
0000000000000f8afffffae1000002d1
0000000000002039fffffd55000001f2
000000000000f60f000009f8ffffec45
0000000000002b3cfffffe44fffffe74
000000000000f82700001193fffffa57
00000000000000b8fffff6a800000f24
0000000000000686fffff55c000015d4
000000000000c6f20000041cfffff209
0000000000001547fffff78dfffff8eb
00000000000012860000053a000007f0
0000000000000e82fffff81bfffff616
000000000000da780000039ffffff285
000000000000128700000188ffffef3f
000000000000ed800000148b0000061d
000000000000297f00000434fffff80b
0000000000000af5000006d6fffff95a
000000000000d23a000004e500000ffa
000000000000d00ffffff97900000c61
00000000000015f2fffffd3500000d26
000000000000e0850000066500000585
0000000000001a43000003d500000816
0000000000000707fffffa2b00001010
00000000000005b30000003cffffe4dd
000000000000183ffffff5d300000b66
000000000000077bfffff3fc0000031c
000000000000290300000187fffff847
000000000000ff2a000007b0fffff3d9
00000000000031f9fffff533000003f5
00000000000025c6fffff53bfffffdd3
0000000000000df2000003e2000003a2
000000000000199afffff44200001830
000000000000f360000002b1000002e2
000000000000f5a1fffffb75000001c8
000000000000ee98fffffb5b00001188
000000000000029b000008aafffff630
000000000000ee54fffff711fffff5e0
000000000000fe24fffffb92000000a9
000000000000149efffff006000003e9
000000000000fcd2fffff2a0fffff9c6
00000000000012aa00000136000002cb
000000000000d69cfffff4ed00000831
0000000000000dac00000736fffffd92
00000000000003a9fffffea4fffffc91
000000000000ed8f00000efafffffc1c
0000000000000f980000007c00000b86
0000000000000af9000004efffffff3a
000000000000ded3fffffd9affffffd1
000000000000f7ecfffff834fffff990
0000000000000ec2fffffa7dffffec00
00000000000034b3ffffe9a8fffffd9a
00000000000011a600000828fffff26d
000000000000e3ea000008ddfffff28b
000000000000f8b3ffffe5b80000032e
00000000000045c5fffff7aa0000050d
00000000000008490000060cfffff882
000000000000edeefffff135fffff3ed
0000000000000930fffffe6dfffffb0b
000000000000f94800000617fffff6d0
000000000000f9eb00000d5000000480
000000000000fcea00000acc0000005d
000000000000e07d00000f7e00000799
00000000000001e500000d74fffff8b9
0000000000000eb10000028bfffff421
00000000000042ec0000005a00000049
000000000000deb700001b66fffff72d
000000000000038500000990000004bb
000000000000f405fffffcebffffedd1
000000000000e3b8fffffb82fffff713
0000000000000860fffffcd1000006e6
0000000000001e10ffffff21fffffa8d
000000000000e1e900000610ffffeeac
00000000000002b000000022000000aa
0000000000000db00000024400000688
000000000000f04c000002b200000d22
00000000000021cbfffff4be000000ce
00000000000011ebfffffd5200000aaa
000000000000fa0fffffef0bfffff932
0000000000000c1dffffffbc000018dd
00000000000021f80000002e000000e0
000000000000ec22000003adfffff81b
000000000000186cfffffd3200000c3a
000000000000fb6900000061fffff808
0000000000000f75fffff2a000000074
000000000000e691fffffcf0fffff4a3
000000000000236c00000098fffffbc0
000000000000f4d700000ec700000102
000000000000f461fffffddc000003c7
000000000000f7160000072b000008f0
000000000000eac20000023ffffffbd2
000000000000ec570000007c00001147
0000000000001800fffff01cfffff146
000000000000132a0000072200001145
000000000000ee0d00000231fffff990
000000000000168f000014b800000c5e
000000000000ed76fffffc1ffffffbe7
0000000000000a6900000292000009f1
000000000000fb3affffffc4000004d6
0000000000001616000002b2fffffe36
0000000000000b5000000d5f000005ff
000000000000ec9c00000f64fffffcd3
00000000000011cb000005bb00000266
0000000000000ee9000007dc000002f2
00000000000015befffffb29fffffe0e
0000000000000333000007d9fffffdf0
000000000000f842000000dc0000002d
00000000000023b0fffff2c300001131
00000000000014f10000031ffffff876
000000000000ee5400000d2bfffff3ef
0000000000001ca500000b80fffff0a1
000000000000f57100000201fffff88f
0000000000000a74000014d6fffffd5e
000000000000271100000b1700001003
000000000000041b000008f800000c50
00000000000017c7fffff96d000008ed
0000000000000c7900000086ffffedda
000000000000f98cfffff3a2ffffff74
000000000000fc72fffff5cc0000065c
00000000000006030000054b000004be
000000000000fcaefffff8140000128f
0000000000001126fffffe36fffff795
000000000000f437fffff1ad000005e5
000000000000f40400001526000006e0
00000000000002fe00000ed7fffffbd3
000000000000cbe3fffffa2efffffe36
000000000000bc7efffff6b70000184d
000000000000f056fffffb76fffffb82
000000000000214cfffff6dd00000de8
00000000000002c4000003f400000230
000000000000069400000506fffffcb4
00000000000010ea00000509000003fa
0000000000001200ffffffdb000005cf
000000000000d8b700000705000000be
000000000000efb400000c2e0000014c
000000000000143000000550000000dc
0000000000000746fffff6cd000004ce
000000000000f1d700000dec00001093
000000000000f6fafffffb7100000815
00000000000017dfffffffeb00000637
000000000000f452fffffa97fffffbe6
000000000000d5f4fffffc7e000007ce
000000000000fa92fffffcf0fffff9c1
0000000000001106fffffa78fffff8b3
000000000000efaffffff3a000000046
00000000000023a8000003a5fffff3aa
000000000000fc99000004750000090c
0000000000000c63fffff648fffff783
000000000000ee4800000021fffff990
0000000000000511fffffe8200000e99
000000000000ee450000052b00000123
000000000000062efffffa9500000292
000000000000e515fffffd02fffffcd2
000000000000f5c7000001a5ffffffd8
000000000000eb7b00000561fffffb0e
000000000000125dffffef9600000c02
00000000000028ef000000a1fffff76b
000000000000f27c00000ad6000010c0
000000000000021d000003ecffffffee
000000000000fe1700000c8cffffe789
000000000000dd440000049200000323
000000000000158effffffc0000000e3
000000000000d989fffffbb5fffff78f
000000000000e284fffff485fffff6ee
000000000000c573fffff82800000ccf
000000000000f7bafffff193fffffd99
0000000000000952fffff9d9fffffd4c
000000000000e670fffffa90fffffb5d
0000000000000910fffff9e400000ac9
000000000000d685fffffcc400000942
000000000000dc09fffff19b000011ba
00000000000020c70000000f00000174
000000000000fefbfffff3eeffffff79
000000000000f2d5ffffedfffffff1a8
00000000000029dfffffe8eb0000097a
000000000000279e0000032600000655
000000000000f3e9fffffa6f00000323
000000000000b592fffffd7f00000156
000000000000e6780000045afffff6f0
00000000000007edfffff096fffffc0f
000000000000deeefffffa32000005e0
0000000000000df9000006c600001080
000000000000f117fffff2b5fffffa58
000000000000df54fffffffdfffffaf9
000000000000f95ffffffded00000b5e
0000000000000ba80000131fffffefb2
000000000000f28a0000054cffffff02
000000000000043c0000012afffff566
000000000000e49bfffffc62000001ad
0000000000002876000004920000045b
0000000000000414fffffb7400000643
0000000000001c56ffffff8affffff75
000000000000f26600000793fffff561
000000000000cf4b0000084dfffff1d3
0000000000000faefffffb55ffffffe6
000000000000e33ffffffe41ffffff2e
000000000000e0b5000001fffffffc70
0000000000000f9900000da000000680
0000000000001ba300000d03fffffc14
000000000000fa7cfffff6690000152a
000000000000cadd000004d6fffffc52
000000000000f5e600000a75fffff601
00000000000006d7fffff269ffffff5a
000000000000fa43fffff890fffff5e1
0000000000001ad000000aa200000617
000000000000fb760000051a00001ab0
000000000000e855ffffffcffffffde7
000000000000f6d00000074e00000328
0000000000001040ffffff4bfffffb89
000000000000fc09fffffee1fffff958
0000000000000c49fffffe680000097d
000000000000feacfffff776000009a0
0000000000001efa000001a0fffffe86
000000000000ee2efffffafefffff28f
0000000000000b5a00000a1d00000c52
00000000000000cefffff764ffffff9e
0000000000003db800000c5afffff1ce
000000000000dbf7fffff7f0fffffe11
000000000000f7f5000007bb000003af
000000000000e85a0000054e00000aa6
000000000000f553fffffd440000170c
00000000000006f8fffffdebfffffdde
000000000000e18effffef2f00000029
00000000000016fbffffff9dfffff9bf
000000000000f3f300000bea0000099d
000000000000fffdfffff64d00000b06
0000000000000871fffff766000003f6
0000000000002637fffffcd4fffffc9b
0000000000001afa000008e300000019
0000000000000869000000ed00000a64
000000000000edfb00000805000001c0
000000000000eab000001b14fffff983
000000000000d43efffffa51fffff89d
000000000000f8d9fffffcf9fffff736
000000000000f69dfffff810ffffeaa7
000000000000f033000001c1000003bf
000000000000fbd8fffffbb1fffff9ad
0000000000001576ffffeaf7fffffb74
000000000000fc2c000006bcfffff8f3
0000000000000f16000007fcfffffd13
0000000000000d720000091400001467
0000000000001f54000003a8fffffe3f
0000000000000c28000007a2ffffed8d
0000000000000e1900000309fffffd3c
00000000000000d60000077500000b5e
000000000000f434000003ab00000beb
0000000000002420000007d9fffffde9
000000000000f3a200000a36fffffc29
0000000000002e5d000001d2fffffb6c
000000000000efab00000a07000007c1
000000000000e624000005bc0000080b
000000000000e8e4fffff9dc00000f7c
000000000000f7c6000007d500000cfa
0000000000002703fffffb99ffffe97a
000000000000ebd1000008cefffff3d4
00000000000002fcffffee1a00000162
000000000000da52000000b1fffffc37
0000000000001faefffffa0dfffff498
00000000000015fd00000afbfffffaa9
000000000000e050fffff7fc00000561
0000000000001e16fffff42900000264
000000000000e271fffff5b4fffff807
0000000000000f4900000ad5000009e9
00000000000008b6fffff7aafffffbf4
000000000000ea89fffff9ee000018be
000000000000e5c0fffffc15fffff89a
000000000000e27dfffffc0d0000100c
000000000000fb8a00000371fffff516
000000000000e7fffffffa2cfffffc49
000000000000ee530000067bfffffddc
000000000000eecdfffff7abfffffb94
000000000000ff030000063f00000fe4
000000000000f36d0000012400000ac9
00000000000007a7ffffeccbffffff04
000000000000fe580000125bfffff169
0000000000001968fffff8f9fffffd5e
0000000000000f640000034700000aa4
0000000000001228fffffcb9000004f1
000000000000f378fffff9340000094e
00000000000018000000082bfffff9ee
000000000000dd66000007b4ffffff8c
00000000000009f3fffff6b3ffffff96
000000000000e1a6fffff91affffee2c
000000000000ff83ffffef4b000006f0
000000000000065600000a1000000282
000000000000f2f1ffffff90fffff1e0
0000000000000653fffff87300000655
000000000000f86a000008d400000316
000000000000f8fdfffffea9fffff34f
00000000000001fdfffffdc3fffffa40
000000000000de370000116900000e4d
000000000000f58ffffffb16000001ef
00000000000005c7fffffe70fffff5fa
000000000000cdccfffffbd10000016e
0000000000000e2bfffff4eefffff060
000000000000f6bb0000119300000a1f
000000000000081dfffffdd7fffff8ed
000000000000fe72ffffef1afffffdd2
000000000000ee4400000ec4000000c3
000000000000f1f600000104000004aa
0000000000000060000001a0000007c3
0000000000000dc8ffffff92ffffed21
000000000000f4afffffff6400000499
000000000000048800000655ffffffe7
000000000000d88b00000edafffffccc
00000000000016abfffffbca00000c57
000000000000f5e8000003fafffff9da
00000000000004aa0000049afffff823
0000000000001916fffff49300000da0
000000000000dcf4fffffa94fffffebf
000000000000d7c0fffffd6a0000000c
000000000000cdeffffffbe4fffffb40
0000000000000334000000a4000007b8
000000000000fd7dfffff55500000578
0000000000000eaa00000876fffff9c8
0000000000000629000002c8ffffed51
000000000000079efffffe23fffffab1
000000000000f66c00000ffefffff3fa
000000000000f869fffffc91fffff386
0000000000000fdc00000053fffff08b
000000000000faf900000597000000df
000000000000f73c0000050bfffffb4e
0000000000000cae00000c94ffffea5c
000000000000032d000006c8fffff8e6
000000000000ff330000059c000007dd
000000000000d31f00001180fffff101
000000000000fb4200000232fffffb81
000000000000296cffffff3b00000541
00000000000005c4ffffff2c000002d5
000000000000fb67ffffff41ffffea7d
0000000000000988fffffa3cfffffbc6
000000000000f6ecfffffa620000016e
000000000000ef7bfffffcca000005f9
000000000000ca1bffffe6980000099c
000000000000f842000005d4000007b3
000000000000144b000007a300000192
000000000000fa34fffffc5efffffd2b
0000000000002720fffffc47fffffd9a
000000000000fcf300000bcc000008f8
000000000000e2520000032bfffff6fd
000000000000eb33000015ad00000f4b
0000000000000f6000000812000004f5
000000000000f25afffff359fffff3d3
000000000000144dfffff7feffffeafb
000000000000ee4dfffffd70fffffd2c
0000000000000491fffff214fffff270
000000000000ec83fffffc1bfffffccb
000000000000f66ffffff054fffff8d9
000000000000fb9c0000110c00000897
00000000000009b7fffffe01fffffa80
0000000000001145fffffeafffffee7f
000000000000f73900000457fffffce1
000000000000fd11000005d6fffff2ee
000000000000dfec00000165fffffa19
000000000000fe13fffff71100000641
00000000000017eeffffe893fffff973
0000000000000f6000000a85fffffecc
00000000000017ca00000014fffffa46
000000000000155efffffc6700000422
000000000000fd7e00001066000004bf
000000000000d7dc000006a5fffff8b9
00000000000016d50000032cfffff823
000000000000fbaafffff09f0000011a
000000000000ca9100000d3e0000004d
0000000000001cdffffffe41fffffc00
0000000000000349fffff4a2fffff1d1
000000000000e8ddffffe9fe000006af
000000000000015dfffffd520000106e
0000000000000d41ffffffe2fffffca6
0000000000000266fffff3eb000007b0
000000000000f415fffff4c6fffff2c8
000000000000dff80000010bfffffb07
000000000000ddfe0000037300001218
0000000000001b5000000de3fffff9ae
000000000000e47bffffff42fffffbd7
000000000000044b00000668000006e0
0000000000003743fffff6b900001369
000000000000e575fffffb2300000416
000000000000e4c100000865fffff6db
000000000000eef2fffffd4e00000d53
000000000000d68efffff97c00000bcf
0000000000001b070000026f00000214
000000000000f983fffffe8e000008e9
000000000000ff24fffffc7cffffee90
000000000000f6240000062efffffb01
000000000000e0b9fffffde900000bb8
0000000000001345fffff9dbfffffd94
000000000000d877fffff7e0fffff62e
0000000000001b1400000ccd00000300
000000000000fa45fffffd2700000936
00000000000023f3fffffaaa0000070f
000000000000fdc6000001f7000017f8
00000000000002b0ffffffb3fffff331
000000000000ff92fffffbc9fffffc4e
000000000000e4ae000003dafffff26d
000000000000d5e9fffffecb0000054f
000000000000092dffffef2900000777
0000000000000e0e00000e6bfffff477
000000000000ea38000014af00000095
000000000000dbb100000779fffffb1a
000000000000cd2d000001d400000bc5
000000000000ccf2fffffd24fffffbf1
0000000000001652fffff90bfffffc35
00000000000003830000165200000764
000000000000179200000104ffffedf4
0000000000000a89fffffe3f00000053
0000000000000e05fffffe5d000004cb
0000000000002250fffff004000013cd
000000000000f525fffffc9900000165
000000000000ec32fffffec200000453
000000000000f646000002bffffff8f8
000000000000f9d2fffff397fffffc33
00000000000028bbfffffe13fffffa42
000000000000fd60000003aafffff942
0000000000000e14fffffc66fffffd2f
000000000000f3c3000005b6fffff7f7
0000000000000ce7fffffabf00000f4d
000000000000d16efffff90900000210
00000000000001340000099cfffffd16
000000000000df9ffffff21d0000081f
00000000000001c4fffffacb000001cc
000000000000e7b5000008ebfffff8ad
0000000000000d600000040200000629
000000000000eb83fffffad0fffffe11
00000000000010fafffffa0e000000dd
000000000000e87c00000134fffff0ec
000000000000e7d3fffff20b000012cf
000000000000012700000d10ffffec2e
000000000000f217fffff117ffffef94
000000000000136bfffff452fffff61c
0000000000002058ffffefb1fffff628
000000000000012dfffff9eb00001349
00000000000009fbfffffe32fffffbf7
00000000000010defffff86a00000543
000000000000eb90000003beffffffd0
000000000000031e000000ca00000d49
000000000000f10800000275fffff9f0
000000000000ed55fffff52900000183
000000000000022a0000148400000c7b
000000000000eb48000001dcfffffb9b
0000000000002d4c00000afefffffdd1
0000000000001553000006c5000005d5
0000000000001cfd00000016fffff76d
000000000000158e00000125000009b0
000000000000d6cd00000256fffff9ed
000000000000021afffff82f000009b8
000000000000e01cfffffdff000006f0
000000000000232effffff65fffffbac
000000000000ddeffffffb2fffffffb8
00000000000024cb00000ca7ffffff7f
000000000000ead4fffffc1dfffff892
000000000000e85cfffffcdaffffeca2
0000000000001595000005db000008f6
000000000000e99900000af0ffffff3d
000000000000e86d00000b95fffff6a4
0000000000000605fffff39100000e30
000000000000fc0e00000d0700000010
0000000000002342fffff1b500000127
00000000000003f0fffff7ad00000e84
000000000000f58700000c2b000011a6
0000000000000930ffffecb0fffff85c
00000000000028effffffb4bfffff7a0
00000000000008aa000000f8fffffbaa
000000000000facc000013b2000004f4
0000000000000cb00000070500000ac2
000000000000e8b0fffff253ffffef32
00000000000006d4fffff7fe00000aa7
000000000000e28c000017c0fffffff7
00000000000022dbfffffe3cfffffdcb
0000000000002453000003e9fffffca5
00000000000023d1fffffd670000030e
000000000000ebec0000129cfffff5c2
0000000000001b7300000398fffff4b3
00000000000003680000097f000005c5
000000000000077efffff50dfffffa42
0000000000001fbaffffef3dfffff9c2
00000000000015bb0000050afffff246
0000000000002531000005b8fffffe3f
000000000000e9affffff0d2fffffbf1
0000000000001948ffffea8000000efd
00000000000019b1fffff7dffffff7fd
000000000000f40a00000e3efffff876
000000000000e51b000003d6fffff5a5
00000000000009e700000b85000008ff
000000000000038700001815000004c8
000000000000f4e7fffff1f4fffff6ad
000000000000d206000000d1fffffc2c
0000000000000815fffffd5ffffff68c
0000000000000973000004dfffffff32
000000000000e962fffff8f6fffff382
000000000000f3cb0000059afffffa99
000000000000ee81fffff3af0000083a
0000000000001abc00000299fffffd40
000000000000cf30000008a600000827
000000000000e73dfffff2bd00000711
000000000000f4affffff5590000084e
0000000000001b22fffff9b0fffffb2f
000000000000f62effffeeff00000695
000000000000f2650000037500000eea
000000000000018bffffee680000077a
00000000000004dffffffff900000050
000000000000db94fffffd0dfffffa70
000000000000f543fffffa42fffff86b
0000000000004006fffff7b4ffffff00
000000000000ea2300000594000002a3
000000000000f7a5ffffff1b00000514
0000000000000d64000015d800000878
000000000000f3ee0000037600000934
000000000000fc3bfffff82cfffff7ac
00000000000019bffffff974fffff040
000000000000009ffffff82f0000089e
0000000000000a00fffffab6000003d7
000000000000051cfffff70e00001023
000000000000017dffffff2cfffff4ca
000000000000e9db000004fffffffe18
000000000000e389fffffced0000002c
000000000000ef5bfffffc2700000167
000000000000e3e60000094bfffffc59
0000000000000e55fffff669fffffc9a
000000000000e84ffffffe3afffffe98
000000000000efc3fffffe4d0000005f
00000000000000f400000316fffffce3
000000000000d579fffff19100000b08
000000000000eab00000047e000008da
000000000000093cfffffdc60000003e
000000000000e67700000a72ffffe9ed
0000000000000427fffff9ddfffffd6f
000000000000efc5fffff8b0fffff6ee
000000000000033e000003e700000493
000000000000f97f000004ad00000b98
00000000000006fd0000096900001180
0000000000002062fffff615fffffd42
000000000000149efffffa24fffff913
000000000000dacf000012d7000008c1
0000000000000370000000e70000019f
000000000000ea3afffff5f1fffff396
000000000000db49fffff74600000606
0000000000001ee700000769fffff3bf
000000000000129d000004a4fffffe0e
0000000000002361fffffd8bfffff1e2
000000000000f2bbfffff7fdffffeff5
0000000000001333fffff64b000001a4
00000000000006730000092efffffeb1
000000000000047bfffff71900001c66
0000000000000027ffffff07fffffd09
000000000000ed6a0000070b00000db0
000000000000eea20000035cfffff337
000000000000f818fffff766fffffde1
000000000000fe95000004e7000007e0
000000000000e774fffff8c70000000b
000000000000f70f00001b95ffffe698
00000000000032730000069e000003af
000000000000e7e4fffffb57fffffe78
000000000000ee76000009bcfffffaa9
000000000000e78e000006d9fffffa79
0000000000001bddfffffbb2fffffc12
000000000000c662fffff83ffffffdac
0000000000000ba50000011500000a8f
000000000000005200000c4bfffff079
000000000000e98cfffff92100000945
000000000000fead00000567fffffbd5
00000000000001fdffffec9d0000000a
000000000000135c0000027bfffff289
000000000000fb9700000787ffffefd8
00000000000016a0fffffdc000000f29
000000000000e5e5ffffeb6dffffff2e
000000000000000efffff3bcfffffd5c
0000000000000caaffffefe4000009de
000000000000f07affffec1900000046
000000000000036cfffff594fffff49a
000000000000091700000737fffffea4
000000000000deab00000d34fffff982
0000000000001db1fffffc5900000231
000000000000e9e0000006ff00000635
000000000000d3e5fffffb26fffff6fa
000000000000e8c3fffffdd8fffff506
000000000000fcf3fffffe75000003e7
000000000000138600000ccf0000048f
000000000000e24bfffff431000000fa
00000000000005cffffffda5000008b3
0000000000002c4afffff457fffffb1a
00000000000017acfffff2c0fffff902
000000000000e7defffff6b700000b59
00000000000015e800000604fffff90a
000000000000f98afffffedf000010b2
00000000000036df000004fe00000a22
0000000000001546fffff8d3000013b6
000000000000075c00000c05fffff901
00000000000005f7fffff92800000748
00000000000000a8fffff133fffffebd
000000000000ed41fffff1cd00000481
000000000000fab3fffff22300000058
000000000000162f000001d6fffff532
000000000000356b00000b44ffffff5a
0000000000000bc5fffff741fffffbc8
000000000000073a0000010b00000de9
00000000000038b1fffffd56fffff685
00000000000003c3ffffff5300000278
0000000000002249ffffff4a00000855
00000000000019ccfffffe38000008f4
000000000000f19cffffeff2fffff06f
000000000000fd430000040bfffffd1e
00000000000017defffffcf0fffff68e
000000000000eae90000023800000377
0000000000002e3afffff5480000147c
000000000000eb9e0000140afffff705
000000000000f3ac00000e08fffff90f
000000000000f75afffffee60000064b
0000000000002a14fffffa310000070b
000000000000e7a2fffff75e00000992
000000000000e481fffffeecfffffd82
000000000000e3b900000523fffffd85
00000000000005a1fffffad10000036a
00000000000023cf0000044200000ad1
000000000000f4c5000000a9fffff5a0
0000000000000be0fffff9c7fffffc94
000000000000db69fffff7db00000463
000000000000e9790000031afffff553
000000000000231400000612fffffd5f
000000000000157e00001056ffffef33
000000000000e2a30000026700000d3e
000000000000f424fffff86f000000e1
0000000000001e29fffff38c000004ff
000000000000043400000635fffff036
000000000000ec6300000441fffffaea
000000000000e4abfffff6e1fffffd5d
000000000000dad4fffffbb9fffff5d5
000000000000f719fffffc220000041e
000000000000de6e00000ddd000011ab
0000000000000132000006f4fffffff6
000000000000100a00000b82fffffd65
00000000000010b1ffffff680000045e
000000000000f220fffffead00000314
0000000000000432000003ff00000355
000000000000e7cbfffff1bf000012aa
0000000000001ef80000038f0000083b
000000000000ecce000002a700000802
0000000000000b06fffff3e7fffff8e3
000000000000f22800000b1afffff8d3
00000000000003de0000064f00000c55
0000000000000140fffff5e0fffff24c
000000000000dafffffff473fffff45e
000000000000f16000000023fffffccb
000000000000e0bbffffe4dffffff7d7
000000000000eb29fffffeb2fffff228
000000000000ed97fffff7e6fffffe6e
0000000000001f0c000000d3ffffee34
000000000000e9cffffff7fc000006cf
00000000000020bcfffff725000008e5
000000000000f14200000882ffffed0d
000000000000dba400000913ffffff8a
000000000000f8df000012baffffffd0
000000000000fddffffff9d100000262
000000000000dc50fffff9fc0000044f
000000000000ec84fffff96f000001e4
000000000000fbc3000006b7fffffbce
000000000000ff3e00000bcc00000352
0000000000000bb5000008b000000cf6
0000000000002401ffffe7e7ffffff94
000000000000087b0000076900000433
000000000000f4e5fffffe26fffff4ce
000000000000d257fffffb88fffffb90
0000000000002105000009d20000032a
000000000000f971fffffa45fffff7a8
000000000000d2e000000014fffff895
000000000000f094fffffe85fffffccb
00000000000019a1fffff8ac00001231
0000000000001ad2000015edfffffb8a
000000000000f997fffff5dc0000094e
000000000000f5fc00000b15fffff92f
000000000000fed400000cb4ffffefdb
000000000000fc60fffffa8300000b6b
000000000000f791fffffd17fffff6b7
0000000000000abdffffff5ffffff572
000000000000096f00000863000004ff
0000000000003be1fffff823fffff772
000000000000eee0ffffedf4fffff8d5
000000000000fc02fffff889fffff5ed
0000000000000f0e0000003600000fb5
0000000000002aacffffeceeffffee8e
000000000000ff6afffff948fffffcde
000000000000ec9600000857000005f9
00000000000013dbfffffe810000047a
0000000000001fba00000fbcfffffd45
0000000000000b22000005a0fffffd38
000000000000ecf5fffff8a400000913
000000000000f41bfffff7f1fffff883
000000000000e8affffffb8b0000066c
00000000000004a300001043000016d5
000000000000f3a40000062e00001865
0000000000001dd1fffffd0100000070
000000000000006effffff910000068e
000000000000fc37000004490000013a
000000000000e21efffff4b0fffffbc7
000000000000b06f00000430fffff780
000000000000e3e000000cdbfffff335
00000000000014f2fffffc45fffff98a
000000000000e82e00000014fffff20a
00000000000022a4fffffbd1fffff6d9
000000000000fed3fffffcebfffff885
00000000000022defffff79200000468
0000000000000ab5ffffed8500001037
0000000000001d08fffff3110000061b
000000000000fe6a000000cd00000696
000000000000d94600000dcbfffffa16
0000000000000256fffffde1ffffeead
0000000000000a53000001f0ffffebc8
000000000000e73900000474fffff6e7
000000000000e7b200000fe1fffff2a1
000000000000f47d00000142000002f6
000000000000fc8c0000097700000e74
00000000000016d7000005d30000035e
000000000000cacdfffffdfffffff2bd
000000000000f9bafffffb4a00000b42
0000000000000666fffffea4ffffecb2
000000000000197e0000026afffffe63
000000000000e825fffffd5cffffff73
000000000000089b0000199300000935
000000000000efc3fffffe7dfffff41a
0000000000000913fffffded0000022e
0000000000000c8efffffee5fffffc7e
000000000000d9af0000015d000003a6
000000000000c20300000dfd000003d2
000000000000d8350000096800000649
0000000000001293000007420000002e
0000000000000cd6fffffcfe00000914
000000000000f20a00000ccbfffff424
000000000000144f00000721000013d9
000000000000e684fffffa0100000220
000000000000f799000006ab00000281
000000000000f457000009b000000d13
000000000000f8410000044b000006d2
000000000000e27f0000016a00000bbc
0000000000001607fffffdc8fffffe81
0000000000000ac3fffffab8ffffff2c
000000000000ca8d00000017000008ff
0000000000002102fffff996fffff5b7
00000000000009ac000001bcfffff55d
0000000000004c0800000e76fffff57b
000000000000081efffffa7700000659
000000000000e824fffff237fffff258
00000000000000c30000009efffffae5
000000000000fa8000000c180000068b
000000000000000a00000e6400000bbc
000000000000e505fffffaa000000d50
0000000000001261ffffff9400000236
0000000000000a0b0000080600000a70
0000000000001249000002a6fffffbc0
000000000000035cfffffd7c000019a2
0000000000000414ffffead100000645
000000000000faecfffffeb600000e01
00000000000005e3ffffffeb00000aa4
000000000000122dfffff98e00000912
0000000000000869ffffff2c0000072e
000000000000155300000d15fffff2fb
0000000000001c2300000938000003c6
0000000000000779fffff8bcfffffdaf
0000000000001067ffffffe3fffffa13
0000000000001815fffffffdfffffdbd
0000000000001839fffffedd0000002f
00000000000010ebfffff88d00000f6a
000000000000f2ce00000617fffff335
00000000000011f4fffff95f0000062d
00000000000008d2fffff4bb000001a9
000000000000f5c4fffff80afffff8ff
000000000000f3e8fffff4c6ffffff0d
00000000000006bffffffb2800000b2f
000000000000195e00001651fffff787
0000000000000248fffff3a9fffffbfb
000000000000fa8affffebd70000088c
0000000000000673fffffaf6ffffe91a
0000000000002ef5ffffeda4fffff418
0000000000001ea100000c3d0000033c
000000000000fce4fffffd2200000156
00000000000007200000081900000407
000000000000ef38000005f800000a73
000000000000081d00000aa900000002
000000000000d47cfffffd3a00000613
000000000000ff5bfffff2cc00000610
00000000000012d6fffff82300000b16
00000000000020f3000005b1000004e1
0000000000002598fffffc0700000f3d
000000000000027b00000c48fffffaf4
000000000000fd1effffee7ffffff4f2
00000000000008170000089ffffff937
00000000000017a6fffffa18fffff1ec
000000000000eb090000037900000a0f
000000000000debdfffff349fffffcd4
000000000000d5eafffffa97fffffbed
000000000000f930000003d4fffffb2f
0000000000001e49fffffaa8000004f7
00000000000009b1fffffd37000000fe
0000000000002c0900001022fffff086
0000000000000a5d000000ef0000038e
000000000000e6e0fffff353000001e0
0000000000001777000001cffffffe49
0000000000002c30000014fc00000483
0000000000000102fffff76d000002ef
000000000000133afffff5bd0000041a
0000000000001d85fffff3da00000852
0000000000001c73ffffebdeffffe862
000000000000fc2b0000037efffffe9b
000000000000ff8c00000b7800000fab
00000000000019030000069600000094
000000000000fef5fffffad4fffff612
000000000000de8000000207fffff8aa
000000000000c8120000009d00000c40
000000000000072affffff99000000e3
000000000000dd48000000bffffff4fb
0000000000001586fffffa6a0000043b
00000000000051c80000094ffffffbf0
000000000000f0a30000073ffffffce8
000000000000c1f800000fc800000bc6
000000000000ebf0ffffff16fffffc02
00000000000010d40000009900000856
0000000000000395000001cbfffffd80
0000000000000b2afffff5bdfffffd16
000000000000f1f0000002e0ffffe877
000000000000ea1cfffff57800000eec
000000000000095100000863000001f6
000000000000390ffffffc5900000868
0000000000001214000005aa00000124
0000000000002422fffff913000006d8
00000000000001f200000f59fffffb5e
0000000000001049fffff865fffffc3d
000000000000e5320000109d000001fb
000000000000f216ffffe56600001185
000000000000e758000008a2ffffffa1
000000000000f7f100000678fffffcfa
000000000000fba9ffffed1ffffffbb2
000000000000240dffffff80fffffba0
000000000000d5f3fffff780000004bf
000000000000089800000b180000126c
0000000000000d0cfffff907000003c1
000000000000f74400000888fffff729
000000000000fcab000001af00000d10
0000000000000883000008030000115e
0000000000002051fffff5bc00000ad6
000000000000c1fa000003fb00000a78
0000000000000c3900000920000004b8
0000000000001c78fffffb3fffffefd1
000000000000ecdffffff94d000009c2
000000000000229e0000039efffff865
000000000000f1a1ffffee960000085a
000000000000f21b0000036400000b56
000000000000f72bfffff9eafffffd27
000000000000286e00000681fffff760
0000000000001905fffff765fffffa4f
000000000000041f000003bbffffe78a
000000000000264600001033fffff94c
000000000000d9fbfffff76bfffff514
000000000000fe8000000820fffff76d
000000000000bd73fffff92afffffb3c
000000000000194fffffff61fffff1f0
00000000000005d300000113fffff4a1
0000000000000fafffffef61fffffa72
000000000000f03b0000028800000a71
000000000000f6a3fffffc7ffffffe4a
00000000000025bffffff10cfffff7d5
00000000000021b20000091cffffdfd3
0000000000000653fffff6aa00000765
000000000000156c00000ac10000021d
000000000000056ffffff54effffe916
0000000000002327fffff51700000934
000000000000ca50000001d40000072a
000000000000216ffffff7f8fffffe93
00000000000003c1000000ad0000094f
000000000000fd14fffff9a500001675
000000000000f7bffffff9680000082b
000000000000d86700000261000005cc
00000000000003f000000f7cfffffe8d
0000000000001dfa000002c900000fdc
0000000000002273fffffe44fffffa60
00000000000007cf000012a5000009d0
00000000000015860000057b0000000b
00000000000003db00000a0b00000b17
000000000000fc0f0000002dfffffd98
000000000000137dfffffbc7fffff799
000000000000d4fcffffebf7000005d6
0000000000002bc3000000480000063c
000000000000071b0000022bfffffc63
000000000000f69d0000101f00000653
000000000000eee1000000c6fffffc8c
00000000000023fffffffb6500000609
0000000000002e31fffff112fffff753
000000000000120e00000595000004b1
00000000000001f5000010cf000002ff
000000000000fa18fffff456000005d0
0000000000000ac0ffffff6500000c33
000000000000ee55000002f600000b44
000000000000065afffffaf1fffff4f4
000000000000fab20000094b00000a63
000000000000039300000778fffff598
000000000000f3d700000a62fffffbda
000000000000f9fe0000002b00000d76
000000000000efd1fffffa38fffff3d3
000000000000d891000018aa000007f4
000000000000f1c5ffffefd2fffffc8d
000000000000feda000002f7fffff6c0
0000000000000c7afffff593ffffff49
000000000000e5b500000797fffffae0
000000000000f82f00000f9b00000d4e
000000000000174afffffee700000762
00000000000003f9ffffffb900001280
0000000000000057000009d7fffff439
000000000000fcf7fffff43d00001161
00000000000002b0ffffffc9fffffe7e
00000000000008a4000002a30000052d
000000000000da2efffff2befffff3d0
000000000000fa74000006d6fffff9ef
000000000000f8ff00000c3bfffffe6f
000000000000185a000003d0fffff262
00000000000002ecfffffe1a00000024
0000000000000db0fffff6e800000fdd
000000000000fd12000005d200000855
0000000000000942000006a3fffffd69
0000000000002f8fffffff07fffff832
000000000000f51dfffff9d5fffff547
0000000000002285fffff349fffffd4d
0000000000000c1e0000007afffff644
00000000000007800000016e000003eb
000000000000f3cc00000094fffff444
000000000000e39bfffffc87fffff595
000000000000ec8ffffffc32000007a7
000000000000e84900000b23ffffff9f
000000000000ff6afffff5230000020d
0000000000003d4b00000fbb000001f7
0000000000002f19fffffa4dfffffe20
000000000000d4be000000e1000007af
000000000000f25e0000031dfffffdec
0000000000001b41fffff56e00000f39
000000000000e27600001163fffffc46
0000000000000a15fffffcb90000092e
00000000000012330000077cffffef40
0000000000001e01fffff879fffff9e3
00000000000022d200000138000009c3
000000000000045000000b0bfffff769
000000000000267b000003c4fffffaca
000000000000e445fffffcf0ffffffbf
000000000000f75200000d61ffffeeb4
000000000000f72b00000529000006e7
000000000000f25d000005bd0000103b
0000000000001737000007f900000c82
000000000000fa61fffff25e00000cc5
00000000000037b300000060000003fc
000000000000ffdd0000124e000000b2
00000000000015f0fffff4a0fffff755
000000000000d5edfffffda2fffff636
0000000000000665fffff6d300000f94
00000000000002e7ffffefbbffffe610
000000000000e1b6ffffec5300000450
000000000000f245000006b1fffff1de
000000000000fe120000093afffffe7e
000000000000231effffffa8fffff339
0000000000000f53000006db00000666
000000000000f5ec000001af0000018f
000000000000e40f0000078200000961
000000000000f280fffff437000005f4
000000000000022cfffffed40000058f
0000000000000f39000002c9fffff44c
0000000000001c33fffffb6900000a38
000000000000ff7bfffff74400000c33
000000000000eb80fffffdae00000355
00000000000006ac000018c9fffffb7a
000000000000027efffffc6bfffffa6d
000000000000f958fffff66d00000c5f
00000000000016c800000e1000000782
000000000000f21c0000067b000000c5
000000000000d126000003e50000029c
000000000000131300000281fffff9bb
000000000000f988fffff27efffff8da
000000000000065ffffffdfc000006ee
000000000000089f000008ac00001187
000000000000fe4cfffffa98fffff879
0000000000003a1000000486fffff2a7
0000000000000a840000009b000002db
000000000000068bfffff95bfffffc87
000000000000093d000005fcfffffdda
0000000000003912fffffc19fffffdeb
00000000000029f9fffffe97000004e7
0000000000001c23fffffaf200000d6d
000000000000efc4fffff02dfffffce5
00000000000011f2fffff3a0ffffff2c
000000000000d955ffffedddfffff2ec
000000000000f98ffffff6abfffff350
000000000000fc8600000c50fffffcb1
000000000000eddb00000f2afffff63c
00000000000032aa00000223000003d8
0000000000000927fffffa91fffffc1c
000000000000cddd000004ee00000af0
000000000000f4830000009bfffffda3
00000000000056f900000654000009c8
000000000000fb8ffffffffd000009e3
0000000000000f7c0000039500000160
000000000000d0e3fffff943fffff2db
000000000000272dffffefc500000712
0000000000000cc3000000520000103a
000000000000f2cbffffef15fffffd86
00000000000003fdfffffa390000027d
000000000000225600000503fffff7f4
000000000000d7ea0000050200000398
00000000000000eeffffecc7fffff640
0000000000000e32000000de00000541
000000000000fb9dfffff993000002e6
000000000000f6f9fffffc7000000c50
00000000000024ff00000301fffffc8a
0000000000001f8cfffffb9effffe373
000000000000059e0000034e0000099f
000000000000141cfffff8ea0000071c
000000000000142cfffffd2bfffff9f6
000000000000e4c4000001bffffffed6
000000000000fd4200001a5a00000508
0000000000001393fffffede00000eb6
000000000000f01900000839fffff79d
000000000000f853ffffeeaffffff477
00000000000017530000037efffff9b0
0000000000001392000001e0fffffe15
000000000000e7a500000685fffff96f
000000000000e994fffff7a10000013b
0000000000000156fffffb1afffff615
00000000000003fcfffffa49fffff6d8
000000000000077ffffff65500000da2
000000000000f20efffffb97fffffe26
0000000000001aa4fffffae6fffffd95
000000000000fc7f00000043fffff18d
000000000000eeb1ffffffce0000013d
000000000000e9c80000034ffffff98b
000000000000fcc200001045000002e6
0000000000000274000003d30000047e
0000000000000c640000013a000011b3
000000000000365fffffe6f5fffffbf4
0000000000000694fffff7adfffffcc3
00000000000021b0fffff7affffff4cb
000000000000f2290000074c000000f5
00000000000016a9fffffccbfffffff1
000000000000dae9fffffe03fffff839
000000000000295dfffff083ffffef11
000000000000ea6e000004bc000008c0
000000000000e5bbfffffd2a00000053
000000000000d086fffff3b2fffff0ca
000000000000161dfffff10ffffffc7e
0000000000000159000002dcffffeda6
000000000000eead00000b4f00000da5
000000000000fbe30000125900000a09
000000000000131e000010fc00000be3
000000000000fcc70000055c00001122
000000000000fe31000002fc00000816
00000000000010470000056600000649
000000000000fd6efffffcf2000006b6
000000000000f72900000447fffff911
000000000000eb35000008e5fffffe7b
0000000000002deafffff539fffffeee
00000000000007f2000002d5fffff313
000000000000d7d7fffff31d00000608
000000000000e819fffffde0fffff698
0000000000001bd1fffff311fffff99d
000000000000db85fffffdb300000369
000000000000e2ca000008280000069f
00000000000013a0fffffc08fffffe9c
000000000000d83cfffffe3c00001029
000000000000f1ec00000a3cfffff5a3
000000000000cacafffff8cb0000101e
0000000000000632000001a100000296
0000000000001b31ffffffcc0000097a
000000000000deddffffee45ffffff75
0000000000000e8a00000239fffffe3b
0000000000001e56fffffba5000011ac
00000000000008c400000c5b00000025
000000000000e9f300000d1900000f7c
000000000000f8e7ffffe996000000bd
0000000000000020000005f7000005dc
000000000000c364ffffe826ffffface
000000000000c1fb000009060000000c
0000000000000eab0000043d000008ed
000000000000ef2900000205fffff605
000000000000e5ed000005ca0000038d
00000000000000f6000000f500000709
0000000000001b91000001a600000084
0000000000000fc0000000cd000000f1
0000000000002bb600000e60ffffef6e
000000000000e102000003a0fffffbfd
0000000000002424fffff4d9fffff490
00000000000020440000070200000777
000000000000ecb200000ef8fffff126
00000000000011e700000396fffff1ba
0000000000001e35fffff7f0fffffa99
000000000000ff3300001118000000ce
000000000000e19b000000d90000000e
000000000000ed10fffffc2c000002fe
000000000000f72b0000005efffffdd4
000000000000121900000131fffffa21
000000000000031e000004c5000008a1
000000000000f2d400000990000005c2
0000000000001d7bffffff45000001b1
00000000000011fc0000081900000640
000000000000fbe400000056fffff55a
000000000000f541ffffff16fffffde4
0000000000000e88ffffee74ffffff95
00000000000005ed00000b16ffffe69c
00000000000016c1fffff3430000053f
00000000000000e3fffff12800000a2d
000000000000fd3afffffd32000004bc
0000000000000a3e0000025dffffe985
00000000000024a6000000e5000003ba
000000000000f5fafffff3e4fffff5fe
000000000000039a000002c5ffffff6a
000000000000006200000506ffffff18
000000000000021f00000829fffffd4e
00000000000002b6fffffe0afffffd39
0000000000001e4bfffffce400000521
00000000000015f6fffffc6fffffff12
0000000000000bc70000059efffff3b2
000000000000f9ef00000011ffffff3f
00000000000017d1fffff67effffeeb7
000000000000d89afffff96400000315
000000000000e181fffffdaf00000056
000000000000f48f0000070e00000214
000000000000ef30fffff1d900000eb8
000000000000e839000002e300001040
000000000000f3f00000070100001542
000000000000e787fffff6b8000009e8
000000000000e31f0000105300000ca4
000000000000e8000000081e0000024a
000000000000179800000ce4fffffb44
000000000000f935000002e6ffffffbc
00000000000017c30000095d00000cc3
00000000000027bdfffffb30ffffefe8
000000000000008900000ef5fffffe24
0000000000000f34fffff8340000004e
000000000000003300000cc100000849
00000000000021ec000004d800000b96
000000000000fdddfffff736fffffc35
000000000000fc8ffffffd49fffffa13
0000000000000cc8000008a100000728
00000000000012130000024bfffff25b
000000000000f96400000f01fffffa8c
000000000000135e000007aafffffc5d
0000000000001496fffff05900000d43
000000000000036400000a5800000316
000000000000e3910000082500000648
000000000000f76d000007cf00000845
000000000000fe0bfffff3c9fffffbc4
000000000000e455fffff272000008af
0000000000000863fffff84c00000381
000000000000f21dfffff6e1000003de
000000000000470f00000924000000dd
0000000000001113000016b7fffffa30
000000000000f1eefffff65500000ce5
000000000000fc2000000d6a00000c68
000000000000dd910000032ffffff80e
000000000000078f00000208000000ce
000000000000da530000109c000004eb
000000000000d7e6fffff620fffffc4e
000000000000f4f0fffff6c1000007c2
0000000000004a730000026efffff4bf
00000000000015e900001033fffff85b
0000000000001c90fffffb65fffff8f3
000000000000e18500000c0e00000b81
00000000000000a000000528fffffaa1
000000000000d6790000090b000005b9
000000000000001e00000b57000003aa
000000000000fd41fffff84a000009a3
000000000000f4b1ffffeeaf00000ac1
0000000000000a13fffff64e0000046a
0000000000000b34000009b700000629
0000000000000a76fffffe96ffffff80
00000000000016ad00000184fffffe05
000000000000edd2fffffd0b000005e2
0000000000000046fffffa610000037c
000000000000ff680000004effffff5a
000000000000effefffff5c600000256
000000000000019bffffef2a000004de
000000000000eb69fffffe84fffffb83
00000000000024b2000003f40000031c
000000000000f60b000010dbfffffe53
000000000000e3420000044f000001bb
000000000000295ffffffcdbfffffbee
000000000000e82b0000007b000001ad
000000000000f1c8fffff7b4ffffff54
000000000000243dfffff67000000559
000000000000ecc0fffff4c4fffffa07
000000000000f553fffffbb2000000c4
000000000000f76cfffffb9b0000059c
0000000000000614ffffffd5ffffec95
0000000000000d13fffffc95fffffb28
00000000000018acfffff8b7fffff441
000000000000f366fffffecf00000821
0000000000001a0d000000b40000032f
000000000000249700001511000014c0
00000000000004a0fffffbe800000eec
000000000000edf900000304fffff707
0000000000000754fffffd600000015e
0000000000000355fffffa2a00000265
0000000000002ce2fffff58d0000003a
000000000000ed0f0000066600000072
000000000000094d00000916fffff167
000000000000ec1700000264000008a8
000000000000ed8fffffed92000008bb
00000000000003d20000062efffff4d0
000000000000fef2fffffd610000098c
000000000000f33a00000633000009f3
000000000000fbd50000012bfffffbb2
0000000000000375fffff9f0fffffd72
00000000000023be00000232fffff05a
000000000000e84d0000091300000352
000000000000f1e8ffffff590000080a
000000000000dbeefffffebbfffff7f9
00000000000028c1fffffb1a000009ea
0000000000000a2f000000e4fffffd10
000000000000fac8fffff3ecfffff90b
0000000000001a8affffff80fffff3fa
000000000000058ffffffc64000000bd
0000000000000033000005c900000322
0000000000000286000006e1fffffc37
000000000000eeff00000b4f000000bb
000000000000e5f60000119c00000b81
0000000000000e82000001160000035e
000000000000174fffffedf700000d91
0000000000001070fffffff6fffffd40
000000000000f3d1ffffffb00000062d
0000000000000acb0000090c000000c4
000000000000f98a00000106000009d5
0000000000000c860000083d000017aa
000000000000fb4500000089fffff523
000000000000fa71fffffdbdfffff0da
00000000000006e0ffffff55ffffff77
000000000000dd0b00000f18fffff941
0000000000000ee5ffffef53ffffec61
0000000000000448000002a8fffffe7e
000000000000dda900000c0c000003c5
000000000000047f000005eefffff50d
0000000000000c74000010cffffff942
00000000000003a6fffffd800000089e
000000000000089afffff1e400000439
000000000000f38e0000021000001161
000000000000c68d00000d18000000db
000000000000fd80fffffc5cffffef4e
000000000000f018fffffd6600000005
000000000000fcf700000652fffffe05
000000000000ece4fffffb060000096f
0000000000001170ffffedebfffff3b9
000000000000e0b9000001800000003b
000000000000f87a00000282fffffc57
000000000000f20800000beffffff594
000000000000e849000006f9fffff501
0000000000000c020000044d0000055e
000000000000f927fffff5ccffffffa4
000000000000eff2000003c1000012e0
0000000000000738000005b0ffffff76
0000000000001d4b00000657000005e7
000000000000fa01000008e7000002bb
000000000000f44e0000023700000be1
000000000000ea6100000a0e0000081d
000000000000f45e0000055efffffcd6
0000000000000577fffffa1a0000067a
0000000000003e55fffffcbbffffffc9
0000000000001a2600000101ffffff23
000000000000f08400000c9c000007c9
000000000000f7bd000009ab0000052b
000000000000137d0000030300000905
000000000000ed8cffffff77000002ce
0000000000000840fffff46d000002f5
000000000000f122fffff52afffff960
000000000000e0aa00000bb800000535
000000000000fd510000003b00000833
000000000000f51dfffffe6400000b6c
000000000000eb15fffff795fffff63e
000000000000ef61fffffa5dfffff0b1
00000000000000c800001212fffffb8e
0000000000000d2dffffeee4ffffffd5
000000000000f5a8fffff12fffffe36c
000000000000cecafffff78cfffff3da
000000000000fad1000007f7ffffed19
0000000000000080fffff65e000001a5
0000000000001633fffff4b000000267
00000000000017490000087dfffff750
00000000000024defffff55dfffffc64
000000000000158effffff2f00000230
00000000000012720000013b000011d3
000000000000c2b4000000f6fffffa9e
000000000000e2c3fffffd31ffffff7c
000000000000f4f00000040b0000067c
000000000000f251fffffd2b00000c8b
000000000000e78dffffeb0cfffff9cf
00000000000015fb00000b20fffffbfd
00000000000021600000029ffffff9f7
000000000000ef23fffff914fffff749
000000000000eb52fffff657fffffa1e
000000000000e14a00000bad00000520
000000000000d8bc00000203fffff4de
000000000000176a00000df0fffffde3
000000000000d8fb0000048b0000111c
000000000000dd1000000c0400001208
0000000000000087fffffca9000002a4
00000000000009f000000e68000000d7
000000000000ffe800000bf000000c4a
000000000000fe98fffffe7afffff9c9
0000000000001770fffff05500000fcd
0000000000002a91000000f50000038c
000000000000edf1ffffef81fffff229
0000000000000967fffffa87000009c1
00000000000005ef00000c21fffffb62
000000000000f86ffffff7e4fffffbad
000000000000fb03ffffec84fffffe53
000000000000f6a20000024100000079
000000000000f5d1fffff978fffff814
0000000000000511ffffeeed00001396
00000000000002f300000334fffffa7c
000000000000e9c3000003920000001e
000000000000fe9f00000055fffff4de
000000000000d2dbfffff15ffffffc7b
000000000000f8cf0000056afffffba1
000000000000f13ffffffa1ffffffce8
00000000000009560000028500001722
0000000000000487fffffdcb000007b7
000000000000d006ffffff09000009ca
000000000000e6470000055cffffec1b
00000000000003e7ffffffde0000038d
00000000000007c20000029a000005ae
0000000000000419fffff41f0000060b
000000000000f64c0000015a00000bc7
00000000000011760000090000000411
0000000000000a1ffffff7a3fffff206
000000000000fe1c000007c6fffffda8
000000000000fe9a000003cbfffff92c
000000000000ee9cfffffb3d000005e4
000000000000f35f00000c4500000d15
0000000000001663fffff83800000ab1
0000000000001a11ffffec6700000c85
000000000000ee49fffff9d6000002b4
0000000000000c16fffffeb1ffffffd0
000000000000139affffff530000026e
000000000000f1d3fffffd46fffff665
000000000000173a000008b9fffff88e
0000000000000870fffffe3afffffd4f
000000000000194e000000a6fffffda1
0000000000000c3dfffff972fffff97c
000000000000e8fffffff9dc00000098
0000000000001cdd0000116c00001078
000000000000f6f5fffff99300000169
00000000000003b7000008bdffffff88
000000000000e581fffffff400000387
000000000000f45ffffff5b500000048
0000000000000655fffffba6000004c6
0000000000001ae400000125fffff0e3
00000000000009befffffbf2fffff9e1
000000000000081600000834000009f7
000000000000fc790000123efffffcd1
000000000000038c000002d6ffffe625
0000000000000c54fffff97dfffff86c
000000000000f31a00000508000005b9
000000000000f49dfffffa6c000013e1
000000000000df6e00000039ffffff5c
000000000000100c00000380000003c0
000000000000e4f0fffffe130000031a
000000000000f174fffffc4efffffd44
000000000000259600000551000000fb
000000000000fab3000000acfffffcff
000000000000ecf00000030000000aed
0000000000001cccfffffeb5000004e5
000000000000fa600000070700000c09
00000000000014b9ffffffe300000976
000000000000e76dfffff69f00000841
0000000000000cebfffff69200000abb
0000000000000523000006bbfffff593
0000000000000d21000005aafffff869
000000000000f8e9fffff9adfffff32b
000000000000f771fffff87100000125
000000000000029d00000690fffffd7b
0000000000000f9c00000388fffff77d
000000000000e044000002e20000022b
000000000000ef4d000001ec00000a9f
000000000000078cfffffd00ffffffd5
0000000000001cd800000568000017c5
000000000000210f000002e6fffffe09
000000000000f578fffff7e0000005fa
000000000000ea2dfffffebbfffff6a9
0000000000001e2900000087000009a8
00000000000008ee000007770000020c
0000000000001344fffffba700000523
000000000000022b00000211fffffaae
0000000000001b1700000a4ffffffd7c
000000000000194a000007cffffff7e9
000000000000233c000000cb000001e3
000000000000f701fffffcf600000e1f
000000000000125300000c28fffff698
0000000000000ab5fffff3c10000091d
00000000000016d9000000c3fffffe3a
000000000000fd65fffffe96ffffff5c
0000000000000dcfffffff23fffff699
0000000000001f99fffffe6dfffff912
000000000000f52a0000096efffff871
0000000000000cfafffffe83fffffe83
000000000000c1d2fffff768fffff8a7
000000000000f0970000028e00000940
000000000000f3c3fffffae50000052c
000000000000280b00000b82ffffffcc
0000000000000bc1fffffd58fffff4c6
0000000000001093fffff4c2000014e5
000000000000fc46000002ef000008ad
000000000000e92600000bd0fffff94d
0000000000001963fffffccc00000d92
0000000000000d35ffffffa700000d54
000000000000f36800000796fffff26d
000000000000f12f000004670000042c
000000000000189c000003d6ffffffc7
0000000000000f74fffff6c9fffff42a
000000000000ee1700000cfdfffff97f
000000000000e61800000d51ffffeda9
000000000000ee55fffff966000000fa
000000000000e287fffff6af000004e6
000000000000f8bd000008e2000009c9
0000000000001e9200000b07fffffd16
000000000000ed6d00000485fffff739
000000000000e9490000141efffff32c
000000000000fa9800000050fffffc5e
000000000000b63c00000a2100000077
000000000000f6aa000007dc00000452
0000000000000b6affffebbd000007fc
000000000000da8bfffff94e000000f8
00000000000005f900000440fffff1bf
0000000000002f9400000e85fffff8f4
0000000000000fd7fffff27bfffffe65
000000000000046effffff50fffff683
00000000000011b7ffffeff6ffffff7b
0000000000001077fffffb77000004e4
000000000000fbca00000180fffffeba
000000000000f0910000044bfffff887
00000000000013a000000cbe00000781
000000000000f980fffffcc70000048c
000000000000253c0000122d0000118f
00000000000004bd000004270000057a
000000000000f177fffff2c400000636
000000000000f2a8fffffc38fffff125
000000000000f888fffff61efffff945
000000000000e3e1fffffef20000056f
000000000000dbf5fffff52d00000151
000000000000070afffffac3fffff939
000000000000fe12fffff9ed0000077e
00000000000032eafffff6c6fffff992
000000000000152efffff540fffffc84
000000000000fa0d00000472fffff718
000000000000161200001007fffff9b4
00000000000009b6fffff69dfffffb7a
0000000000000ea2fffffe2900000338
00000000000006d9000002bdfffffde4
0000000000001eecfffffc4cfffff87f
000000000000fcd6fffff90000000be2
000000000000dfabfffffd54fffff85e
00000000000018c4000005d3fffff812
000000000000f04dfffffc9dfffffdf5
0000000000001fc8fffff8c900000bd9
0000000000000e69fffff3b6000009c6
000000000000ff3b00000007fffffd12
000000000000fcbdfffff1d0fffffe91
0000000000000a0b0000003600000071
000000000000025ffffff61a00000730
000000000000e854fffffefffffff81b
0000000000000e5f00000874000007f9
000000000000f8df0000016100000a82
0000000000000cf00000099f000004df
000000000000f0cb0000026d00000258
000000000000d9a4fffff325000009b3
00000000000000ba00000ca2fffffcfc
0000000000000fd6000006a800000240
0000000000000480fffff8cc0000037a
0000000000001c61ffffff3500000a73
0000000000001d3d0000078100000109
0000000000000dc4ffffff38fffffcbd
00000000000013d70000000200000932
00000000000011eb0000097000000190
000000000000d30900000412fffff704
000000000000144500000b0dfffffd71
00000000000024e9fffffff000000a67
000000000000e9ee00000336fffffa6f
0000000000002165fffff9f700000e7a
000000000000dbe6fffffe93fffff6df
000000000000006200001372fffff466
000000000000f4e3000000abfffff7a9
000000000000df5efffff86b00000b63
000000000000fcdc000007aafffffd75
000000000000f1ddfffffe820000003b
000000000000f849fffffb93fffff337
000000000000fd4800000901fffffef4
000000000000dedffffffbdcffffff86
00000000000012220000006b00000208
000000000000df2100001377000010ca
00000000000003a9fffff5df00000494
000000000000197400000e2a00000aa3
000000000000eb060000091ffffff710
00000000000003ec0000113dfffffdd2
000000000000102f0000067dfffff0c5
00000000000008dafffffcd800000bea
000000000000fea60000058600000ac8
000000000000d810000005ae000003c3
000000000000f463000000f600000b97
00000000000029f900000156fffffede
000000000000f314fffff6ab0000048c
00000000000011ecfffff742fffff868
000000000000f66d00000ad6fffff2d6
000000000000f1770000062700000bf5
000000000000195d00000283000003aa
000000000000e3bc00000ecc00000bfe
000000000000e86400000220000017a9
000000000000fbf3000010cdfffffe60
000000000000014f00000f5bfffff9d9
000000000000171400000c4b00000834
00000000000016d200000e4d00000294
000000000000088a00000b2afffff243
0000000000000a620000019c000001da
000000000000cd3900000a0b000008de
000000000000205dfffff624fffffb07
000000000000f591000003f60000032e
00000000000003370000046d00000c5b
000000000000ddf0fffffd590000110e
00000000000019b0000009c6fffff44e
000000000000282fffffff6efffff296
00000000000003730000044900000d4d
000000000000f8d700000a0efffff0e9
000000000000cfa20000058ffffffff7
000000000000cc56000002d400000325
000000000000110a00000189fffffeb1
000000000000e9250000076dffffff38
000000000000180b000005790000066b
000000000000fa0a0000114e000007ac
000000000000fa840000034a00000305
000000000000ea12fffff94c0000011c
0000000000000b7a0000028fffffee72
000000000000110cfffffa67fffffb85
0000000000000d85000008c400000b06
000000000000d828fffffc880000082d
00000000000007f00000074efffffd1f
000000000000fe2efffff1b4fffffedc
000000000000033efffff66e0000082f
000000000000f525000006b000000a0c
000000000000217f00000364fffff12c
000000000000cc71fffff9da00000410
000000000000dcbffffff831fffff5ef
00000000000001cc000004d3fffff050
00000000000003fdffffeb10000004f9
000000000000e75f0000014f000009f2
000000000000027800000258fffff3b9
00000000000007d6fffff11efffffea3
0000000000000f24fffffde7fffff2ef
0000000000002d69ffffffad00000937
000000000000fbcd0000001400000328
000000000000f65300000016fffff552
0000000000001ad2fffffe3000001299
000000000000e959fffffd7cfffff298
000000000000077efffffa96fffffb13
000000000000137100000636fffff963
0000000000003cd000002392fffffc84
000000000000ea690000013b0000049f
000000000000078cffffff85000007d8
0000000000001188ffffffd1fffff9ee
000000000000e95d00000754fffffef8
00000000000026ebffffffc5ffffffe0
000000000000e3c1fffff825fffffed8
00000000000004d20000013ffffffb84
000000000000e44dfffffe85000007b9
0000000000000a930000020d000005f4
000000000000f9ec000008d2fffff9ab
00000000000011d100000014ffffefd0
000000000000335efffffd53fffff418
000000000000d50efffff583fffffc05
000000000000100bfffffca0fffffd75
000000000000e1b50000044d00000a3f
00000000000007f2fffff99300000190
000000000000dfaaffffef550000065a
000000000000060b00000616fffff0e9
000000000000dab8fffff69b000005b1
000000000000dbb5fffffb40fffff785
000000000000fedc00000623fffffe77
00000000000022180000000efffffee6
00000000000012e0fffff442ffffe850
000000000000f6d8000003cc00001140
0000000000000c3cfffffa1fffffef09
0000000000001ac3fffffe2d00000610
000000000000fecffffffc60fffff41b
000000000000de4efffff810ffffef39
000000000000f920fffffb140000009e
0000000000000619000003da00001327
0000000000001740fffff6e000000dca
0000000000000f5d00000aef00000356
000000000000d63600000d9300000dc1
00000000000000f8fffff5acfffffab8
0000000000000243000013cd000002c8
000000000000037ffffffc63fffffdfc
000000000000fecafffff858fffff683
000000000000f4570000017a0000078f
000000000000fb2600000939fffffcac
000000000000d72bfffff40900000014
000000000000da4400000561fffff414
000000000000e0d9fffffe850000046c
00000000000010db000003f7000002a8
00000000000008e800000a28fffff66a
0000000000001ea00000103afffff348
000000000000eb44fffff89a00000c23
00000000000004bffffff6e500000240
0000000000001a0600000456fffffa39
000000000000f19600000b67fffffc6e
0000000000002291fffff87dfffffdf1
00000000000009b4fffffc2ffffff7d8
0000000000000fbefffffde2fffffa58
000000000000ebcafffffe8bfffffaf5
000000000000d6fa00000590fffff166
0000000000001529fffffdfafffffedc
000000000000c9fdfffffdd1000002af
00000000000027c7ffffffdffffffac4
00000000000000edfffff7f50000061f
0000000000000928fffff3500000112f
000000000000e14700000294fffff54b
0000000000001e6d000007ee00000aa9
000000000000f3ac000000b0000004be
000000000000fad0fffff961ffffffd0
000000000000f185fffff5f7000004b0
0000000000001893fffffe86fffff78e
0000000000001a22fffffc6efffff5dd
000000000000f69a00000175ffffee76
0000000000001abbfffffd28fffffe77
000000000000f7e10000058dfffff568
0000000000001b260000075500000278
000000000000002100000e4afffff461
0000000000000bdefffff813ffffed70
000000000000f07affffff5b00000857
000000000000ec5bffffefbd00000146
000000000000f485fffff7e500000736
00000000000008c1fffff2c900000306
000000000000005100000d9afffff60f
0000000000000f93000000e300000382
000000000000f461ffffe42ffffff6d2
000000000000ffecfffffbd6000003ce
00000000000016c300000af900000797
000000000000f33b000007f7fffffe37
000000000000031e000013ab00000962
000000000000e365fffffdf5fffff81b
000000000000f1dd00000baf00000ee8
000000000000df3cfffff9f6000005a6
00000000000022cefffff60100000014
0000000000000c2bfffff1860000086f
000000000000d4fffffff9fe0000074e
000000000000dafe0000023800000055
000000000000ffa900000a4c0000148b
000000000000f9d3000005bf0000061b
000000000000f63f000003b0000001a9
0000000000000384fffffc8a00000775
0000000000000cb40000030a00000903
00000000000014fcfffffbc8ffffff4d
000000000000f32afffff8fb000000fc
000000000000fd2bfffff44ffffffd48
000000000000f96b0000114cfffffa20
000000000000154700000c85fffff956
00000000000005b1000004570000104c
000000000000031cfffffa3900000287
000000000000d8c4fffff353fffff8f7
000000000000df800000044efffff88e
000000000000028800000059000000ef
0000000000001454000004cb00000c9e
00000000000019530000082300000ca5
000000000000f79bfffff6bffffff152
000000000000fb28000001c6000011e3
000000000000f8e70000079dfffffc15
0000000000001d33fffffd3cffffff81
0000000000001f80fffff327ffffff34
000000000000216efffff602000002f0
000000000000e82e00000d17fffff841
000000000000ed410000019100000c2a
000000000000f82dfffffe29fffffb89
0000000000001aca000006420000002d
0000000000000cdffffffe3f00000182
0000000000000cc00000091a00000518
0000000000001435ffffffdb00000518
0000000000001ff2fffffe6400000ef5
000000000000f5ecffffff240000031b
000000000000ef6ffffff09b00000b01
000000000000006bffffff550000008c
000000000000114d0000078100000380
0000000000000b58fffff713fffff5a8
000000000000f6d3fffff4f1fffff5a1
000000000000ff88fffffdcb0000080f
000000000000eaa10000075400000967
0000000000000db4fffffb79fffffd93
000000000000eb5ffffff56efffff079
000000000000117afffffbff00000c31
000000000000f0bbfffffcd600000185
000000000000f443fffffbddffffecfa
000000000000fd880000102500000157
000000000000e895fffffee60000073b
000000000000eedd0000069bffffec9a
000000000000dc0800000fdf000006bc
0000000000000b72ffffec750000026f
000000000000d8d6ffffeb1dfffff89d
000000000000045d00000c9bfffffbd3
000000000000fc9f00000dbcffffff1e
000000000000e20efffff959fffffe1a
0000000000000c92fffff9f800000279
000000000000fc5200000774000000c6
0000000000001b7affffffabfffff7be
000000000000f844fffff94800000c7c
0000000000001cc50000083a0000069b
0000000000001e4dfffff50dfffffd3c
000000000000f5fefffff535fffff420
000000000000ff09fffff686fffff417
00000000000009d70000067dffffff2f
000000000000df2400000ddcfffffbfe
0000000000002ca0fffff4e6fffff090
0000000000000a29fffff5f600001be2
00000000000022450000064a00000fb5
000000000000e2bc0000070e0000041e
0000000000000532fffff02afffffdb4
00000000000014a7ffffef3c0000022d
000000000000e77100000d9600000476
000000000000f716ffffeec5000006b6
000000000000fcd1fffffd890000104b
000000000000077dffffeeadfffff60b
000000000000177afffffd8dfffff367
000000000000ef8ffffffb7600001812
000000000000f18dffffff7bffffee9b
00000000000006b3fffffff2000005ec
0000000000004119fffffb9900000e0a
000000000000ee1cffffefb1fffffdf3
000000000000fe29fffff67dfffffd30
000000000000e938fffffc5c00000427
000000000000e949fffff47000000060
000000000000fc5d0000032efffff474
000000000000e463fffffabc0000004e
000000000000eac2000009e5ffffe914
0000000000000677000013b100000210
000000000000d36afffffe3dfffff751
000000000000d686fffff2f1000012f2
0000000000001ca200000480ffffffb0
0000000000000b83000008670000080a
00000000000029fe00001af7fffffab1
00000000000016ce00000305fffff466
000000000000f01dfffffe36000011a6
000000000000f8e80000064800000da7
000000000000f139fffff263fffff37f
00000000000004fa000001f5fffffecf
000000000000f146fffffe4000000386
0000000000000800000003d2fffffee2
0000000000001246000011f4ffffff3d
0000000000001130ffffff3c000006f8
000000000000f95cffffef1cfffff911
0000000000000210fffff9eb00000248
000000000000f3670000029200000152
000000000000f67efffffe5900000705
000000000000e703fffffed70000019c
000000000000dd74fffff937fffffbdc
0000000000000408fffffba100000704
000000000000062e0000110f000005f8
000000000000ec54000008b4ffffffb3
000000000000dc2bfffffb91fffff993
0000000000002794fffffd6400001143
000000000000e8c3fffff9b800001732
000000000000efe70000051500000039
0000000000001ffdfffffac200000a97
00000000000000f5fffff6a900000631
0000000000000aa4fffffd0900000570
000000000000ef7a0000045f00000cca
000000000000ff2fffffffef0000086e
000000000000cd480000007dfffffd92
00000000000001a60000123d00000e00
000000000000f49bfffffe95fffffdce
00000000000022e2000005c4000006b3
000000000000eae0ffffffb100000ba0
000000000000fc4500000ae7fffffe89
000000000000edc700000ade000001e0
000000000000fc0efffffb22fffffa89
000000000000d7f60000043ffffff945
0000000000003eddfffffc6b00000099
000000000000d793fffff7ee00001196
0000000000000d00000010660000067d
0000000000000b99fffff679fffffb54
000000000000f6490000003dfffff9f2
0000000000000263fffff2acfffffa67
0000000000000bd800000653fffff7bb
000000000000e9850000037800000992
000000000000df9600000a64fffffee5
000000000000e2cbfffffb9400000022
0000000000000dc90000063b00000ca0
0000000000000e48000008cc0000022c
0000000000001e7600000922fffff87d
000000000000d4cfffffeb9e00001b35
00000000000006f300000aa6fffff540
000000000000e3010000057f00000259
00000000000008fdfffffd77000011bd
00000000000023a6000006c4fffffdb4
000000000000f6f6fffffd11fffff78c
000000000000148effffff8b000005dd
0000000000000a4afffffa3cfffff8b2
000000000000fa8ffffffb01fffff5d1
000000000000ff2e0000027afffffa46
00000000000045ebfffff738000005d2
000000000000f9f0ffffff3d000002c5
000000000000ed1cffffedd6fffffad7
0000000000001ffafffffceefffffa97
000000000000fa4000000425fffffe57
000000000000f611ffffed2afffffa33
0000000000000e1200000e4efffff60f
0000000000000ffd0000008afffff7e6
000000000000e0cdfffffa62fffff8f1
0000000000002555fffff68b0000048c
0000000000000de70000056900000159
000000000000fb8ffffffba5fffff76f
00000000000012fa00000a660000086a
00000000000016a3fffffce6fffff836
000000000000dd96000003c2ffffee69
0000000000000035ffffffc90000057f
0000000000000c05fffffee6000014bd
0000000000000c8100000cdcfffff751
000000000000cf3dfffffa63000006b6
000000000000fffd000005c300000f0b
000000000000dd4000000c35ffffeeba
000000000000025200000187fffffbed
0000000000000a04ffffff4b00000461
00000000000026ebfffff8a000000932
000000000000c8c8fffff3ecffffed2b
000000000000f52600000451fffffddb
000000000000f801fffff7ee0000072c
00000000000012befffffd9d00000234
000000000000efa6000003ba000000ea
0000000000000f94fffffb33fffff9df
000000000000136200000486fffffed3
000000000000e695fffff8a60000125b
0000000000002c36000000f700000f5f
000000000000236afffff8c200000028
000000000000fb02fffff81c00000219
000000000000f201ffffffa1fffff3be
000000000000f38000000a09000009c6
000000000000034dfffffe82fffffa48
000000000000f4d5fffff4aefffff859
000000000000d4cefffff3520000003f
000000000000cba4fffffc0d00000692
000000000000267b000004a7000008c8
000000000000f47b000008f2000005a5
000000000000df7c00000a74fffffb61
00000000000004e6fffffb16000000c7
000000000000f1e6ffffe289fffffc0d
0000000000002768fffff136000002d0
00000000000003a8000003bdfffffc60
00000000000000c3fffffb22fffff87d
000000000000298cfffffba6000006a4
00000000000005d1fffffc7cfffff964
000000000000094cffffffadfffffd2b
0000000000000e0bfffff6bcfffff6e7
000000000000fb4d00000224ffffefdc
0000000000001e66000005e3ffffebcd
000000000000e7210000097fffffff92
00000000000004dafffff747fffff5d1
000000000000fadefffff6f7000010d4
0000000000001759fffffbb1fffff627
000000000000f4bffffffa5400001392
000000000000f331fffffd69000001e5
0000000000000505fffff3300000044e
0000000000001fa60000058400000d9a
000000000000f86efffffe9ffffffeb8
00000000000003f1fffff66afffffac0
000000000000135dfffffad500000e9d
000000000000fa31fffffd4bfffffad0
0000000000002561fffff876fffff331
0000000000001c1ffffff87f000006f9
000000000000f5590000050dfffff928
000000000000ee4c00001121fffffc48
0000000000000f7c000000060000014d
000000000000f7b3000001dafffffa93
000000000000f951ffffee7c0000029e
000000000000c859fffffb64fffff568
000000000000f6e0fffffc63fffff64c
000000000000008a0000070a00000ef5
0000000000000a95fffffbc5ffffffbb
0000000000000accfffff9c5fffff8cf
000000000000ff57fffffa2a00000b3d
0000000000002c82ffffed40fffffc3b
000000000000ebe20000025000000ac4
000000000000fbdfffffff74fffffcf5
000000000000fed7ffffff1cffffffa7
0000000000001812fffffaeeffffebb8
000000000000de10fffffa8b0000022b
00000000000031eafffffe7b00000022
000000000000f79a000003adfffff72c
00000000000023b800000131fffff4b5
000000000000f47effffffe30000021c
000000000000e738fffffcd500001061
000000000000fbbe000002c0fffff9ef
000000000000025cfffffde6fffff121
00000000000012ec000000de000004ae
000000000000ea9afffffe3400000703
0000000000000228fffff36b00000430
000000000000f9e7fffffbbc000007cf
000000000000eaa6ffffed67fffff8d4
000000000000077b00000087fffff4b1
000000000000fd6100000f00fffff9f5
0000000000001b06ffffff4b00000f97
000000000000ead30000037a0000009c
000000000000f1d20000057d00000048
0000000000000dab00000c58fffffec5
000000000000f8fb0000094700000e92
000000000000cef1000007f9fffffccd
0000000000001e1f00000aadfffff2c7
0000000000000ba8fffff194ffffee1e
000000000000eb760000072e00000549
0000000000001cee0000021d0000010f
000000000000f24e00000582fffff973
00000000000006d700000070fffff6a3
000000000000edfe0000039d00000cc5
00000000000033e300000dd400000ea6
000000000000f2fc00000b0ffffff002
000000000000cc6afffff0a900000293
000000000000ee5afffffc05fffffeca
000000000000d955fffffa8dfffffc9f
000000000000d59a0000052c000009e6
000000000000fbe80000048c00000490
000000000000e559fffffc3000000890
00000000000016d100000494fffffd18
000000000000f0e900000beafffff747
000000000000fd620000134d00000b63
000000000000fcd700001c1e00000152
0000000000000cbeffffffa0fffff526
000000000000fb0afffff6f9fffffda3
000000000000025a00000101fffff8bc
000000000000073900000aa3fffffcdf
00000000000007c7000003c90000085e
000000000000f639000000a2fffffe5d
000000000000f85600000188ffffffee
000000000000ef810000044a00000140
000000000000096afffff3c300000c75
000000000000f8cffffff775fffffb38
00000000000004adfffffcd7fffff3af
000000000000c83400000cf9fffffb17
0000000000000a58000005b200000254
0000000000002585fffffe1d0000023d
000000000000fec6000009e20000080d
000000000000f66a000008f300001397
000000000000f645ffffedf3ffffef7d
0000000000002a410000087700000779
000000000000f2370000064bffffffb5
0000000000003473ffffff91fffff4ef
000000000000e203fffffc09000004c0
0000000000000b30fffffb7200000007
000000000000f95afffff0770000076e
0000000000000bddfffffcac00000667
000000000000f67a000000ebfffff8d0
0000000000000e60ffffec2afffff6c0
000000000000fde6ffffee800000143d
000000000000dc33fffff4befffffe0d
000000000000f54f00000001ffffebab
000000000000007e00000455000000ab
0000000000000e5e00000bcffffffb23
000000000000f2e800000220ffffff37
000000000000f2fafffffb5000000a9b
00000000000001a70000053600001dfc
00000000000019f200000122fffff99f
000000000000f741fffff57cfffff05b
00000000000006a70000027afffff7fd
000000000000fc55fffff5c5fffffc59
000000000000068200000e6c00000704
00000000000015e3fffff56d00000322
0000000000001b3c000004d100000116
000000000000063500000abefffffc4d
000000000000fe32fffff17ffffff6e6
000000000000f781000005c8000010c9
00000000000017f800000ecbffffffbf
000000000000e6df00000654000007aa
000000000000f93efffff74200000d5b
0000000000000f86fffffcbefffff3db
0000000000000837fffff843fffff8dd
000000000000fac5fffffe8a000005d1
000000000000eaddfffffee1fffff3d1
000000000000f855fffff267fffffe6d
0000000000001fc400000437fffffd35
000000000000408f000001a7fffffa16
000000000000c3a5000002bbfffff933
000000000000f9f5ffffff01000014bf
00000000000005f700000f5bfffff89d
0000000000000d30fffff3abfffffcff
000000000000fa45000010b2fffffe2c
0000000000002110ffffff22fffff6d3
000000000000ed13000008aefffff827
000000000000de3300000174fffff9b1
0000000000001762ffffff6800000927
000000000000f6b600000fb000000fae
00000000000014d40000079dfffffc01
000000000000ddb1fffff41ffffff8be
0000000000000379fffff2f6fffff922
0000000000000bd3000009f1fffff7ba
00000000000034500000030400000ec7
000000000000fcebffffe5fcfffffdb7
000000000000dc7ffffffa66000008e2
000000000000047000000340000001d2
000000000000075cfffffeab00000e15
000000000000fc54fffffaf9fffff909
000000000000fd1c0000070fffffff53
0000000000000dfc0000041f000003e6
00000000000010020000080d0000073d
000000000000db76fffff98200000238
0000000000000ae9fffffce6fffff94f
000000000000288cfffffd3300000cae
000000000000142b0000109ffffffeb7
0000000000001455fffffc6bfffff8d1
000000000000f09bfffff6cafffff084
000000000000dfdd00000ad3fffff7a2
000000000000e6b4ffffe118fffffeec
000000000000ee9e0000043a0000080c
00000000000024abfffff4d800001792
000000000000e5cd000003f300000323
0000000000000d6fffffff6a000014d3
000000000000126700000f1500001334
000000000000ff9dfffff5eaffffefe7
00000000000004a7fffff6bcfffffc0a
000000000000e49100000ac300000aad
0000000000000c16000002e3fffff69b
000000000000f518000003cbfffff5cb
000000000000d1ce00000a980000030d
00000000000036b100000489000004fa
0000000000002405fffffe9ffffff8c1
000000000000fbaefffff6c5fffff6ed
000000000000f229fffffd93000007f4
00000000000009f2000005edffffff80
000000000000045afffffb4afffff0a7
000000000000f3f7000003eafffffbb0
0000000000000a85fffff59600000d25
000000000000e212000000950000039a
000000000000eb08000004e6fffff57b
000000000000124900000621000006c3
00000000000004d400000239000003c9
000000000000fbb100001883fffff514
000000000000f7680000018e00000a70
000000000000021b0000097cfffff925
000000000000ec4cfffff522000008f9
000000000000f8e900000373fffff837
0000000000000ea40000085300000516
000000000000f285fffff36efffffdaf
00000000000001e100000a580000034d
000000000000f989ffffffb4fffff776
00000000000009f80000028400000263
000000000000d5d000000f3000000c89
0000000000000ce70000005dffffef31
000000000000fdf9000010ecfffffcc8
000000000000bf8ffffff37800000063
0000000000002fdfffffe99dffffe761
000000000000fd86ffffff5300000d4f
000000000000de4d000004dffffff9d4
00000000000002d800000a8a00000d54
000000000000082ffffff5c40000153c
000000000000f83a000007c6fffff5e5
000000000000f3280000072200000061
0000000000001c38fffff2e0fffff887
0000000000002c750000087bffffffa7
000000000000098f000005e7fffffa32
000000000000ccdbfffff12d0000018c
0000000000000200fffffc82fffff89a
000000000000f6f4000002960000085a
000000000000f3fefffff87cfffff654
000000000000e96efffff8cfffffffd0
000000000000040afffffefd00000c21
000000000000d4bffffff67a00000941
000000000000fcde00000633fffff46f
000000000000f6ef00000536000002d7
000000000000bb70fffff16c00001041
0000000000002118000000b7ffffff29
000000000000f049fffffe2afffff33c
0000000000001ea0000002e0000009b7
000000000000e318fffffd9d00000ee2
000000000000165e000003bbfffff1aa
0000000000002b920000038a00000aa3
00000000000008ccfffffa320000079f
00000000000027ca000008c4fffff571
0000000000001aa7fffffc9f00000170
000000000000b41dffffee590000022b
000000000000fb0a00000b5c00000d3a
00000000000024400000064bfffff4f5
000000000000f6c9fffff7d4fffffbd4
000000000000fc7c00000809fffffd95
0000000000002511fffffabf00000324
000000000000fe1500000cacfffffdf2
000000000000013cfffffafafffffbc0
0000000000000712000002f3fffffc77
000000000000e414fffffb7f00000ccc
000000000000eeb2fffffa0700000ea8
000000000000172cfffff24cffffff40
000000000000f2bffffff4a6fffff5f9
000000000000f123fffffb6efffff43a
0000000000000b35fffffcf6000003e8
000000000000e3e5fffffddd00000228
0000000000001f1ffffff793fffff082
00000000000026fafffff55b000000f6
000000000000fb450000047700000805
000000000000fcd200001133fffffc9f
000000000000ed46000009e6fffffb3e
00000000000021c0fffffb51000009fe
000000000000137a00000c0c0000007c
000000000000ef3afffffbc6000009cb
00000000000009d2fffffd6dfffff932
0000000000000b13ffffff46fffffab7
0000000000000ba6000009eefffff940
000000000000ef6c00000c47000006b8
000000000000f70b0000111700000542
00000000000018b000000833fffff805
0000000000000a84000005400000058e
000000000000e90f000003ca0000087c
000000000000ef5c000009fafffff7f7
000000000000ec11fffff5ce000003da
000000000000361efffffb2efffffc1e
000000000000e48700000388fffff426
000000000000dedffffffe4f00000746
0000000000004210ffffefb8000004d8
000000000000254efffffa78fffffec9
00000000000027fe0000061efffffef0
000000000000230afffffe510000070d
0000000000002989fffffe4c00000154
0000000000000784fffffbb1fffff4b7
000000000000f931ffffffe5000011ee
000000000000e35dffffef57000000dd
000000000000fc450000016000000055
0000000000000e3bfffffdabfffff0d5
000000000000ea3000000109fffff4ff
000000000000fd03fffffbf700000c15
000000000000f4d2fffffec7fffffd80
000000000000f6d300000058fffff2e1
000000000000019f00000ca8000009b8
00000000000029b5fffff8b9fffffbd4
000000000000d9ae00000ddafffff91a
0000000000000793000002ab000001f4
000000000000fcd80000093800000f94
000000000000fcb70000112500000f91
000000000000dfae000003d6fffffc52
000000000000068800000d7000000186
000000000000f62400000c2100000c82
0000000000000aaa0000108effffe9fc
0000000000000ab70000003cfffffb4d
00000000000000250000002400001173
000000000000f228fffffb3afffff54a
000000000000f78afffffd07fffffdaa
000000000000fcb5fffff88700000a11
00000000000039a400000b3b000004f3
0000000000001076fffffac5fffffffb
000000000000e4f4fffffde0ffffe9b2
000000000000078100000c3afffffa03
00000000000007cbfffff73ffffff22c
000000000000f3b6fffffb5bfffffc3f
0000000000001d91ffffffa700001f85
000000000000ff1000000b64fffffd2c
0000000000000f49fffff533fffff553
000000000000e3300000053dffffef65
000000000000ef32000002e800000cf5
0000000000000ebf00000fb90000008d
000000000000f5feffffff7400000060
0000000000001f5c0000013dfffffbc6
0000000000000bbfffffff6500000100
00000000000007d4ffffefc0fffffd93
000000000000092600000acd0000098a
000000000000059d000006ec000001e1
0000000000000450fffffc5f00000932
000000000000e30400000364000000ca
0000000000000bd4fffff953000001a4
000000000000fc15000005ef0000079f
0000000000000949fffffd4f00000573
000000000000c9edfffff2f2000008e5
000000000000fc78ffffed84fffff761
000000000000f770fffffea400000374
000000000000281bfffff31200001473
00000000000026adfffff26f00000275
000000000000fac6fffffe71fffff508
000000000000dbb6fffff7d7fffffcf4
0000000000001513ffffff9ffffffd14
0000000000000ce0fffff0affffffe3b
000000000000112dffffe159fffff8c2
00000000000009edfffff8fbfffffab7
00000000000003f80000014a00000a97
000000000000f91cfffffc31000005d5
0000000000000b87000000df0000071c
00000000000019e9fffff7dc0000060d
000000000000e5c8000011b800000495
000000000000f1e900000025ffffffad
000000000000099c00001236fffff743
000000000000d25b00000231000004de
00000000000011f6fffff4da000002f7
000000000000fbb3fffff9defffff955
000000000000f970fffffaee00000645
000000000000097ffffff84bffffff1e
000000000000fbadfffffd80000008de
00000000000013d8000012aa000005d3
000000000000f2c800000229fffff9ef
0000000000001917fffff85f00000c6b
00000000000009a3000015e60000036b
0000000000004352ffffef720000016a
0000000000001e79fffffd8afffff321
000000000000edc3000003b8ffffedd2
00000000000002fffffffa6ffffffc86
000000000000f62500000f27fffff4d3
00000000000003340000021efffffe65
0000000000000b5efffff84cfffff87b
00000000000016790000033600000135
00000000000000770000031b000000bb
000000000000180b00000ae500000759
000000000000fe43fffffd50000007f9
0000000000002778fffffd92fffff012
000000000000f8780000041300000119
000000000000dac0000001d400000600
0000000000000345fffffa3100000cc4
000000000000060afffffe06000002e5
000000000000022a00000338fffff7e7
000000000000fe2900000960000019d5
0000000000002a10fffffd1bfffff757
0000000000003262fffff8330000056b
000000000000f9a3000009b30000105a
0000000000000369000002bd000004f1
0000000000000407fffff4710000017a
000000000000046800001171ffffe7f4
000000000000e89d0000017a000000e2
000000000000ef89000008c0fffffc8b
000000000000214dfffff744fffffb0e
000000000000d38b00000253fffff0f2
000000000000ff2dfffffc4cffffea23
000000000000fe0dfffff314000006e1
000000000000fd2dfffffeeffffffc55
000000000000eca4fffff57200000f04
00000000000012f1fffff543fffffc10
000000000000100cfffff5b600000570
0000000000001f27000001ad000008e6
000000000000055e000005b8000008b9
000000000000f3cf000004c5fffff943
00000000000025fefffff881fffff3ca
000000000000d98affffffd2ffffebbe
000000000000eac7fffff610fffffd18
0000000000002385fffffbceffffed11
000000000000f335fffffe0c00000adc
0000000000000c1d0000055b0000034f
000000000000e5c4000013e400000d1c
000000000000f75efffff3c1fffffb7a
0000000000000cb1fffff77effffffec
000000000000f67300000afffffffc24
000000000000ed5cfffffddffffff7e6
0000000000002773fffffb620000162d
000000000000cc1d000007affffffee2
000000000000f77e0000050400000ce4
0000000000001b79000003cbfffffdb6
000000000000173d0000033900000023
00000000000018d600000411000004b4
0000000000000af9fffffd51000003e6
000000000000df1100000493ffffffa2
0000000000001831fffffe5600000e07
000000000000f46e000010f9000005f4
000000000000f69afffff41a000006dd
00000000000029080000054cfffff5dc
000000000000fe32ffffee8e000004bc
000000000000e5280000080500001757
000000000000e8d9fffff701000003ac
0000000000001003fffff1ac00000443
0000000000000be000000282fffff635
000000000000060dfffffcb4fffff626
000000000000e6ebfffff0b5fffff3bc
0000000000000a39fffffa55fffff5a5
00000000000004e1000002b500000fd6
000000000000fe9c0000004b00000bd5
000000000000e9a9000004f9fffff7a1
000000000000e914fffff67effffffcf
000000000000e8cdfffffba1fffff817
000000000000043e00000a510000032e
0000000000001556fffff5a7ffffff96
000000000000fe6c000000f3fffff48a
00000000000007d8fffffb2d00000c0d
0000000000001c99fffffc78fffff7c3
000000000000f0fbfffff7340000089d
0000000000003fbcfffffe0bffffeb2e
000000000000e5d1000001a900000193
00000000000001b1fffff5a20000014c
0000000000002f3f0000013bfffff4f2
000000000000fee4fffffbebfffffd64
0000000000000213000000ffffffffed
000000000000ef0600001a20000005e4
000000000000ff9600000335fffffa8b
000000000000edc0fffffead0000072d
000000000000fd80000001e3fffffcb8
00000000000004c1fffffc8c000001d6
000000000000f6c2fffff30ffffffd78
00000000000010060000003100000061
000000000000eb64fffff9fbffffeccc
0000000000001975fffffbf2fffffc18
000000000000000b00000890fffffe12
00000000000003d2fffff116fffffd1b
000000000000dc3cfffffa3bfffffa0d
000000000000ead2000007d0000003ba
000000000000eb9300000a790000020c
000000000000fff1ffffec04ffffff51
000000000000f8d4000000e30000016f
0000000000000827fffff1eefffff075
000000000000fe4efffffb3500000ba6
000000000000eaaf00000388000004a7
0000000000000f38fffff922000001d6
0000000000000665fffffb36fffffb25
000000000000d75400000223fffff53f
000000000000d5eb000011ba0000041a
000000000000ffd9ffffef6200000ca0
000000000000eba000001a11fffffc99
000000000000eb1ffffffafffffff76d
0000000000000f7ffffffe29000003ea
0000000000000c37fffffc7d00000a79
000000000000e7e00000014f00001036
00000000000004c60000051000000e9d
000000000000f821fffff44600001679
000000000000f174fffff664fffffc42
00000000000026840000060d000003d5
00000000000028d400000b24fffff8a2
000000000000f8f0ffffffbb000002ab
000000000000ffad0000080400000dd1
000000000000fa4dfffffabd0000050f
000000000000fff00000087e00000653
000000000000d6a900001232fffff4b4
0000000000002277fffff0cbfffffc3e
0000000000000e17000009360000060d
0000000000000162fffff42bfffffe98
0000000000000d96000011aa00000568
000000000000e3a3ffffeaa6fffffeda
0000000000000fb10000058700000359
000000000000f60f000002a800000731
00000000000008880000043600000478
0000000000000bb8fffff474fffff9d4
00000000000009c7fffffe5000000ede
000000000000215bffffffb8fffffbf2
000000000000f3db00000c6bfffff652
000000000000efc6fffff68ffffff93d
000000000000fc0b00001a3d00000cda
00000000000004a8fffff6acfffff75e
000000000000f6abfffffc8900000116
00000000000033effffffab4fffff0f6
000000000000de35000006cdfffff77a
000000000000eb18000002d50000072d
0000000000000ddbfffffc2affffff91
000000000000ceb8fffff66900000a69
000000000000f86900000c3e0000088c
000000000000f405ffffec0000001c55
000000000000f02200000aadfffffccb
000000000000ea11fffffe64fffffc5f
000000000000f92cfffffebdfffff81d
000000000000e3c1000010adfffffa0b
0000000000000ef5000001c8fffffb7c
0000000000001b5cfffff3d0fffff931
0000000000001caefffff8110000048b
000000000000fd63000000c2ffffffb1
000000000000ff0700000328000001a2
0000000000001b5ffffffd7400000219
000000000000fe24ffffef9400000ae7
000000000000fcc700000244fffffeab
000000000000da820000038600000191
000000000000ebf600000014ffffff98
00000000000004cbfffff92afffffc31
000000000000f2dffffff81700000888
0000000000000268fffff72cfffffd9d
000000000000e507ffffff080000017f
000000000000f578fffff7f9fffffd6f
000000000000f78600000b19fffffbee
00000000000017d8ffffff2600000fa4
000000000000fb9b00000543fffff78e
000000000000ec0ffffffc2e00000768
000000000000ff9d00000686fffffb61
0000000000000abcfffffba6fffffc82
0000000000001309fffffa4afffffef4
000000000000f0ea00000d76fffffc50
0000000000000c7cfffff9c9fffff4c9
00000000000028b8fffffeb80000000f
000000000000e0c2fffff870fffff0f4
000000000000ff68ffffffa4000008fd
00000000000031aefffff499fffffc64
00000000000016edfffff63cfffff8fe
000000000000ffda0000095efffffec7
0000000000000be0000007cb000006cd
000000000000f9d300000834fffff789
0000000000001bf5fffff72700000060
000000000000eb870000038efffff5ac
00000000000018b3fffff392ffffe7ef
0000000000001f87000003f0fffffe2b
000000000000ec77fffffc21ffffffae
000000000000f6cd0000054100000202
000000000000181200000e820000080f
0000000000000df2fffff7ddfffff201
000000000000158700000409fffff7d6
000000000000194a00000b280000099b
00000000000004790000012d00000566
000000000000f7e4fffff09e000012fc
000000000000dfac0000041400000e48
000000000000f375000011600000066c
0000000000002a57000000bc00000e8c
0000000000000eecfffff4d100000c19
000000000000e9e1ffffffd7000004c8
000000000000075200000751fffff8ae
000000000000ea91fffff3c2fffffa8a
000000000000db4afffff973000001a8
000000000000f966000006b200000760
00000000000012f5000002d5ffffeec3
000000000000083efffffe20fffff730
0000000000001500000002ff00000ab3
000000000000020afffff93900000da6
000000000000d5a6fffff2830000012c
00000000000000defffff4a9fffff628
000000000000f10afffff537fffff687
000000000000f5d2000002f0000002bb
0000000000000c810000160c00000953
000000000000f15600000696ffffff9f
00000000000019960000060a000000a4
0000000000000a68000008130000096f
0000000000001930ffffee6dffffe8b8
000000000000eba00000108f00000e5e
000000000000f7fd0000053b0000010c
000000000000f5f50000073700000b15
000000000000f6d8000002e300000ddf
000000000000f788fffff80400001309
000000000000102c0000005efffff2e7
000000000000df43fffff26afffffb79
00000000000003c6fffffe43000001dd
000000000000d47300000e5100000e06
000000000000fcc0fffff618ffffefba
0000000000000d2dfffff2f3000002bc
0000000000000e9ffffffaff00000001
000000000000effb00000b080000063a
000000000000eef4000003bbfffff75d
00000000000004ef00000a79fffff9d8
000000000000f651000017e5000001ec
00000000000010750000020e000002b4
0000000000002b75ffffff4200001057
000000000000016afffff6a500000243
0000000000000042000002620000091d
000000000000d9be00000981fffffb4c
00000000000004480000005d00000e87
000000000000e9a2fffffdc7fffffc8e
000000000000f898ffffff76ffffee76
000000000000ec62ffffe86afffffa2c
000000000000f5e5fffff570fffffdd5
0000000000002183ffffffeffffffd54
000000000000242cfffff5b8000005a8
0000000000000ac0fffff76afffff3e0
00000000000028db000013f800000854
0000000000003142000002f0fffffde9
000000000000f75dfffff3d70000041b
000000000000dcea00000112fffffc6a
000000000000dc19fffff7e60000019f
000000000000251d000009460000010c
000000000000f33600000d7c0000047b
000000000000e9acfffffa24fffff74c
0000000000000297fffff635fffff5a3
0000000000001aa500000a24000002e3
000000000000f1fcffffffd6fffffccf
00000000000017f3ffffecf3000001a3
000000000000f2a2ffffff86000006d8
000000000000f4c2fffffc81fffffd36
000000000000264c00000e8b0000035e
000000000000dd0a00000ccffffff8b0
0000000000002007fffff8dd0000101b
000000000000fc82000002ec000005bf
0000000000000871fffff04d00000756
000000000000176500000429fffff51c
0000000000000021000005aefffff96b
000000000000f66ffffff851fffffbb8
000000000000e768fffff8910000007d
000000000000f242000006a40000000a
000000000000e502000006bffffffdea
000000000000edf0fffffaa2fffffba5
000000000000f5460000055afffffd81
000000000000fe080000011800000e87
0000000000000f290000042100000a52
0000000000002060fffff6a6fffffd3c
000000000000303afffff0b400000269
000000000000352ffffff9b9000000b1
000000000000f6a60000068600000c8b
000000000000c63200000525fffff19c
00000000000011c000000e7e000005eb
000000000000e6d8000006f9fffffad3
0000000000002d04fffffb8400000274
0000000000002094000000ff00000023
000000000000e995fffff99000000167
000000000000fd07ffffee69fffff9ed
0000000000001aa8fffff99fffffffa7
0000000000002bee0000022900000129
00000000000024a9ffffff36000004dd
000000000000f8e2000012aa0000064d
000000000000ddacffffee07000014a9
00000000000022210000007b00000f67
000000000000e8e200000a6ffffffe48
0000000000001ee200000b27fffff930
000000000000fc7efffffbd0000001f1
000000000000ee3d00000958fffff80f
0000000000000495fffffdf400000c67
000000000000f888000008cafffff0b3
000000000000f5f000000a6cfffffb1c
0000000000000602fffff45afffffd9b
000000000000209900000c3a000003ee
000000000000f8d8fffff8b8fffff5ed
000000000000f22bfffffb5e00000682
000000000000e9460000001bffffef73
000000000000db8dfffff565ffffeecf
000000000000334f00000b7bfffffc03
000000000000f704fffff79dfffffdb6
000000000000fc0c00000da8fffff980
000000000000e659fffff0480000191a
000000000000d54cfffff2b2ffffff58
000000000000257bffffeffefffff59c
000000000000f37b00000848ffffff5b
000000000000ebc3fffff725000005b6
0000000000001e6cfffffa1600000c05
0000000000000128fffff77400000531
00000000000022ed00000d160000016b
000000000000f52600000ce8ffffff38
000000000000190b00000e9dfffff7ef
000000000000264400000186fffff6a5
000000000000f7700000037d000008f1
000000000000f403fffffd5a000003a2
000000000000dfe1fffffe58fffffe69
000000000000250bfffffe9900000471
00000000000047e50000045cffffff9b
0000000000001235fffff5a200000ff9
000000000000ff4b000002430000056e
0000000000000f9efffff9d500000717
000000000000ba290000016f00000d63
0000000000003b2800000cedfffffb65
000000000000f43d0000036400000188
000000000000003efffffdc3ffffed8b
000000000000f1f9fffff21bfffffe1a
000000000000124dfffff812fffffb9d
00000000000026d2ffffffe400000050
000000000000f72e00000626fffffe36
000000000000e243fffffbde00001299
000000000000f1c5000008af0000011b
000000000000fe3700000a38fffffe9a
0000000000001b7d0000098a0000068c
000000000000fb44ffffef00000004e5
00000000000003810000032afffffb0a
000000000000e188ffffffba00000d2e
000000000000d82600000249fffff072
000000000000fe4100000dfcffffed98
000000000000e07100000429000006b1
000000000000f622fffffa9efffff86e
000000000000e47200000b2300000034
00000000000026ce00000194fffff622
000000000000083b0000044cfffffe14
0000000000001d5d0000000700000203
000000000000ed21fffffcaa00000ddf
000000000000e976fffff2380000048b
000000000000018300000291fffff023
000000000000e287fffffd5900000736
000000000000f9f900000415fffff93f
00000000000019380000031dfffffcfd
0000000000000c19fffff579fffff990
000000000000ee2dfffff93ffffffcd6
000000000000035a000001ec00000086
0000000000000b7cfffff7c1000004ec
0000000000000914000002dafffff414
0000000000002500000002eb000005f6
00000000000016c9ffffff85fffff831
00000000000007f4fffff9d7fffff611
0000000000000040ffffffa1fffff72f
000000000000fd64ffffef93fffff0cd
0000000000002f9bfffffece00000984
000000000000072ffffffd40ffffffe4
000000000000fe3600000f9ffffff6b6
000000000000da9700000946fffffff4
000000000000202bfffff2b4fffffe31
000000000000df4600001116ffffff28
000000000000dc60fffff24bfffff097
000000000000e295fffffe32ffffebde
00000000000010e300000ce60000093e
00000000000007c1fffffcebfffff9bd
000000000000177ffffffdc9000004e6
0000000000000b4a0000020fffffe8aa
000000000000db21ffffffc3000008dd
0000000000001593fffff56a000002a2
000000000000f2ba000009caffffe7a1
000000000000df990000024dfffff20c
000000000000f4d5fffffaf1000009a8
000000000000efaafffffe230000054a
000000000000f710fffffa63fffff842
00000000000025ba00000107000010b2
0000000000000139000009dbfffffb72
0000000000000cc000000155fffffdf0
000000000000136dfffffd38fffff6df
0000000000000e7ffffffbd6fffff880
00000000000021fe000004f7fffff549
000000000000128efffff8a3000007d5
000000000000169500000078000005e9
000000000000f5fdfffffd6900000901
000000000000f45dfffffa4d00000128
000000000000e794ffffec1100000e5a
000000000000eeddfffffc96000007fd
000000000000fc0fffffe5660000002c
0000000000001151ffffefe0000010d1
000000000000e31f00000946fffff523
000000000000ee80000001bffffff992
000000000000da21fffffa09fffffb11
000000000000013a00000b43fffff696
0000000000001ea400000d5c00000882
00000000000025ebfffff88a0000077d
000000000000f9ef000009fc00000f6a
0000000000000d94000004c600001676
00000000000013eb00000f16fffffdaf
000000000000f7df00000097000011eb
000000000000f824fffffdccfffffac2
000000000000fab4ffffff2b00000f30
0000000000002e05fffffd7200000799
000000000000297d000000a3000001e9
000000000000dfa100000845000009ab
000000000000fb5bfffffe340000146c
000000000000021c00000deefffff688
000000000000f38cfffff13d000009a0
00000000000011d100000d36fffffaca
000000000000eed20000047600000f81
000000000000da61fffffdb4ffffecf2
000000000000e223fffffba100000876
000000000000c19dfffffa2bfffff321
000000000000ca5effffff16fffffde7
0000000000001624000007cf00001497
0000000000001b62fffff83effffe8c1
000000000000decffffff2bbfffffb62
000000000000e67700001ebefffff498
000000000000fceffffffb44fffff9d1
000000000000f7b0fffffed300000cab
00000000000002f0000006af000006d5
00000000000028b9fffffec7000006e4
000000000000eee5fffffdc7fffff19b
0000000000001a90fffff4f60000068c
000000000000f61e0000007100000af2
000000000000e30affffefecffffff52
0000000000002725fffff1120000140c
000000000000d828000019d4ffffeea8
000000000000f110000002d700000551
0000000000002131000007ac00000746
000000000000bcf8000009440000032d
000000000000f984ffffff8afffff338
000000000000d3f200000cbbffffe8ba
0000000000000592000002b9000007a5
0000000000000de3fffffacd00000762
000000000000e099fffff351ffffffbc
000000000000f3b5fffff946ffffffc0
000000000000fe1300000268ffffff90
000000000000241b00000570fffff895
0000000000001f77000006f6000007da
000000000000f9a000000ba9ffffff34
000000000000ce6a00000a03fffff469
000000000000e4bdfffff544000002e7
0000000000001a38fffff15dfffff97e
000000000000de9200000b48fffff311
000000000000d09dfffffada000000d7
000000000000e84300000d3a0000033c
0000000000000f92fffffb01000000e4
000000000000037f0000046cfffffdf2
000000000000fce800000190000009c6
00000000000033aa00000443ffffff37
000000000000068d000002cf00000f3f
000000000000e2950000083e000003b3
0000000000000588fffff345000013b2
000000000000ef82000003f0000009a7
000000000000149e0000000fffffed6d
000000000000fdd3fffff6b9000005cc
000000000000da75fffffd8afffff4ef
000000000000c9fffffffd38fffff8c4
000000000000109600000eb9000008e6
000000000000f61a0000001e0000075a
000000000000f16000000102ffffeeaf
0000000000000125000006c4fffff560
000000000000fe1200000089000005ab
000000000000fbc8fffff470fffffa8c
0000000000000731ffffff6f000001e6
000000000000f9e700000bc500001319
0000000000000e0e00000c4a0000045f
000000000000f92efffffc7500000b7c
000000000000f8f2ffffed2200001796
0000000000000e4ffffffeadfffffb88
000000000000e7650000009f00000703
00000000000027570000099cfffffd46
000000000000d4d800000019fffff78e
000000000000f4fa00000760fffffbba
000000000000f8b1fffffd3f00000014
0000000000002625fffff16dfffffae8
00000000000006bb000000e40000049c
000000000000cb6dfffffa68fffff91c
000000000000db77ffffffee0000089d
000000000000f85bfffff2ac00000225
000000000000dd8e000002db000001ee
0000000000000b2b00000a02fffffd84
000000000000fa3600000712fffff5a5
000000000000169e00000e9affffe85a
000000000000e56a00000346000007d9
000000000000ee33fffff70cfffffa1c
000000000000f1860000023bfffffacc
00000000000001eefffffa5cfffff7bf
000000000000f5ff0000065700000a3b
0000000000001151000005f0fffff336
000000000000c182ffffff77fffff365
0000000000000548fffff6e3fffff6c6
00000000000013fa0000047500000a9a
0000000000000697fffffdd1fffff8d7
000000000000068a000001f200000be9
000000000000e35600000d520000040b
000000000000f6c8ffffff4f0000118d
000000000000d4e800000ea300000489
0000000000003cabfffff389fffff697
0000000000001d790000074afffff9be
000000000000010dfffff9440000081f
0000000000000338fffff76effffffb5
00000000000003630000048b00001093
0000000000000a950000064700000560
00000000000008f8fffff1b7fffffde0
00000000000001b800000af6000001fb
000000000000153dfffffe2cffffffc0
000000000000e75efffffbbeffffff55
000000000000eb6d000005b6ffffecb0
00000000000026a1fffffc87000003f0
0000000000001b1efffffc16fffff7ac
000000000000cc82fffffeeefffff69f
000000000000e6d100000152fffffb70
0000000000001aea0000052e000002f9
0000000000000f26fffffc02000005e1
00000000000000a5ffffef07fffff671
000000000000de6a000002d3000002a5
000000000000244500000adbfffffeab
000000000000eb8000000286000002b0
000000000000fcc10000009effffff56
000000000000087500000245000000cd
000000000000309f000002defffffe82
000000000000155dfffffa1600000332
00000000000020d6fffffa31fffff099
000000000000faf3fffff1ebfffff2f4
000000000000d6f3000010c900000589
0000000000001a960000035a0000053e
00000000000010630000085efffffb82
000000000000c41bfffffbb70000119a
000000000000299ffffffefeffffff4b
00000000000021aa00000e8d00000c14
000000000000f78cffffffad000001a0
000000000000fc6900000cadfffffe64
00000000000009bcfffff38b000008c2
0000000000000568000002b6000007a2
000000000000ebeb000007dcfffff863
00000000000015b5fffff160fffff2a6
000000000000048200000e820000015c
0000000000001964000006210000042f
000000000000e602fffffd8c00000aa4
000000000000eef9fffff2b5000005f4
000000000000dc64ffffe85e00000b66
000000000000efeb000011bbfffff6ab
000000000000e11e0000011700000ba3
000000000000f5d20000073e000004fe
000000000000d43300000cd200000055
000000000000130c0000025200000764
0000000000001790fffff62ffffffd0f
0000000000002b2300000705ffffffe9
000000000000e96ffffffc27fffffe97
000000000000e9c5fffff853ffffffdb
000000000000f2ccfffffe4c00000947
000000000000f589fffff6bf0000003e
000000000000d871fffff158ffffef75
000000000000139afffff093fffff9e5
000000000000eae1ffffec2500000dd2
0000000000000a800000028effffffb3
000000000000ed53000001c800000996
00000000000028b7ffffeca9fffff382
00000000000011f6fffff69cfffff868
000000000000ff0c00000528fffff7e0
0000000000000923fffffa6900000173
000000000000009d00000a04fffff59c
00000000000036cd0000083a00000e20
0000000000001bd200000ac6fffff29a
0000000000002142ffffee6e00000b6b
000000000000fe99fffff0730000001a
000000000000fe8bfffffc13fffff9a4
00000000000006dcfffff3cd00001037
0000000000000747fffffaaa000005fc
00000000000005c9fffffe7afffff7f2
0000000000001d74fffffd9500000118
00000000000002d7fffffb1b00000798
0000000000001947000012c3fffffd6f
000000000000110d000003fe0000068a
000000000000f57f00000599ffffffed
0000000000000fa80000038500000b1a
00000000000000c2fffffe1ffffff941
000000000000e804000014a30000016c
0000000000001bcb00000a10fffffb7a
000000000000d69900001a4600000108
000000000000f73dffffffe3fffffebb
000000000000fedffffffea7ffffed7d
000000000000d8a500000b1fffffffa5
000000000000e200fffffa2700000c0c
000000000000fb2800000906fffffe28
000000000000e9c700000a4d00000c15
000000000000f05100000524000000aa
000000000000e88d000001630000126f
0000000000000917fffff15bfffff327
0000000000000b2600000522000008af
000000000000fa4e0000067500000ad8
0000000000000400fffffd74fffff1d2
000000000000d3ebfffff1c000000044
00000000000009fffffff3ac0000122c
0000000000000c370000079b00000031
0000000000001f79000002cbfffff25c
0000000000000ebdfffffa8ffffff52a
000000000000d2fc000006e5fffff611
00000000000014f700000c6d00000793
0000000000000c75fffffbd8ffffff39
000000000000e9bd00000126ffffff8b
000000000000e93500000568fffff6c8
000000000000f38c000001b3fffff67f
000000000000e8eefffffe5100000226
000000000000270100000fa3fffff027
0000000000002eadffffffa2000010b0
0000000000000d5b0000001c00000da0
000000000000a8fe000008ae0000005b
0000000000000b86fffffecdfffffc2e
0000000000001e8cfffffdeffffffb82
000000000000056f00000c32fffffab2
00000000000012e7fffffe2e000000e9
000000000000f275fffff822000005b9
0000000000002737fffffc8000000143
000000000000ea05fffffc47fffffea1
0000000000000c27000004f800000c5d
0000000000002348fffffd9600000330
000000000000fd1ffffffd5a00000e95
0000000000000468fffffa52fffffc99
000000000000072afffffe10fffff87d
000000000000fbc1fffff334fffff0a4
0000000000003852000004c0000015e5
0000000000000234fffffb44fffff853
000000000000e66efffffc1400000d71
000000000000fe7ffffff605fffffa1c
00000000000005bb00000922fffffe67
000000000000cf0c00000b91ffffef42
000000000000e7bbfffffcc000000654
000000000000f65bfffff9d8fffff3df
000000000000d98c0000043700000f90
000000000000dac8fffffae5fffffe90
00000000000019b1fffffcfa00000fe2
0000000000000f0200000763000007b3
000000000000f96f00000b3400000c6f
000000000000146500001001fffff8a4
000000000000ffe7fffff0da0000040e
000000000000f233ffffef23fffff6af
00000000000006c0fffff7870000000c
000000000000d5a4ffffff93fffffa74
00000000000007a000001ad100000142
000000000000ec9300000128fffffeab
0000000000000aa1000009d100000b53
0000000000003036fffffac600001215
00000000000020a4ffffffaf00000128
000000000000fd7f00000172fffffac4
0000000000000455fffffec4fffff11b
000000000000058c000002cf00000464
00000000000000d7fffffce000000045
0000000000001416fffffa15fffff7df
000000000000f5defffff8d00000080b
000000000000069b0000145300000358
000000000000e40f000000a4ffffee35
000000000000ed15fffffedffffff9e3
000000000000fc19fffff0cdffffffb4
00000000000010700000001efffff1cf
000000000000ff8bfffffba9fffff9fc
0000000000001104fffff75e00000033
000000000000e1e3fffffd9300000444
0000000000001cd80000034dfffff62e
000000000000fe790000048cfffffe33
00000000000007fc0000092400000759
000000000000180efffffc3afffffae8
000000000000138200000aac000004e8
000000000000f5f500000b6000000625
000000000000fabb000002e1000013d3
0000000000000099000006c9fffff538
0000000000000d9f000007cc00000a89
000000000000018800000eb500000770
000000000000e90f00000fb1fffffc6a
000000000000077efffff7c5fffffe5e
000000000000040900000c3100000785
00000000000025ac000004cdffffffb1
000000000000fa380000012300000f4b
000000000000dd920000061c0000116c
000000000000fa9c00000288fffff53a
00000000000002bf0000009bfffff8fb
000000000000f67c0000017d00000835
000000000000fb6dfffff9a4000000c6
0000000000000f35fffffd87fffff971
000000000000fb090000044f0000023f
0000000000002a9b00000004fffff301
00000000000028bffffff538000012c9
0000000000000a230000071500000723
0000000000000810fffff1b5fffff7a8
000000000000ec9600000479000004c1
000000000000e89f00000f1dfffffe14
000000000000f21dfffff060fffff8d1
0000000000000027fffff840fffff0c4
0000000000000366000002f500000a6b
000000000000fdf5000000080000071f
000000000000ebce00000a2100000015
000000000000f2e00000024c00000a47
00000000000006bcffffffe50000030f
000000000000daab0000097e00000c7d
000000000000e2c800000766ffffee1d
000000000000f816fffffa9d00000b10
000000000000f9a3fffffd3ffffffb0b
0000000000000976fffff4ca00000231
000000000000c4ed0000083bfffff81c
000000000000c413fffffa16fffffe39
0000000000000333fffff8850000019e
000000000000f453fffff3300000147a
000000000000424bfffffe11fffff635
0000000000000f5d000008e0000007d1
0000000000000c05fffffbbcfffff36d
00000000000009be00000ffcfffffacd
0000000000000a81fffff25effffecb8
0000000000002004fffffad500000c85
000000000000195c000001c20000059d
0000000000001dd800000860fffffc17
000000000000f7b8fffff145fffffd0b
000000000000e43a000003e1fffffbfd
000000000000e17cfffffe05fffff0e5
0000000000000db2fffffeb4fffffa3c
0000000000000239000000f8fffffff0
0000000000000f97fffffae200000320
000000000000f9dafffffad6fffffe75
000000000000faf3fffff3c7fffff78d
0000000000000ca0000003a4fffff00f
000000000000ebd5ffffff840000035b
000000000000ec8c00000096fffffa6a
000000000000e8dfffffff4700000dbc
000000000000fdfd0000123dfffffc9b
000000000000fa96fffffa9efffffcae
000000000000eb4100000380fffffc34
0000000000000e05fffff94f0000043f
000000000000ef6d00000ac8fffff65f
000000000000f951fffffdc7fffffb96
0000000000001479000000abffffff1b
000000000000ea5800001269fffff3fe
0000000000000e74000000570000085e
000000000000fa4f00000812fffffc6d
0000000000000f83fffffc8f0000046a
000000000000d401ffffeab2000006a4
0000000000002e2600000180fffff86c
0000000000001e0fffffffd50000094f
0000000000003479ffffef26fffff5bd
00000000000011b00000061dfffffac7
000000000000eaa0fffff6f6000002d2
000000000000e76900000960fffff3e4
000000000000d7da000008a4fffffca5
000000000000e3a200000194fffff2e5
000000000000e32300000305fffff8f9
000000000000f41dfffffff2fffff3cb
0000000000000d2600000df800000804
000000000000159d000003f20000032e
0000000000001f22000008c60000033f
000000000000ed8d000002ebfffffeea
0000000000000a3dfffffdcefffff8eb
0000000000000dcefffff648fffff4fb
0000000000001377fffff77e00000545
000000000000d26000000b270000056d
000000000000203b00000bbb00000446
0000000000001bd5fffffc8c0000078e
0000000000001bb1000003c400000816
000000000000fb1e0000048600001385
00000000000007e70000002dfffffede
00000000000005e600000208fffff8fa
0000000000001c80fffffdf1ffffed63
000000000000206f0000030dfffff305
000000000000ee02ffffed830000073b
000000000000ea05fffff66700000004
000000000000dd48fffff6c4ffffef80
000000000000ed5800000aa6000006db
00000000000015e1fffff924fffffb96
0000000000000945fffff9160000020f
0000000000000729fffffc06ffffefa7
0000000000000606fffffb7c00000309
000000000000e2b1fffffe1d000006e6
000000000000fffd0000020000000027
000000000000f3180000084a00000890
000000000000d74700000b6a00000988
00000000000007410000094afffffe37
0000000000001b69fffff882fffffa2a
000000000000228ffffff6f6fffffb4e
000000000000fc9afffff9a000000683
000000000000d12b0000043afffffd14
00000000000004b200000809fffff59f
000000000000e4a8fffff1fbfffffdde
00000000000012bcfffffdcdfffffc08
000000000000fc6efffffdf800000c1d
000000000000f4c30000142100000734
0000000000000e76ffffff3bfffffe9b
000000000000f2f40000012c00000127
0000000000000c4dfffffafbfffff28b
00000000000012b900000b50ffffedf6
000000000000f9270000089efffffe2b
000000000000084bfffffac1000000b7
0000000000000bd100000395fffff1d0
00000000000000d60000074efffffd87
0000000000001c4dfffff46dfffff741
00000000000003acffffe966ffffff4a
00000000000022a3fffff4b9fffffe09
000000000000f6eb000004d300000990
000000000000e08cfffffcc80000031a
0000000000000c1ffffffa87fffff8b2
000000000000e821000008d3000006f4
000000000000f1530000078e00000758
000000000000e877ffffeda8fffff312
000000000000e2f1000009fffffffbd0
000000000000ddf500000044000006db
000000000000da26fffff309fffff5c8
0000000000001092000003f300000534
0000000000000b86fffff4da00000182
0000000000000829ffffffc2fffffa4c
0000000000000fce00000346ffffe8ff
0000000000003b08000003defffff929
00000000000014a400000d3c00000b62
000000000000010afffff97b00000556
0000000000001b84fffffeaafffff3db
000000000000fb50000007d30000034a
000000000000fc8a000003e5fffff6e3
000000000000121afffffc2c000008eb
00000000000034eb000003db000000d1
000000000000033bfffffe0700000b87
000000000000000dfffff714000005a1
000000000000f9f70000079d00000d38
000000000000d325ffffeeb3fffff7c7
000000000000fd17fffff89b000009c6
0000000000000a9400000520ffffee9b
000000000000eaa8fffffb3b0000000b
000000000000fbdf00000e61000000ed
000000000000febc0000060fffffed6c
0000000000000e5b000001cc00000214
0000000000000257fffff436fffffc49
000000000000edfd00000495fffff2e7
00000000000006a7ffffec16ffffec44
0000000000002199fffff5b200000090
0000000000001471fffffe9bfffffd77
000000000000231afffff1290000036e
0000000000001b740000003f00000e79
00000000000015400000013000000e3b
000000000000f019fffff817ffffff76
000000000000f37f0000031100000554
000000000000ff8f000014ff00001073
0000000000001b6900000904ffffe92c
0000000000000b7900000120ffffff04
00000000000018a9ffffff8cfffff9bc
000000000000e44b0000003a00000a7e
0000000000000d260000087100000e12
000000000000e98bfffffd97000000f9
000000000000f51bfffff1090000016e
00000000000000b600000a21fffff795
000000000000065e00000a320000003b
000000000000efe20000055900001780
000000000000f7b0fffffa7f00000098
000000000000fcfdfffffeb400000ab7
0000000000001b32fffffcbc000006f4
000000000000ed89fffffe7700000d91
000000000000f91f00000aec00001245
000000000000ee76ffffef2bfffffeb6
000000000000f9e200000d4500000340
00000000000002bd0000058500000775
000000000000114cfffff393ffffef75
000000000000f90afffff789000004bb
000000000000f1b9ffffffd3ffffffd8
000000000000ffd1000005b000000945
00000000000009b4fffffaac0000018e
0000000000003e5e00000718000005c8
000000000000ef5c00000235fffff2ff
000000000000ff24fffff5f3fffffac6
000000000000dec800000279fffff572
000000000000f5a9fffffc1c0000061a
000000000000fdaafffff3ec000004fc
000000000000e33400000378fffff5e6
000000000000ed2cfffffa7a000003ba
000000000000e208fffff457ffffff65
0000000000001d2c00000d81fffff0ad
000000000000ebb1fffffe1afffff25f
000000000000f568fffffd09fffffadc
000000000000ce57000008bafffffb76
00000000000007ea0000107bfffffffb
00000000000006b1ffffe650ffffff84
00000000000014bf00000c930000041f
000000000000f99ffffff98efffffe03
0000000000001fc3000009d2000004cf
000000000000f437fffff71c000019bc
000000000000fc7400000682ffffef94
000000000000f5b0fffffc74fffffe5e
000000000000c35ffffff69efffff40f
000000000000f8f7fffffe12fffff9a2
000000000000e4e200000996000001c2
000000000000f82600000a1300000590
00000000000002c6fffffc45fffffaf5
00000000000008b600000bbffffffa8a
000000000000f4f2fffffe85fffff58a
000000000000fa54fffffdf1fffff4e2
0000000000001bca0000014dfffff8db
000000000000f513fffffbe7ffffe77a
000000000000d5a9000000faffffeea1
000000000000f816fffff982fffffb45
000000000000fc39fffff63b000000c7
0000000000000b4bfffff8f1fffff9d0
000000000000e3c9fffffd8cfffffb4b
000000000000282b0000052800000453
000000000000e17100000b9700000e55
000000000000e9aa00000b67fffffcc2
0000000000002251000000f000000aa2
0000000000001242fffffc6a00000ca2
000000000000d8d7fffff26000000507
000000000000f028fffff96100000c2d
000000000000edda000001c0fffffed7
0000000000000cb0000010e100000a13
00000000000001b5000001d300001130
0000000000001520000001f2fffff512
0000000000002efa0000071100000aab
000000000000eb36fffffd60ffffe29e
0000000000000cdc000005f400000a2e
000000000000f05c000002bc000002cb
000000000000306900000751fffffcd9
000000000000f6c70000023f00000da1
000000000000275afffffc47fffff932
000000000000ff6d000013e4fffff93a
000000000000fbddffffe592fffff5f2
0000000000001a5ffffff8d3fffffb70
00000000000000d80000094000000d35
000000000000fa50fffff860fffffebb
0000000000001db90000088d000009a5
0000000000001f2dfffff1e20000016c
000000000000e857fffffa8100000554
0000000000001137fffffdfafffffa4a
0000000000001309000002c600000bf3
000000000000eefffffff607fffff582
0000000000000a26fffff1e8000015fc
00000000000006b1000000b1fffff549
000000000000137cfffff558000009a5
000000000000031dffffffd3ffffff19
000000000000df44ffffedeb00000556
000000000000fb3a0000030afffffd45
000000000000c75efffff2aafffffb88
000000000000e37efffffba2000009c6
000000000000e629fffff938fffff2c8
0000000000001b8500000748000002c9
0000000000000a71ffffed0a00000856
00000000000018d1ffffe97fffffedfe
000000000000f4ee000002ac00001564
00000000000005b200000bd1fffffbdb
000000000000ed9c0000009a0000021d
000000000000041e0000023ffffffe2d
0000000000001ebdfffff0e800000362
000000000000121dfffffbd2000000e6
000000000000f38100000000fffff51b
00000000000003a500000507ffffed4b
000000000000085dfffff7cc00000510
00000000000015a6000008c000000965
0000000000000163fffff134fffff8ae
0000000000001c3ffffff2b0000004b3
000000000000d8ecffffeba7000006c8
00000000000015fefffff995fffffa58
000000000000e425000009b8fffffc81
000000000000e6870000088f0000114c
0000000000000cff000012c800000253
000000000000e5a1000009d4fffffa2a
00000000000007ebfffffac1fffff3e5
000000000000e4f9fffffe37000016a8
000000000000f231fffff4dbfffffe26
000000000000039200000649fffff6b9
000000000000e6c800000d05fffff8d4
000000000000f6fefffffce300000790
000000000000faf2fffff663fffff83d
00000000000008f9fffff5d1000002c0
000000000000f94400000aa9ffffff14
000000000000ed0000000559fffffbab
000000000000ff370000047b0000006b
0000000000002d6a0000018e000004bd
0000000000000f5ffffffd9d00000540
000000000000fd6cfffff4fa000005b4
000000000000e19c000003ff00000a87
000000000000f193fffff92cfffff8ee
000000000000ef54fffffb56fffff64d
000000000000f3100000004efffff960
000000000000f4d3fffff92bffffed1e
0000000000001eed00000119fffff57b
000000000000f94cfffffe1c00000aa4
0000000000000257fffff0b4fffff8a9
000000000000fca3fffff10400000c8a
000000000000f5b6ffffe1ebffffe93a
00000000000007650000004cfffffa06
000000000000e85d000001cafffff463
000000000000f63200000416fffff984
000000000000ff03fffffd900000096a
00000000000000e0fffff34000000732
000000000000ee5300000336fffffab8
000000000000f144fffffb1300000679
000000000000d55500000216fffff74c
00000000000027ab00000e050000028e
000000000000fc63fffffd88ffffffaa
000000000000f55200000139fffffbba
000000000000f62400000fc300000367
00000000000018f8fffffcbbfffffd01
000000000000006a00000a69000011cb
000000000000f193000009160000120c
000000000000e3b70000162d0000032d
000000000000d88b00000a3ffffff4b1
000000000000fd81fffffc97fffff03c
000000000000edbf0000016efffffd14
0000000000001a62000003d9fffff1ac
00000000000003140000045cfffffe9a
000000000000f1e2ffffffda0000037b
000000000000f60dfffff13300000d50
000000000000fb7cfffffe8a0000026e
000000000000e7e1fffffe68ffffeec3
000000000000068bfffffe83fffffcbc
000000000000157efffffca80000051f
00000000000008ff0000005afffffdb2
000000000000ec22fffff905fffffe9d
000000000000d91d000000430000123f
000000000000efa600000bd9fffff50b
000000000000ea3d0000016a000000e0
00000000000006e100000625000012da
000000000000ec23fffffb4300000ab3
000000000000b22bfffff92a00000398
0000000000000e3bfffffe1affffedb4
00000000000015e9ffffefd400000880
0000000000001dc5fffffa710000053a
00000000000011b40000044700000bf8
000000000000e90dfffff6defffffca3
000000000000e99bffffecbe00000255
000000000000c636fffffdf9fffffc44
000000000000ca4affffe72000000bad
0000000000003bfefffffb98fffffb3a
000000000000028f000003d6000002ab
000000000000ea41fffff74dfffff822
0000000000000a670000071efffff1c7
000000000000f7c0fffff24c00000492
0000000000003bb90000087700000687
000000000000f227fffffa10fffffac3
00000000000039f8fffffd3400000cb5
0000000000000389fffffcd300000f71
000000000000f0f00000091500000a60
000000000000ffbfffffe7fb00000624
000000000000f968ffffffe5000016c0
00000000000010d20000097300000270
00000000000009a5fffffde2fffffe8a
000000000000fac8fffffe0000000242
000000000000e0b2000000900000017e
000000000000f66b00000b95fffff682
0000000000001e8b000006d200000632
000000000000feb8fffffe69fffff816
000000000000f9b5fffff5e1fffffc6a
000000000000fb40000008a1000003dd
000000000000df23fffffdf1fffff458
000000000000d2a0fffff769000004e6
000000000000f1cdfffff22bfffffb7e
0000000000001799fffff5b5fffffc63
000000000000f534fffff62ffffff827
0000000000001db8fffffc6ffffffa97
000000000000e48c00000573fffffed5
000000000000c91c000007edfffff987
0000000000001c0efffffef100000a04
000000000000096d0000048100000c50
000000000000f491fffffae0000001df
000000000000fdc4fffffc500000002e
0000000000000f66fffffcd40000052e
000000000000e75cfffffaa200000a13
0000000000001466ffffed8c000006fe
0000000000000aff00000773ffffed10
0000000000000f09fffff0e3000004ef
0000000000000f26fffff2ff00000d67
000000000000ff3700000b7efffff87c
000000000000fb230000045e00000275
00000000000018b20000076c00000876
000000000000ee8b00000a8500001068
00000000000001d400000a870000085f
000000000000d88d000006190000066a
0000000000000cc100000cb7fffff0e3
000000000000fa0dffffff5dfffffa11
000000000000e40dfffff269fffff3c8
000000000000ef2bfffffb340000043e
000000000000073f000003edfffff4af
000000000000f227fffff66efffff09b
00000000000022c9000019d300000a81
000000000000f941000007a0fffff7e6
000000000000cbf90000056ffffffc4b
000000000000ee3b00000ea3fffffe94
00000000000019dffffff146fffff573
00000000000017580000010800000efe
0000000000001ca500000f6dffffef96
000000000000f96bfffffef5ffffff41
000000000000269dfffffcdbfffff2fe
00000000000003c5fffffa3afffff1df
0000000000001567fffff9e2fffffe9c
00000000000017260000046200000189
000000000000f17b0000006dfffff76f
0000000000001428fffff993000005e2
000000000000cdecfffff4e0fffffc6f
000000000000faaefffff79200000123
000000000000fc04fffffa05000001e4
000000000000fe0affffeb92fffff4ca
000000000000eebefffff0b000000f9c
000000000000034cfffffcb0fffffc59
00000000000018c300001132fffff1a8
0000000000001a44fffffa0a0000002b
0000000000001041fffff72bffffe953
000000000000e021ffffff06000007fe
000000000000fc95fffffacdfffff930
000000000000f2acffffff320000011b
000000000000f1b5000007e3fffff5b4
000000000000dee0fffffcf600000fc4
000000000000ec940000098ffffffa47
000000000000f200ffffef53000008b3
0000000000001d2bfffffa2000000dac
000000000000cfcdfffff3a80000103d
00000000000005e3fffff336fffff683
000000000000dd2100000102ffffff7f
000000000000238100000e8ffffff4d4
000000000000f470fffffffd00000e4c
000000000000cdb4000000f1fffff67b
000000000000026bfffff79afffff9e5
000000000000fc4800000152fffffa57
00000000000015bdfffff737fffffc6f
000000000000ef1a000002f100000675
00000000000044adfffffd3a0000063f
000000000000b580fffffecdfffff14f
000000000000f904fffff48c00000554
000000000000d69bfffffbf50000114c
0000000000000e1dfffff8effffffb59
000000000000f8b500000bec000000ce
000000000000033cffffffd00000129c
000000000000f495000002be00000f2e
0000000000000d590000052ffffff66c
00000000000010e7000010dcfffff83f
000000000000003c000004bffffff457
000000000000006c00000c0900001430
000000000000f2b60000181e000007d3
0000000000001788fffffd0d000002aa
00000000000011eaffffe79b0000030f
000000000000e669fffffc2ffffffccf
000000000000fafeffffece5fffff548
000000000000ec26fffffdad0000169c
000000000000eca7fffff42cfffff325
000000000000e8dfffffec0e00000220
000000000000ea7bfffff21800000242
000000000000f8eefffff54c0000143e
0000000000000be3fffffa6cfffff77c
000000000000112e00000e8dffffff6b
000000000000e44c00000de90000169d
000000000000101b00000771fffffd78
000000000000efbe000004f700001156
000000000000ee89000000f600000bb9
000000000000d80bfffffdd9000003e8
000000000000ebdefffff4e1fffffb1c
0000000000000f22ffffff77fffffbd7
000000000000016ffffffad900000207
000000000000fe9efffff3d8fffffa16
0000000000001309000002eefffffa72
000000000000ece8fffffe4100000d6d
0000000000000a89fffffe9900000e07
0000000000001326fffffa9b00000766
0000000000000ba0ffffecfa00000bcf
00000000000015afffffeea400000dda
000000000000cac6fffffa2cfffff875
000000000000dba7000007f7000004d1
00000000000013de000001e30000011b
000000000000e68a000003750000027a
000000000000f3ac00000073ffffffc2
00000000000001800000084f0000015f
000000000000f5be000005d4fffffcca
000000000000f812fffff816fffff858
000000000000f2760000004f00000057
0000000000002260fffffde8fffffbdd
000000000000e6b8fffff9f50000048d
000000000000062a0000003600000944
000000000000f92b00000289fffff856
00000000000006cbfffffd16fffff311
000000000000fba5fffff8fa000003d9
000000000000eb62fffff97900000e4b
0000000000001da9fffff3cdfffff79f
000000000000fd34fffffba700000a01
000000000000fc24ffffff9800000184
00000000000024730000059500000453
00000000000013af00000423ffffedde
00000000000035dffffff8b6ffffefe5
000000000000ea790000089bfffffb69
000000000000de65000005b700000854
000000000000ffa7fffffe810000013b
000000000000ea67fffff91b00000196
000000000000f21b00000ae0fffff059
000000000000e2d00000088e00000948
000000000000fb0f00000569fffffd0e
000000000000e07afffffd1700000a55
00000000000000bcfffffabe000005f6
0000000000000604fffff38900000d39
000000000000f716fffff35bfffffde9
000000000000fb4cfffff66700001263
000000000000ec6a000013bdfffff143
00000000000012e80000004bffffff9b
00000000000007ea00000665ffffff36
0000000000000e4c00000518000000d0
000000000000112300000db9ffffffe4
000000000000fe2efffff8df000001d1
000000000000f556fffff781ffffecd9
0000000000003283fffffd2600000990
000000000000e7ecfffff348ffffe9bb
00000000000016f00000092c000001db
0000000000002b9a00000c23fffff9f8
0000000000002c270000020500000a42
00000000000000e200000dd60000030f
0000000000000c3e00000775fffffa4b
00000000000009cd0000026efffffb52
000000000000d11e000006abfffff8dd
000000000000d45f0000015d00000d6c
000000000000fc56fffffe75fffff8ee
00000000000003d1ffffff47ffffffa1
000000000000fe8bfffff7b600000b15
0000000000000d20fffffe23fffffc1f
00000000000001eefffff7f3000001df
00000000000010b2fffff86300000e8e
000000000000fb3afffff9e0000008ee
00000000000018150000074b00000b87
000000000000fe5200000eebffffef69
0000000000000d1affffea5800000316
0000000000001d7900000597000006c8
0000000000000f04fffffa0900000d2d
000000000000fbb1fffff9940000089b
000000000000d2f900000634fffffbe0
0000000000000caa00000a90fffff4ce
0000000000001ba8fffffa5afffff668
000000000000fcf000000b08000008f3
000000000000fc86fffff68cfffffccc
000000000000f60ffffffe66fffffa40
000000000000f5cc00000e63fffffeaa
000000000000f36e000003f50000087e
000000000000f40bfffffe3d000002af
000000000000f1e800000332ffffe345
000000000000d667fffff7e00000101a
0000000000001067fffff39e000008be
000000000000192700000d68fffffb5e
0000000000000365000003140000055c
000000000000f8b100000c22fffff488
000000000000f8fbfffffd4fffffeedd
000000000000ef110000061c00000974
0000000000000e8700000a730000005a
000000000000eddd00000672000003e4
0000000000000b35fffff77dfffffc4d
00000000000011c5fffff9ea0000091e
000000000000db33fffff096ffffff03
000000000000170d0000014800000227
000000000000e887fffffd1100000412
0000000000002170ffffedd2000009ab
000000000000f761ffffff6600000157
00000000000012ce0000094bffffef6e
000000000000d02dfffff504fffff7ae
000000000000ecd5fffff53900000882
00000000000007b7fffffeca000008d3
000000000000195cfffffd12fffff77b
000000000000248200000c8500000322
000000000000f35bfffff360fffff6a1
0000000000002297fffff8e4ffffffe2
000000000000cb38fffffbc1000012ff
000000000000f31a00000a55fffff9f4
000000000000214600000b3ffffff9bc
000000000000fe9300000180fffff9f3
0000000000002d070000025efffff464
0000000000000bb4fffff6ed000006e5
0000000000000db3000008a20000106e
0000000000000bedfffffe780000098d
000000000000ea2400000520fffffe50
000000000000fe430000011f00000425
000000000000ffabfffffc49fffff7aa
00000000000004f00000036efffff40b
0000000000000a8dfffff9c00000009f
000000000000e877fffff7d0ffffe2aa
000000000000deb1000005b800000262
000000000000055cfffffe0c00001421
000000000000dc7afffffc1efffffc56
0000000000000cf100000a47fffff14b
000000000000f203000008b7fffffda9
000000000000029900000d53fffff6e6
00000000000007810000001cfffff871
0000000000001748000003a0000000d9
0000000000002765fffffcb000000906
000000000000fa04ffffff1900000886
000000000000de9f000000f0fffff8b3
000000000000f0cdfffffd5100001709
00000000000016e3fffffbadfffff71d
000000000000fa88000000bffffffc7e
000000000000ff2bfffffd8200000ce1
000000000000da640000020bffffec8f
000000000000ce24ffffe9a6000007e7
000000000000ec61000004d5fffffa28
000000000000dc6efffff3d2000003bc
000000000000342400000c39000008be
000000000000e1effffff9be000001ef
000000000000f35b00000251fffffcf8
000000000000f176fffffc2f000005bc
000000000000e175000000b6ffffff00
000000000000df44000005d3000005f2
0000000000000a290000031d0000050a
000000000000ecb7000003570000009d
000000000000123200000cde00000047
000000000000df4d000003a200000623
000000000000bdceffffeea5fffffd73
000000000000fe3200001369000008af
000000000000f8d900000c65fffffaae
0000000000002294fffffd7600000b69
000000000000134d0000039b000007fe
00000000000032f0ffffeb51fffffa45
000000000000f3bbffffffb6fffff27a
000000000000221300000247fffff8c6
0000000000000579000004abffffffb6
00000000000012b4ffffed5efffff576
000000000000cb0dfffff1c200000216
000000000000d73afffffc1700000b70
00000000000008fcfffffd25000012cb
000000000000f6d700000a5d00000ad8
000000000000f2a70000121800000c4e
000000000000fde9fffffbcefffff2dd
00000000000001edfffff7970000044f
000000000000dc3effffea36ffffff2c
0000000000000d11fffff45100000edb
0000000000002591fffffa5300000dca
0000000000000975fffffd1300000235
000000000000045d000003b4fffffcbe
000000000000c34500000173000004c3
000000000000130a00000da4fffff5f5
000000000000fa10ffffec0dffffff0d
000000000000e6460000002ffffffb0a
000000000000d7b8fffffec8fffff5c1
000000000000da44fffffbe3fffff3bc
00000000000005fe00000315fffffa1c
00000000000012cf00000043fffff114
000000000000d5250000034d000010b1
0000000000000802fffffc3d00000200
000000000000128efffff8f5fffffcfe
000000000000055d00000476000002db
0000000000001d29fffff326fffffd5f
000000000000dfea00000176fffff3ec
000000000000cbaffffffdb300000089
0000000000002f72fffffdb800000003
000000000000f3ab00000a66fffff154
000000000000d6f8fffffbbe00000673
000000000000e2d7fffff8a600001404
0000000000001c31000000f1000004e2
000000000000c95d0000099efffffac3
000000000000fd89fffff512fffffccc
0000000000000092fffff5e9fffffc7a
0000000000001988fffffe09fffff01c
000000000000e6d400000fd5ffffff87
000000000000f1f00000017000000171
000000000000e234fffff3ea00000984
0000000000000916fffffe27000003df
000000000000f12f000007e500000094
000000000000f9080000002efffff762
0000000000001122fffffe8bfffff7e6
000000000000dc39fffff89200000eab
000000000000d79a00000aa300000716
000000000000e3e6fffffb31fffff01f
000000000000ef7cfffffbf5fffffa45
000000000000fbed00000086fffff898
0000000000000f3d0000014bfffffb81
0000000000001565ffffffeaffffedda
000000000000f90b000005550000042b
0000000000002287fffff5360000075e
00000000000008b6fffff8ca000008da
00000000000013c3ffffeeb5fffff846
000000000000fc4000000587000001f5
0000000000000d8900000f5900000921
000000000000de62fffff22a000000c4
000000000000129d00000538fffff7f9
000000000000f0cefffff9e5fffff27b
000000000000f56d00000584fffff977
000000000000253300001b64fffff668
000000000000fa6bfffff36bfffff63c
00000000000018b7fffffa2d00000631
000000000000173200000308ffffef10
000000000000fbdefffffd8c0000018f
0000000000000b7d0000131700000ddc
000000000000084cfffffaa20000038f
0000000000000eb1fffff98afffffc35
000000000000fab5fffffe2700000fd5
00000000000002ff00000007000006a7
0000000000000395000003ae000001cb
000000000000eb18000004aa000003ee
00000000000019ebffffecdefffffd88
00000000000013a80000063600001156
000000000000228efffffd7dfffffc63
000000000000fba9fffff66d00000094
000000000000fd42fffffa410000055d
000000000000f28b000006100000034c
000000000000272200000ce1fffffbaf
000000000000ea5700000ae6fffffa73
000000000000f4b3000004c7fffff404
00000000000014a900000cbf00000bcb
000000000000f570fffff2e3fffffa13
000000000000fe8e000009a7fffff5b3
000000000000fdfafffffeb4fffff717
000000000000e580fffffeb8fffff4b8
000000000000173b000011b3fffffc16
000000000000f339ffffff4100000be4
00000000000023a9fffff92c0000012f
0000000000001742fffffb340000000b
00000000000019e300000747fffff386
000000000000f75ffffffc37fffffe3b
000000000000ed21fffff7d4000003c2
000000000000f936000001ba0000034d
000000000000185f000000f4fffff2d6
00000000000015fb0000007bfffffbd6
000000000000e88200000a10fffff953
00000000000023b2fffff2c1fffffbe7
000000000000083c000006f80000036a
000000000000ff3200000b9600000152
000000000000d12afffff6d0000002af
00000000000025dcfffff9c1ffffffbe
0000000000000b210000103c00000fd7
000000000000e30500000486fffffa7c
000000000000fe32000002bc000004c0
0000000000001b37fffffc4cffffff17
000000000000fc2afffffbfbfffff49d
000000000000e2a20000041d00000073
000000000000cfcf00000315fffffc3d
0000000000000aa6fffff2580000054a
000000000000d122000001b2000009be
0000000000002d41fffffdb8ffffffa6
000000000000fe7c00000b5ffffff0ea
000000000000069ffffffaba000001d3
0000000000000a08000007930000049f
000000000000ffffffffe31afffff94d
000000000000f76cfffffbcd0000044d
000000000000ddfdfffff74ffffff4a2
000000000000030efffff924fffff3ed
000000000000fa5300000515fffffd8d
0000000000000a5900000700fffff679
00000000000005dc0000167a0000025c
000000000000c014fffff421fffffe86
000000000000f3d7fffff53efffff330
00000000000017cf00000b7700000275
000000000000ea1b000006c5fffff53c
0000000000002388fffffe11fffff923
000000000000efeefffff5bffffff239
000000000000fd19000003defffffb61
000000000000eb890000019c000001bf
000000000000ed8b00000f3a000007f9
000000000000fc11fffff54cfffff7b0
000000000000f8f800000f4600000363
000000000000d8dcfffffa30000001d9
000000000000ea30fffffed0000008a4
0000000000000e18fffffdb7fffffef8
000000000000fb23fffff93700000251
0000000000003107fffffcbefffff7e9
000000000000f347ffffff83000001a7
000000000000f9200000050f000004b4
000000000000057efffff305000009aa
00000000000008beffffff53000011fb
0000000000000b0a000009fc0000017f
0000000000002e86fffff914000006af
000000000000193affffeffc000003d4
000000000000068800000b5f00000882
000000000000db1e00000aebffffffe1
0000000000000f910000059bfffff3fb
0000000000001af80000070100000893
00000000000005ec000008cffffff707
000000000000f875000009cb00000474
000000000000ef5bfffffef7fffffcd9
00000000000019690000101efffffe54
0000000000001257000007a2ffffff45
0000000000002279ffffffc2fffffed4
000000000000fc61ffffff1bfffffc0d
0000000000001a37000000e900000176
0000000000000153fffff73700000288
000000000000f046000000eafffffadf
0000000000001574fffff74bfffff983
000000000000dd08fffff8f500000706
0000000000000f4f00000b02fffff459
000000000000fb6e00000024ffffec11
000000000000e1b500000254000004a2
00000000000015c000000cccfffffabd
000000000000ee5300000b74000000b2
000000000000fcbefffffa17fffff56a
000000000000176afffff98a0000049e
000000000000292300000c170000116b
000000000000098e000008fd000009dc
000000000000db71fffff539ffffff8a
0000000000001c8100000f410000055c
00000000000010d2fffff93c00000299
0000000000000f8e000011aafffff87c
000000000000ea0b0000029f000003c7
0000000000002beffffff8d100000337
000000000000f96cfffff8ae00000282
000000000000eddf000004f4000000d1
000000000000fd9800000572fffffde4
0000000000000c10fffffc91fffff591
0000000000002bea00001412fffffef5
000000000000f0f800000d0f00000029
000000000000f9effffff691ffffea3e
000000000000f4c800000fd3fffff83b
000000000000dd7dfffffe7f000002bd
000000000000c7e10000018700000377
0000000000001490fffff41ffffff3ab
00000000000002d4fffff138000001a7
000000000000eba2ffffef5400000c7c
0000000000000cba00000d42fffffc26
00000000000018c9fffffa64fffffc64
00000000000012c40000048cfffffab6
00000000000017510000152100000ce2
00000000000025be00000391000000cc
000000000000e9e2ffffffd1fffffd88
000000000000ebe700000886fffffb5d
00000000000026720000063affffff2e
0000000000001908000003d3000001d4
000000000000010900000350fffffd7e
000000000000f778000008c9000003b9
000000000000f86afffff28d00000677
000000000000feacfffffc8e00000404
0000000000000b69000008f6fffff154
0000000000001855fffff3da00000282
000000000000df9b0000085600000aa7
0000000000000c29000006060000101e
000000000000eb3dfffffb61ffffff70
000000000000ff870000002f0000041c
000000000000fa97fffffe62ffffffc5
000000000000f06d00000c2900001d51
0000000000001f81fffff421fffffc4a
00000000000021d3fffff8f2000001c3
000000000000114bfffff690000006e1
0000000000001252000011bf0000164f
00000000000010d900000a2200000a13
000000000000fe6afffff28c00000317
00000000000010b9fffffd59fffffdca
000000000000fed3000006f700000973
000000000000ff3b00000f1dfffff98a
0000000000001a7ffffffaeffffffbae
000000000000108ffffffc3efffffbb2
0000000000000884000007c7000005f8
000000000000094600000454fffff465
00000000000000a3ffffffc2fffff135
000000000000f742000000e8fffffb8e
0000000000000f6600000072fffffc3c
000000000000f2f4fffffd810000025d
0000000000001aadfffff5bf000003f3
000000000000e25b0000043ffffffc8f
00000000000025700000092500000363
000000000000ff410000051d00000073
0000000000001bf9fffff6b4ffffec4d
0000000000001910fffff87d000001f3
000000000000f631000012f3fffff80f
000000000000e41bfffff852fffff9b7
000000000000f338fffffd9dfffff2a1
000000000000099000000a5e000011fc
00000000000022e0fffff519fffffb0d
0000000000001b1f00000eb600000ae0
0000000000000e7e00000910fffffefb
000000000000d2b7fffffc130000096d
00000000000013f3fffff385fffffd26
000000000000f63effffff88fffffd87
00000000000004940000113000001412
0000000000001fd80000008f00000037
000000000000eaecfffffb7100000200
000000000000e892fffff9f1fffffdfc
00000000000005fa00000090fffff9ed
0000000000000ea6000000a9fffffd6c
000000000000fd4e0000061800000266
0000000000000d7e000005ea0000186d
0000000000000738fffffac900000077
000000000000f9c3fffffbcefffff990
000000000000318f0000056ffffffb3b
000000000000ef4500000644fffff45a
000000000000e7d6ffffedeefffffc3e
0000000000000775fffff603fffff7fb
00000000000016a9fffff3a5fffffbc4
0000000000000e4100000ae50000042a
0000000000000bb4fffff080fffff779
000000000000ec5a000005d5ffffeee6
000000000000234efffffb42fffff7ce
000000000000f89000000169fffffd7c
00000000000017cf00000b4e00000436
00000000000010c4fffff531000003f7
000000000000cb400000110dfffffebc
0000000000002532fffffb660000082a
000000000000d3980000030f000001a0
000000000000d8f1000003d800000d91
000000000000f6d2ffffff4ffffffbe6
000000000000188cfffffde5fffff727
000000000000f46efffffc44fffffcf9
000000000000f3aa000004b2000000c3
000000000000cff5000005c300000ccd
000000000000d8f1fffffcb300000115
000000000000bdbfffffff49fffffaeb
0000000000001af7000002130000133d
000000000000df160000067ffffff553
0000000000000cc100000649ffffee87
0000000000000f48000009d2fffff8c7
000000000000f3870000033cfffffde3
000000000000e6db000013df000008a1
000000000000e5ad00000069000002f5
000000000000f5f4000006e2fffffd38
000000000000028ffffff483fffffdde
0000000000001a180000030500000b31
0000000000001ae80000067000000bf8
000000000000f9cefffffbdd00000e7a
00000000000000ccffffef36000001e7
00000000000011220000026b00000033
00000000000011c2000010d6fffff50a
000000000000f0a30000096cfffff68a
000000000000fb9f000000d700000a9c
0000000000000907fffffb1f000009e0
000000000000282cfffff023ffffff89
000000000000f36100000268fffff672
000000000000fa2cfffffd31fffff803
00000000000014fe0000059f00000518
00000000000007a30000127500001239
0000000000000fa0000006d6ffffff62
000000000000ce38000001cb00000612
00000000000001f30000067dfffff343
000000000000f7c2000006bd0000017f
000000000000fa740000069800000104
000000000000ec7600000a2d00000db1
000000000000db8e000002c500000030
0000000000002738000000b4000003b3
00000000000006ed0000054efffffffa
000000000000fd61fffffd05fffffd41
0000000000002395fffff1f30000023f
00000000000011b700000980fffff89f
000000000000ed3bfffffcaf0000014e
000000000000ea8afffff243fffff482
000000000000057e000001b9fffff587
0000000000002027fffff544fffffd42
000000000000f47d00000e6dfffff319
000000000000f549ffffff0300000194
000000000000f91b000001a9fffff28f
00000000000009eaffffff2efffffcab
0000000000001077000012eefffff3c8
000000000000ee4afffffdad0000128e
000000000000f599fffffb4f000006f2
0000000000000da800000dbb00000592
0000000000000feb00000608fffff961
0000000000001853fffffc22ffffffdb
000000000000d5240000027400000aa7
000000000000eac7000002b8000006b0
000000000000dd2e00000d94fffffc43
000000000000ff17000001c3000004cd
0000000000000a1f00000ec2ffffff54
00000000000039e600000900000009ba
00000000000015530000002f0000041e
0000000000002574ffffecba00000561
000000000000077bfffff654fffffc92
000000000000058bffffef3700000254
00000000000024a5fffff6d000000325
0000000000001947000011c3fffff42d
000000000000d15d000002acfffffae0
000000000000fb94fffff893000000bd
000000000000ddfffffff66afffff9d3
0000000000000582fffff997fffff96b
000000000000eeafffffffdd00001260
0000000000002032000009e8fffffde6
0000000000000b35fffff2adfffffb4a
00000000000010c6fffff2110000025d
000000000000eb8700000285fffffda2
000000000000e49c0000044400000a07
000000000000202a0000029200000492
0000000000000ed600000d31fffffb97
000000000000015dffffff62000005a4
0000000000001d5c000000aa000008fa
00000000000001f9fffff6220000037e
000000000000f847fffff47d00000d0a
00000000000018fbfffff9e0fffffc31
000000000000ff3afffff3a50000012e
0000000000002f7a0000023afffffa06
00000000000003040000103a00000090
00000000000023db00000123fffffe69
00000000000027060000059200000c5d
000000000000facafffff9010000040f
000000000000e7d3fffffe9d00000a9b
000000000000ff6effffff9efffffa2e
00000000000000fc000010a900001227
000000000000216cfffff02ffffffa60
000000000000dea500000269fffff96d
000000000000e462fffffebbfffff08f
0000000000000b6800000823fffffd7f
000000000000ebbffffff4540000021b
000000000000ce5d000003edfffff45f
0000000000001d210000075d00000126
0000000000001a7b00001ac4000010fc
000000000000f166ffffffeb00000588
000000000000031cfffff827fffff8c5
0000000000001431000000f3fffffdb8
00000000000022230000032a00000389
000000000000efc80000062bfffffec9
00000000000008b60000095300000d2b
0000000000002148fffff543fffffc15
000000000000e066000005e4fffffec4
000000000000ec5cffffff7300001cfe
000000000000e26300000196000002dc
0000000000001389fffff17a000007e5
000000000000e80d00000880fffff33d
000000000000fbbdfffffd1400000144
0000000000000aad0000073f00000d3a
000000000000c5dbffffec88000005f8
0000000000001eacfffff69900000954
000000000000ff7afffff334fffffdee
00000000000018befffff855fffff223
000000000000f5cd000006e600000d10
0000000000000704fffffd9b00000276
0000000000001e39000003aafffff29e
000000000000f44a000003b6ffffef5e
000000000000e74600000c07fffff8e2
00000000000004d9000013f200000826
0000000000001b410000107700000776
000000000000e477000004a0fffffd62
000000000000f195fffff9db00000dbf
000000000000fa48fffff49a00000d49
0000000000001622ffffff70fffffa37
0000000000000e4f00001a9fffffee67
0000000000000ff2fffff07700000d3f
000000000000e3c4fffffcad00000120
000000000000fd920000000800000989
0000000000001254000001a100001a25
000000000000f5e200000a64fffff5ad
000000000000f16d00000906fffff71f
000000000000ebfffffffae300000959
0000000000000c3000000142fffff39b
000000000000f4ff000008b700000841
00000000000004f5fffff05600000443
000000000000e3bafffffec200000cd0
000000000000f6ea00000942fffff7a8
000000000000c5760000083cffffef2c
000000000000f8ba0000055cfffff334
000000000000e3f000001b0bfffff6ba
000000000000008100000fb90000018c
000000000000efdd00000dd400000af8
0000000000005028fffff031000007d6
000000000000edbdfffffc4300000beb
0000000000001c8efffffc80fffffad8
000000000000f86700000d4a00000abe
000000000000f461000005d8000002a8
000000000000e0f1fffff91c000006e5
000000000000f6fffffff41200001064
0000000000000a0dfffffc38fffffa15
000000000000e9790000141f000006ac
000000000000edfc000011befffffa68
0000000000000b5affffff34000004f2
00000000000006b100000d900000050c
000000000000baf1fffffe66fffff1aa
000000000000fc35000002e30000089f
000000000000e61400001183ffffff95
0000000000001b0000000488000005e7
000000000000f00c000018e1000001c8
000000000000baa8000014a5fffffaf7
000000000000e850fffffd19fffffc42
000000000000ecdb000001520000030a
000000000000d30cfffff9d1fffffe97
0000000000000d35fffff9e9fffff6a0
000000000000fe8500000ab700000bf5
0000000000001619fffff63e000005f4
00000000000004be00000d46ffffed70
000000000000f01afffff130000006f4
00000000000026ad0000011f000005fe
000000000000efaafffffda300000178
000000000000f483fffffc20000004cf
000000000000e88d0000003a00001557
000000000000f438fffff935ffffecfd
00000000000007510000049afffffaa1
000000000000370bfffffa680000038b
000000000000f9ddfffffd28fffff2a0
0000000000000bab000006ae00000552
000000000000efb9fffffaf0fffff8b4
000000000000fad8fffffbd6000001dc
0000000000000a4afffffcecfffff9e6
000000000000fb73ffffeef200000bfa
000000000000fdddffffffd200000481
000000000000423700000a8ffffffd91
000000000000fa39ffffff44fffffb99
000000000000f78a000001f2ffffffaf
00000000000017940000001000000b41
000000000000db2dfffffa6effffff07
0000000000000013fffffafc00000663
00000000000009ba00000e7300000cfc
0000000000001acbfffffdeafffffb75
000000000000e2f700000495fffff9d2
00000000000001adfffff3fefffff8af
000000000000045efffffbf800000025
000000000000fddb0000007e00000380
000000000000ff1ffffff42900000dc0
0000000000000434fffff84efffff50f
0000000000001ca4fffff93ffffffef0
000000000000fa4bfffffc8dfffffc8f
000000000000ed8000000b46ffffe75d
000000000000fe80000006a2fffffa7f
000000000000fd84000009ab00000122
000000000000ee340000029000000430
000000000000e98e0000050100000a8a
0000000000001da9000003a0fffffa3b
000000000000fd2cfffffb9000000993
000000000000180a000001c0fffff504
000000000000ed4e00000ec5fffffe30
00000000000018a50000092d00000800
0000000000000236000011d30000120e
000000000000e70bffffff6f0000096f
000000000000147b000000e0000001b8
000000000000dc74fffffc4800000b56
0000000000001c040000048c00000039
000000000000f8fd00000395fffff96e
000000000000fe5bffffff3200000830
00000000000006c7ffffea91fffffcf9
000000000000f792fffff70cfffffd54
0000000000001911fffff3ecfffff657
000000000000e73dfffffc1900000412
000000000000f9590000044bfffffe7c
00000000000009f70000050cfffff22c
00000000000005fcfffff2d100000666
000000000000e76200000239000011de
000000000000fde900000b1ffffffb6e
000000000000168cfffff875fffffd1b
0000000000000eb9ffffe6a6fffffbdd
00000000000015cdfffffc9bffffffc2
0000000000000020000006d6fffffe11
00000000000020c4000005f200000931
000000000000f387000004ccffffed83
00000000000006640000064a00000bed
000000000000f19000000c0f0000076f
0000000000001b3e0000100800001788
00000000000023f3fffffe14fffff01e
00000000000017bf000002effffffc3c
000000000000ff4afffffe69fffffb6e
0000000000000c7effffecfa000006b7
00000000000038eefffffa2a00000209
000000000000fc2a0000091b000005d1
00000000000022820000099d000011a3
000000000000eb80fffff6cffffff30a
00000000000013d700000644000004c6
000000000000e32300000f78ffffec55
0000000000002cd1fffff947fffff7d0
000000000000fe12fffffa0600000a5f
00000000000003490000049cffffeeb2
00000000000026bffffffbdffffff4e1
000000000000f889fffffdf4fffffd04
000000000000fbfafffff9d6fffffa6a
000000000000f8a1fffffedaffffec5e
0000000000000ba5000005faffffe90f
0000000000000f4cfffff98b00000524
0000000000000d3bfffffb8afffffdf4
000000000000f8cefffffdf10000012e
000000000000ffda00000119000000b9
0000000000003171ffffff9900000572
0000000000000517fffffd9700000197
000000000000f2fdfffff6defffff780
0000000000000aedffffff1dffffea9a
000000000000155200000c2cfffffabf
00000000000019ec000012a4fffff11f
000000000000fdb4fffff0fdffffeec7
000000000000026000000437fffff3a8
000000000000087a0000022900000d4c
00000000000006cffffff33a00000be0
000000000000f4c5fffff369fffff634
0000000000001482fffffcc5fffffb40
000000000000175efffffc6500000bec
0000000000000e99fffff73bfffff928
000000000000e45efffff994000006a9
000000000000f065fffffc1f00000f52
000000000000dbe7000000c60000043a
000000000000ee4efffff993fffffe33
000000000000f2dc000004e2fffffcb2
000000000000f716fffffecc00000f1f
000000000000fec6000007a000000256
000000000000f48ffffff0f0ffffecbb
000000000000eddb000008bafffff1e4
000000000000f5da00000127fffffda4
000000000000178dffffef9dfffffd41
000000000000f0050000000200000286
000000000000e7f8fffffa46fffff850
0000000000000fe2ffffff40ffffeeb8
00000000000006ec000004f500000edf
000000000000f8c3fffff12200001866
000000000000ccf60000163200001356
000000000000f18b00000bfc00000418
000000000000e211fffffab3fffff65d
000000000000d9a3000003b90000025a
000000000000f079fffff938000005d8
0000000000000b30000000f300000686
000000000000ef93fffff4b2fffff6c0
000000000000d6a0fffffeb2fffff415
0000000000000b14fffffc8fffffee84
000000000000fbd1fffff34100000493
0000000000002d49ffffffa6fffff967
000000000000ec26ffffff80fffffee4
00000000000031dcffffe93c000008b4
0000000000000df0000004a2fffffa3c
00000000000020f900000ab60000041d
000000000000e4d2fffff483fffffa6b
000000000000ffc1fffff86200000209
000000000000eeaefffffa59000005f9
0000000000002751000006a2fffff9e3
000000000000eb3afffff6a200000eee
00000000000005f6fffff28cfffff79b
000000000000fccdfffffbf7fffffa1a
0000000000000e2900000a8e000009a1
0000000000001a3cffffff8100000527
000000000000eebd000004ecfffffb8e
000000000000ffc10000053c00000274
00000000000003ecfffffd44000006e0
0000000000001bc300000ff3fffffd5a
00000000000008affffffbc2000010a9
00000000000002b8fffff184fffffaa4
000000000000fd7d000008f700000a46
000000000000c2580000156e0000042e
0000000000001a150000057a00001353
000000000000101ffffffde800000bc7
00000000000006d2fffff2e600000c23
000000000000d647fffff83b000002eb
000000000000f2630000119f00000110
000000000000117600000475fffff5bd
000000000000fd33fffff7c5fffffaf3
000000000000eb43fffffecd00000594
000000000000f7870000046c0000038c
000000000000d71600000982fffff850
000000000000102afffff61500000918
000000000000ebc00000006b000001d6
000000000000f0ec00000a0cffffffd2
0000000000002af800000d3f00000125
000000000000ea9100000654fffff756
00000000000005eb00000bfb0000051b
000000000000efda00000948000000dc
00000000000003f70000005a000001f7
00000000000028a2fffff5dbfffff68a
0000000000002b4b00000ffc0000018c
0000000000004082fffff49dfffffd38
000000000000caa10000000500000470
000000000000ed66fffffeacfffff7f0
000000000000d65afffffea5fffff6d3
0000000000000f33000001fd00000c15
0000000000000e34ffffeeeafffffe58
000000000000fcb8fffffea4ffffef05
0000000000000daa000006b7fffff607
000000000000ebeafffffec8000009ef
0000000000000b74000001c4fffff29f
000000000000f368fffffcf9fffff398
000000000000f93600000c94000007ca
000000000000ecd100000897fffff12d
000000000000067c00000097fffff4ce
000000000000ef40fffff931ffffeefe
00000000000021b60000050bfffff3eb
00000000000009d000000dd9fffff92c
000000000000fe3afffffe18fffffdea
000000000000e8fdfffffde1fffffaf4
000000000000fef70000025effffff67
0000000000000d47ffffea9e0000012e
0000000000001227000004d3fffff301
0000000000000279ffffee29fffffdec
000000000000ffc900000a4cfffff9f2
0000000000000cddfffffd7cfffff41d
000000000000076800000ba50000007b
0000000000004ac700001966fffffcac
000000000000ec4700000761fffff511
000000000000d056fffff071fffff543
00000000000006dbfffff4adfffffe36
0000000000001ea3000011a6fffffead
000000000000e0cafffff687000011b6
0000000000000158fffff6c500001026
0000000000002640fffff924fffff3dc
000000000000ebf600000a1ffffff979
00000000000016c400000e02fffffc7a
00000000000000c300000f81fffffab9
000000000000e1b2ffffea99fffffd1a
00000000000000fefffffb9afffffd99
0000000000000ce200000963fffff6fd
00000000000017ed00000adffffff617
000000000000f358fffff3a5000001e9
000000000000ee41ffffff5a000000b4
000000000000f66300000af30000053e
0000000000001832fffffe35fffff968
000000000000f9ce0000103b000007f4
00000000000030530000014000000716
000000000000fd0800000d890000011d
000000000000fdc2000009ee000016c3
0000000000001341000003f0ffffff80
0000000000000ae2000009a700000024
00000000000007c300001109fffff03b
000000000000fff3fffffdf300000d66
00000000000017eb00000d7ffffff153
0000000000001a0a0000056c00000263
000000000000f0d500000fe800000e78
000000000000048efffff776000002f2
000000000000361c00000096fffff805
000000000000df9100000a9c000005a9
0000000000001c6500000090fffff7f8
000000000000055a000004ccfffffdaf
000000000000f9e500000e55fffff489
000000000000cad9000000defffffd1a
000000000000fb10fffff092fffffb03
000000000000f28ffffff66cfffff5f6
00000000000003f700000001000001da
0000000000000ff9fffff9d7ffffee51
00000000000001e000000635fffff404
000000000000ebaeffffff7ffffff86d
000000000000e87c00000763fffff2e6
0000000000000eac00000c3200000f91
0000000000000c5000000eb600000b5a
00000000000016e3000008940000029b
000000000000fb45ffffede600000a5d
000000000000327d000010e20000014a
000000000000300b00000d0100000b87
0000000000001f49fffff6eefffff820
000000000000017700000a070000080c
00000000000006f400000774000003b5
0000000000000f0affffeddf00001053
0000000000000773fffff42c00000242
00000000000003f4fffffcf3fffffe24
000000000000f4ed00000916fffffb85
000000000000f3a6000006b9fffffcd3
000000000000f4a2fffffcd8fffff3ad
000000000000108bfffff6e400000202
000000000000f9dd000007c600000206
0000000000000224000008bcfffffd74
000000000000f833ffffe8effffff3b5
000000000000e392fffff766000008c6
000000000000127d00001051fffff1f2
000000000000f892ffffff1bfffffb7d
00000000000018710000046a000008c7
0000000000002376000009cffffffb30
000000000000145d0000031600000a1e
000000000000232b00000941fffffd17
000000000000fa6400000a63fffffc73
00000000000007a4ffffefe2000002f5
00000000000005effffff8f5fffffbed
000000000000e598fffffd8000000191
0000000000001a2800000ce5ffffff50
000000000000110c00000666000005da
0000000000000e5cfffff06afffffa6b
000000000000013e000004e0fffff536
000000000000fd99fffffa78fffffa80
0000000000000191000000d8fffff018
0000000000002348fffff91d00000268
000000000000fe24fffff56900000042
0000000000002b0c000005a5fffff72c
00000000000019e4000000ee00000cdb
0000000000002152000004bafffff69b
000000000000e4c1ffffefacfffffa33
000000000000163bfffffd79000005ea
00000000000012ac00000117fffffc31
00000000000011c5ffffffef00000204
000000000000f6f8fffffdaa000004b6
0000000000001089000001effffffa4f
00000000000012d800000449000011a6
0000000000002b8500000ac5fffffe6d
0000000000000fe30000043e00000b4b
00000000000014a700000379000005de
000000000000e89f0000026affffe507
0000000000000b03fffffc7f00000319
000000000000f7a700000a9ffffffee2
000000000000193500000ba1fffff932
000000000000eddcffffff9d000003c7
000000000000e91500000105fffff908
000000000000f8d8fffffad8fffff8af
000000000000eed8fffff5fb000006f9
000000000000f827000005e7000000ad
000000000000011900000c9d00000ad5
000000000000f13700000e9bfffff89a
000000000000edb200000619000001af
000000000000db1dfffff2befffff6a7
000000000000f619000008deffffedb4
000000000000fe74fffff70800000d68
00000000000012160000049b00000af0
00000000000005090000145a0000069d
000000000000fc99fffff729ffffefde
000000000000f9b5000009160000023f
000000000000060afffffe20fffffe84
000000000000f7f4fffffea200000c97
0000000000002eacfffffb9c000002ad
0000000000000bd1ffffff91fffff9c8
000000000000dc130000001500000470
00000000000008db0000045500000313
000000000000ee4700000904fffff6e4
000000000000166700000821fffff59f
000000000000c21100000c7dfffff9cf
000000000000f63e000007aafffff8ef
000000000000034afffffa22fffffd04
00000000000017c400000facfffff59a
00000000000012b9fffffe5f000006bb
00000000000027750000058afffffa58
0000000000001915fffff31bfffff9f5
0000000000002649000002be00000048
0000000000000928fffffa0dfffffa35
00000000000009a80000044b00000ab8
000000000000de37000002800000022f
000000000000062a00000427fffff42f
000000000000e6ebfffffbb000000225
000000000000dc860000026afffff9f9
0000000000001b3e0000039cfffff31e
000000000000dca9000001fcfffff2ef
000000000000fcb700000d30000000f7
000000000000f4f800000161ffffffb1
000000000000f4a5ffffe9be000006c1
000000000000f43d00000a9efffffef9
00000000000029bafffff8f6fffff9f8
0000000000000d9e00000d8d00000012
000000000000e6c700000f67000004e7
00000000000007e4000000f20000031d
0000000000000305fffff5b70000005d
0000000000002324fffffb1affffffed
000000000000f819fffffa40fffffdc3
0000000000000b18fffffebd00000017
000000000000f8a20000094c000000a9
00000000000012dcfffff428ffffecef
000000000000ecbbfffff626000008a2
00000000000010bd000010cf00000452
00000000000030a6fffff602fffff961
000000000000eacbfffffd9100000325
000000000000e48f00000154000005e5
000000000000eca800001099000014b9
000000000000e28400000cda000002f4
0000000000000048fffffd2000000544
000000000000fe37000007fa000005ae
0000000000000dc6000000b20000033e
0000000000001127000005e400000f67
0000000000002240fffff31200000096
000000000000f6f80000048800000c68
0000000000000a42000003dafffff884
00000000000010c3ffffff92000016d1
000000000000d3f6000000dffffffb66
000000000000ee16fffffb1200000727
0000000000000a73000004de000000fc
0000000000000604ffffec8dfffff2c6
000000000000079c0000058d00000c5f
00000000000013ca000008d6fffff755
0000000000000448ffffe7380000012b
000000000000f33d00001905fffffd2e
000000000000270f00001482000008a6
000000000000f1070000138bfffffe56
0000000000000594fffff25a00000e17
0000000000001478fffff122fffffa89
0000000000001de2ffffeb7afffffbdc
000000000000dc9efffff94d0000091e
000000000000f2e5000001dcfffff7f8
0000000000000164000012030000077e
00000000000000fb00000f710000067e
0000000000002313fffffebf00000a3c
000000000000fd2afffff74800000d7a
000000000000eb9cfffff440fffffe2b
00000000000008d1fffff55c000010c9
0000000000000b51ffffe5fcfffff1b7
000000000000060b0000003800000f66
000000000000ef72fffff7b2000001dd
000000000000163cfffff46efffffa05
0000000000000e35fffff866fffff569
0000000000000f5cfffff903fffff7da
000000000000fb0c00000d4c00000abf
000000000000e51ffffffc6f00000417
000000000000e70e000007390000086c
0000000000002ca20000014900000a86
000000000000016bfffffa1cfffff744
000000000000009b00000dcdfffff67f
0000000000001285ffffffe6000008be
0000000000001356000006d0ffffff51
000000000000e6f7fffffc23000006b8
0000000000000ea0fffff447fffff4a0
00000000000002e8fffff00efffff92b
00000000000027a5000009ccfffff32d
000000000000fda2ffffee83ffffed4a
000000000000ff85fffffa86000000d5
000000000000fcae000004c1000008df
000000000000fbaffffff509fffffe76
000000000000087900000c81000019ff
000000000000f1bffffff3e8000000bd
0000000000001a57fffff6c100000516
0000000000000cdc000008ae00001c98
00000000000035e0fffff8640000018b
000000000000f8d1000000170000035c
000000000000f85400000af400000065
000000000000fe030000009f00000156
000000000000eb26fffff5b2fffffc00
00000000000044200000105000000053
000000000000f2330000042400000039
0000000000002210000001a4fffff1c4
000000000000f3dcfffff364fffffcda
000000000000f49bffffe80dfffffee7
000000000000ea920000031afffffbcd
00000000000010acfffff33efffff7ee
000000000000e8f100000133fffff599
000000000000df8f0000095d00000623
0000000000000cdcfffffc4c0000025c
0000000000000d42000012e800000a34
000000000000fdfc00000206fffff2f0
000000000000f807fffffed7fffff847
000000000000f4cafffff896fffffa84
0000000000001d5dfffffbdd00000b58
0000000000004338fffff4400000045c
000000000000ef6afffff904fffffd81
000000000000e646ffffee940000142c
000000000000ff30fffff95cfffff11d
000000000000efdbfffff700ffffff38
000000000000f3a7fffff8b1fffffa5d
0000000000000061fffffe1e000000ef
000000000000f94e000000d6fffff5c2
000000000000e61ffffff64600001c34
0000000000002f710000049fffffee71
000000000000d696fffff73a00000af2
0000000000001b1b00000db3fffff101
000000000000fd7dfffffbbb00000ca5
000000000000ed9a0000022a00000073
0000000000000270fffff31ffffffad7
000000000000e53300000079000010d1
000000000000fc57fffffa3800000886
000000000000144e00000ea9ffffff95
000000000000244efffffbb70000089f
000000000000e8b70000006dffffff45
00000000000016e0ffffeb0dfffffb29
0000000000000fcc000002710000060e
000000000000fbc5000001e4000008bb
0000000000002120fffffc0d000007aa
0000000000000368ffffee71ffffef23
0000000000001f00000002b100000092
000000000000346f0000041c00000d12
000000000000e4b30000002effffeef7
000000000000f5ba00000a3d00000034
000000000000cb3900000f9dfffff1e1
000000000000fcacffffea58ffffff99
00000000000014e0ffffe62200000478
0000000000000721fffffc5400000087
0000000000001e4ffffff96100000f02
00000000000005b900000ceafffffbd7
000000000000ea79fffff377fffffb6a
000000000000eda3000005caffffff8b
000000000000edcf0000058700000715
000000000000c5abfffff8a2000009b2
000000000000d7ae0000122ffffff820
000000000000edb0000002c5fffff549
00000000000009cf000007ef000000bf
000000000000cf54fffff2bc00000471
000000000000f40c00000623fffffc82
00000000000005f7fffffb5300000f63
000000000000081dfffff5cdfffffab1
000000000000fcd80000073ffffff30e
000000000000f9befffff3dafffff45f
0000000000000aa600000755fffffc7f
0000000000002dedfffff95cfffffa59
0000000000002203fffffeeffffff132
0000000000001623000005ecfffff87d
000000000000112cfffffdb500000969
0000000000000b84000005a6fffff186
00000000000016ef000006defffff762
000000000000e7a4fffffd57fffffeb8
000000000000f29c0000029d0000011f
000000000000e18ffffff218000009e8
000000000000ed1d0000050000000e69
000000000000d63800000065fffffa48
000000000000d6bc0000030000000313
000000000000ef0f00001877ffffff02
0000000000000229fffff2f400000c57
00000000000031defffff39000000735
000000000000f221fffff064fffff3c4
000000000000e868000007dbfffff57b
00000000000007d2fffffde400001018
000000000000fcd500000101fffffc69
00000000000035810000026a00000bd9
0000000000002126fffff45900000303
000000000000dcaffffffd5d000007f8
000000000000cee6fffffdea00000119
000000000000f64bfffffa0f0000071a
0000000000002ac9fffffec900000a85
00000000000004c3fffffe41fffff81c
0000000000001cbefffffe6afffffe14
000000000000d6d7fffff460fffffda5
000000000000e202fffffd74fffffdb8
0000000000002181000008c1000003d8
000000000000f321000003f7000010fb
0000000000000b04fffffb0cffffe4a6
000000000000ff8d000001dffffffa77
0000000000000d1b0000027300000037
00000000000008490000065d0000029d
000000000000052300001118fffff98b
000000000000edf2fffff64600000117
000000000000f868000001a8fffff0a1
0000000000001d86fffff752fffff524
000000000000fb1c00000164fffffc05
0000000000001502ffffeef8000003ae
000000000000eef6fffff378fffff860
000000000000ffab00000994000001f5
000000000000f1eafffff0da000008bb
000000000000fd8f00000845000009b1
000000000000f17dfffff3f8000009cd
0000000000001ee3fffff651000005c2
00000000000014f5fffff2f400000689
00000000000019a60000098a00000ee5
000000000000144400000086ffffff2e
000000000000e63d0000062cfffff236
000000000000f2b8fffffb09ffffff63
000000000000e60600000546fffffd84
0000000000000a6afffff491ffffea1e
000000000000d5d800000089000007eb
000000000000ee80000001b8fffff2ce
00000000000017c6000000c70000019c
0000000000001b32000004dffffff7b4
000000000000f25d000002b5fffff881
000000000000edd1fffffc5b00000665
0000000000000f43fffff520fffff9c1
000000000000e502fffff2f0fffff39a
000000000000050c0000083bfffff830
0000000000002455fffff78afffff97a
000000000000f15ffffffb36fffffe82
000000000000f35300000740fffff531
000000000000c8640000125e0000085c
00000000000024a0fffffd13fffffd28
0000000000000c8000000184000007e2
000000000000e940fffff46c000002f6
0000000000000f2efffffdc100000269
000000000000fe0bfffffd48fffffc9d
00000000000009fcffffff4100000a2e
000000000000e05c00000015fffff8c7
000000000000c66000000c0f000000b2
000000000000e702000007ef00000c32
000000000000dd3cfffff58cfffff76c
0000000000000177fffff5fdffffeb4d
0000000000001ca2fffffd08fffffd92
000000000000e8a6fffffedbfffff375
000000000000edff00000857fffffa15
000000000000f139fffff60500000b80
0000000000000137fffff931000005f3
00000000000003da00000ceffffff80f
000000000000fbf7fffffc3e000004e8
00000000000015dbfffffdc2fffff6d5
000000000000efce00000fa0fffffcba
00000000000025d80000076ffffffca4
0000000000000d3ffffffd4effffed2f
000000000000fb2dfffff56fffffef07
00000000000010ef0000007f00001090
000000000000fda000000503fffffd8e
0000000000002366fffffa7700000225
000000000000fa9bfffffd0800000735
00000000000020070000029300000b74
000000000000f3b90000097d00000f55
00000000000012ff000009b7000005de
0000000000000cc50000056700000574
000000000000fd4c00000edffffffb24
000000000000ce300000069f000003f7
000000000000392b0000041300000921
0000000000000d86fffff135fffffaab
000000000000c801fffffa2500000b82
000000000000172bfffff9d1ffffee2c
0000000000000070fffff179fffff88b
000000000000e4a6000009ccfffff1d3
000000000000f66200000386fffffa41
000000000000e3080000032f0000098e
000000000000f97efffffabbfffff8cd
000000000000141cfffffdbcfffff8f4
000000000000f899fffffbbcfffffaf7
0000000000000d3cffffea92000008fa
000000000000fe4e0000046dfffffc38
0000000000000cb0ffffff6100000458
000000000000177ffffff8e4fffffe5d
0000000000002d3bffffef4a00000bcc
0000000000000d12fffff8b3fffffb5a
00000000000008d8fffffba200000043
000000000000262600000419fffff28e
000000000000f0c90000013300000301
000000000000ee0dfffffc77ffffffc6
000000000000e38efffff5e9000001b5
000000000000edab000005f20000026e
00000000000026b9000004b3fffffdce
000000000000f22d0000013ffffffac1
000000000000fb87fffffa4bfffffec0
0000000000000365fffffa6600000a06
0000000000002f610000018bfffff4a2
000000000000fe9efffffb5c00000584
000000000000fe9affffea20fffffdb2
0000000000001be90000017d000003c1
0000000000002307ffffefeeffffffe4
0000000000001e2300000f44fffffdcd
0000000000001528fffff0a2fffffe3a
000000000000cbe7fffffeee000007fa
0000000000002dce00001358fffff081
000000000000eb93ffffff41fffff87b
000000000000209cfffffbaf000005d5
000000000000e142fffff475fffff174
000000000000fc4efffffd390000088c
000000000000e65e000006fa000002f3
000000000000f3f1fffff4eeffffff00
00000000000007ab000004edfffffee2
000000000000faebfffffeca000003b2
000000000000e8b0ffffffec000009f4
000000000000f562000009d1fffff9c3
000000000000021efffff3be00000298
000000000000089a00000e2bfffffb46
00000000000026c7000005af0000067e
00000000000027fbffffe98f0000000b
000000000000d7f40000048a00000460
000000000000151d000004f30000021e
000000000000e5c600000259000010b5
000000000000fea90000005efffffdbf
000000000000115500000bb7ffffffe8
000000000000f41100000b33fffff5fc
0000000000001ed4000011d700000cc7
0000000000002703000002d80000031a
00000000000031b5fffffd4c0000052b
000000000000f380ffffe899fffff6ef
000000000000d7b40000081200000f3b
00000000000001e300000b0600000b3d
00000000000009050000129afffff9f9
000000000000fd81fffff428fffff97b
0000000000002eb800000225fffffb8e
0000000000001122ffffff3f00000083
00000000000019f400000737000000ec
0000000000003466000006830000036c
0000000000001fbc0000082effffeae7
000000000000d979fffffb7400000210
000000000000dfe6fffffa2cfffffe02
000000000000c3d3fffff752fffffd6e
000000000000fca7000011d9000000d4
000000000000f8fd000000b2000001df
00000000000004a800000909000001f0
000000000000f0f500000a60000007f3
000000000000fafd00000075fffffa3b
000000000000095c0000002c00001078
000000000000043c0000026b0000051c
000000000000d35f00000d5a00000285
00000000000020fa0000027a00000c66
000000000000f517fffff6c10000049a
000000000000ea31fffff9de0000020d
00000000000001ebfffff74100001389
000000000000f83b00001ad1fffff993
000000000000055efffff6effffff183
00000000000007a6fffff68b00000397
00000000000009b00000037d00000384
0000000000000fc7fffff9360000020c
000000000000e49b00000cc60000011f
000000000000fb0a0000085700001123
0000000000000afc000006dffffffe30
000000000000efdd000002f7fffff32d
00000000000003900000062bfffff9ac
000000000000f30100000c27fffff34d
00000000000011e00000049c0000039c
000000000000f7c100000cb7fffffa93
0000000000000310fffffe8bfffff4df
000000000000e568fffffe7d000005dc
0000000000002182000004c6fffff4d0
0000000000001643000009040000080c
0000000000001520fffff99f000014c3
000000000000e60ffffff483000004d8
000000000000b713000005befffff2b3
0000000000001da80000046400000e47
000000000000033dfffff24efffffd71
000000000000ff15fffffc5cfffff1ef
000000000000063bfffff862fffffe8e
000000000000fee8fffff5dbfffffac4
000000000000f28c0000009ffffffb38
0000000000002321fffffdb6fffffe3e
000000000000f699000004f8fffff643
000000000000f1c0fffffb6efffffc8d
0000000000000c8dfffff39c00000068
000000000000e457fffff303fffffd31
000000000000e92afffffeba00000f65
0000000000001d24ffffe8c1fffff3da
0000000000000a1700000945fffffdb9
000000000000029e0000140800000f94
000000000000297500000ed0fffffd9b
0000000000000cce00000b95000008fa
0000000000000535fffffbbeffffeabb
00000000000009a9fffffedd00000d12
000000000000edf3fffff2fafffff779
000000000000e37c0000098900000945
0000000000000e370000107efffff852
000000000000f9c700000002ffffff6c
000000000000eea0fffffe6700000543
000000000000e072ffffff2ffffff3fa
000000000000e0fb0000017500000214
000000000000131a00000508fffffc53
00000000000024a2fffff0cefffffed3
000000000000dd70fffff769ffffffa7
000000000000f39100000a9e000009b3
0000000000001e30000002ec0000084d
000000000000b77cfffffedf000006c4
000000000000f9d1000002ebfffff6a5
00000000000001bcfffffe8000000157
0000000000000b29ffffee1a0000158a
000000000000d8c9ffffff50fffff867
0000000000001c1bfffff3e50000051a
000000000000f8f5fffff2e3fffffa6d
00000000000014de000005dfffffe811
000000000000e7a2000001c3fffff8c1
000000000000028200000def000004a2
0000000000000f72ffffff5f00000967
000000000000dc560000064900000bb0
000000000000f98100000319fffff996
000000000000e00c000006bc000003e5
000000000000d9aafffff43c000002a9
000000000000ebfb00000df2fffff373
000000000000cdbe00000556ffffed3b
00000000000012cefffff6260000031b
0000000000001dc4000004adfffffa11
000000000000f853000000aa00000349
000000000000d50400001076fffff76c
0000000000001a58000004f400000027
000000000000033b0000038c00000ab4
0000000000003ab0fffff40bfffffa8d
00000000000011f5fffffa5a000007f9
0000000000000638fffff692fffffd0b
0000000000000ed8fffffbe6fffffa3a
0000000000002be6fffffdb0000000c9
000000000000118f000004c800000cc3
000000000000d0c400000d4efffff410
00000000000002d4000001a70000022c
000000000000ed4efffffe210000013b
000000000000fe4a0000015efffffd76
0000000000002dda00000ec100000b9f
0000000000000d59ffffee5d0000119a
0000000000000104fffff0c1ffffef0f
000000000000f900fffff3a8fffffef5
000000000000fea6fffff82600000b31
000000000000e08a0000042e00001d31
000000000000f9b1fffff421fffffc96
000000000000f061fffff947000004b2
000000000000262bfffff709fffffc1f
000000000000021700000303fffff0cb
000000000000f949fffffb1800000d88
000000000000081500000f98fffff3d4
0000000000002440fffff86a0000033e
000000000000e6fb000008cf00000044
000000000000088400000b3afffffed3
00000000000007ceffffebf7fffffcda
00000000000040ddfffff0df000005a9
00000000000017e6fffff5a000000b11
000000000000e2fffffff141000002c4
000000000000e75efffffe57000004ad
000000000000f8650000092dfffffac0
000000000000056d0000052000000478
000000000000171d000003d5fffff409
000000000000ee0cfffffaa600001389
000000000000fcd9fffff9d900000189
00000000000028a2ffffe681fffff6b8
000000000000083500000b9ffffffa13
000000000000ff2afffff45700000426
0000000000001c70fffffc4c00001099
000000000000f1f3fffff4460000078a
000000000000f9390000006bfffff307
000000000000f62a00000407fffff49e
000000000000183f000001b900000c7a
000000000000fd5efffff984fffff989
00000000000008f3fffffd64fffffe51
000000000000e6c80000009bfffffc3b
000000000000f6b7000000da0000037e
000000000000f3befffff943000003c8
0000000000000b59ffffff3600000093
00000000000000c500000deefffffc20
00000000000046ecfffffddcfffffb1d
000000000000f04bffffff9e00000449
0000000000002102000008300000065a
000000000000145bfffffdde000009c7
0000000000001002fffffbe9ffffe30e
000000000000fdcc00000b130000055e
000000000000f4bf000003a400000375
000000000000ff22fffff79000001821
00000000000022b3fffffa75fffff562
000000000000f5aafffff601fffffc81
000000000000f717fffff200fffffa22
0000000000004879ffffefe5fffff18a
00000000000004fefffffaa7fffffd95
000000000000f443fffffc11fffff3fc
000000000000f0e90000015f00000090
0000000000001efafffffab0fffffb09
00000000000013200000016fffffed53
000000000000df3d000008d2fffff62f
000000000000fed0fffffc5bfffff7dd
00000000000009dbfffff52a0000051b
000000000000233effffeb0f00000344
0000000000001b73000002d2fffffe96
000000000000f06ffffffe170000046f
000000000000cc94000003ee000008fb
000000000000f1c6fffffdb2fffffd5a
00000000000010c8fffffcb6ffffef58
0000000000000a87fffffd6000000c10
0000000000002d9000000f9bfffffa30
000000000000f9c70000066bfffffde1
000000000000e4b80000033500000542
0000000000001dc6fffff8dbfffff46c
000000000000d0dd00002259fffffc4a
0000000000000dd5fffffaabfffff700
0000000000001583fffff198fffff6ac
0000000000001fecfffffe93ffffff6c
000000000000c567000012adfffffbe6
000000000000f13dfffff916000005fe
000000000000190e00000272000001ce
00000000000008b0fffff3f7000005a3
00000000000022ddfffff46a00000b9b
000000000000feb8000006280000018b
00000000000009a700000458000009b2
000000000000f3a900000de300001a7f
000000000000e845fffff9fe00000561
000000000000df19fffffef1fffff3f7
0000000000001ac200000b62fffff0f6
0000000000002c1bffffff3b0000097f
000000000000e8af00000542fffff77a
000000000000f4d8fffff5f900000277
0000000000000788ffffffb8ffffedfd
000000000000ebb9fffff0f00000086a
000000000000e696fffffb33fffffef6
000000000000d278000003b0fffff702
000000000000fc31fffff225fffff3a2
000000000000c7e900000b2000000707
000000000000e740fffff0d200000566
000000000000f35e00000be3fffff872
000000000000f9b7000017a2ffffee57
0000000000002efc0000046efffffe62
000000000000f97f0000088d000001bc
0000000000000cac000007c500000976
00000000000014ea0000057e00000067
00000000000008080000154300000f2c
0000000000000746000002aa00000877
00000000000015aa0000040f00000fd1
00000000000003bffffffc70ffffff19
00000000000004feffffffa6000006f9
00000000000012ff0000065a0000110b
0000000000002663fffffe20fffff3d6
000000000000f04b000002b5ffffff26
000000000000cba2000002dfffffffa3
000000000000f7c7000014ab00000530
000000000000fd0c00000518fffffe57
00000000000000aa00000809ffffed4c
000000000000ec4a000002af00000118
000000000000fb11fffffb80fffff30a
0000000000001a3cfffff37300000940
000000000000110c0000069d000004ed
000000000000f78a00000a4b000008ba
000000000000020ffffffc9900000896
000000000000ea9f000001af00000ccd
0000000000000bbd00000089000008a9
0000000000001aa8000008550000047d
000000000000f4a8000005f400000363
0000000000000f5efffffbd0fffff999
0000000000000ebefffff9300000061e
000000000000f6fcfffff82a00000244
0000000000002ba5fffff4a600000b1a
000000000000f49700000edc00000725
000000000000f135ffffec640000041b
000000000000fa91000003e500000d33
000000000000fcc0fffff92300000b01
000000000000085bfffff9b10000082f
000000000000229b0000053600000bc5
0000000000001e9dfffff52c00000208
000000000000e023fffffdb8fffff6be
0000000000000c76fffffee200000cd0
0000000000002241fffff8e60000092a
000000000000eb600000057600000c16
000000000000138c00000fd40000056c
000000000000fd7200000292ffffe85a
000000000000e16b00000ab2ffffe951
000000000000eb39fffffb2b000010cd
00000000000007960000053f00000dd8
000000000000e7b40000013cfffff954
0000000000000ceefffffbd9fffff53c
0000000000001704ffffff1c0000065b
000000000000fa88fffff659fffffdb6
000000000000087600000b3d000000e7
0000000000001fb1fffff68100000297
00000000000011fc00000d16fffffff0
0000000000000dd8000001da0000058e
0000000000001d1e00000803000001e1
000000000000e41600001457fffffe92
000000000000ebccffffe979000000ae
000000000000f4a0fffffa4f00000535
0000000000000063fffff764fffff52e
0000000000000785fffffa84fffff78b
0000000000001367ffffee8700000025
000000000000efadfffff425fffff877
000000000000fe62fffffba8fffff20c
000000000000e60200000f29fffffc56
0000000000000d8d00000694fffffd91
000000000000126bfffffd1f00000acf
0000000000000e0c00000512ffffefc6
000000000000009600000836ffffffd3
000000000000dcc8fffffd68fffff4f8
000000000000e5fcfffff2b400000222
000000000000f7210000001b0000044a
000000000000cf29ffffff89fffff68b
0000000000002d580000036efffff6d6
000000000000e5defffff8e200000b57
0000000000000f0500000771fffffaf0
00000000000001c700000ff50000051f
000000000000eb97000001c60000071a
000000000000cd06000001fcffffef06
000000000000f32600000180fffffab8
000000000000fcee000000e8fffff348
00000000000013a90000019e0000100e
0000000000001f6cfffff15f000000d3
000000000000fe4bfffffd2bffffeea7
000000000000e326000006acfffffae9
000000000000faf300000707fffff46b
000000000000f5eb000008180000024c
0000000000001c1ffffffddfffffff98
000000000000f3c5000004dd00000166
00000000000013f6fffffde0fffff312
000000000000178d0000074f00001265
0000000000000a14ffffea54fffffc69
000000000000f08cfffff4d0fffff8f8
0000000000000863fffffaaa0000007d
000000000000d674000005400000053f
000000000000074bfffffbf70000086a
00000000000013920000034afffffa02
0000000000001365fffffe7000000351
000000000000f13c000009a4fffffe95
00000000000014c3ffffffe3fffffaf2
000000000000eccafffffb89fffffe60
000000000000f3f000000ec300000502
0000000000000aef00000253fffffc2c
000000000000e15000001354fffffc6a
0000000000000c13fffffea9fffff735
000000000000254600000540000009b0
000000000000f814fffffc060000031b
000000000000f0d6000003eb00000402
0000000000000ca8ffffee27fffff7c8
00000000000002ddfffffd6f000006ae
000000000000dc26fffff7cd00000934
000000000000f7b1fffffe180000008e
000000000000cfcdfffffc0cfffffcb7
000000000000e9c8fffffe86ffffff38
000000000000d60600000c170000059b
0000000000001179ffffff0100000883
000000000000fdb7fffff720ffffdf04
000000000000e6e100000603000002f2
000000000000016a000004f600000d9d
000000000000f6fe00001238fffffb2d
000000000000e0de00000cc100000043
0000000000000626fffff76000000488
00000000000003de000000920000030b
000000000000efc4fffff6ac0000103c
000000000000fc54fffff462fffffae4
0000000000001125fffff650000007b2
000000000000c97b000005c0000000e9
000000000000f1e5fffffe0a00000348
000000000000f819ffffff87fffff751
000000000000f36000000fee00000b24
000000000000edaafffff030fffffc01
000000000000ec5ffffffe1efffff5d2
000000000000076efffff7c3ffffee8c
000000000000cfbe00000ba2fffff92d
000000000000f56200000291fffff438
000000000000ff36fffff73200000644
000000000000f3e400000651fffff3e1
00000000000011c6000001a3000000af
000000000000eeda000006abfffffea2
0000000000000764000007900000017e
000000000000e2eb000013da000004e8
0000000000000f2efffffb5500000c45
000000000000e782fffff6c000000156
0000000000000a1dfffff7c9000007a7
00000000000001f2fffffbe000000b3d
00000000000019a60000011a00001998
00000000000006b300000b3bfffff706
0000000000000d4d00000ce1fffff7ea
0000000000000e1c000005e300000807
000000000000f9fe00000536fffffc30
0000000000001ce1fffffc5bffffff2b
0000000000002aaffffff7870000051b
000000000000dd8e00000c01000006a0
000000000000dc140000023e000014f3
000000000000fa7b000008b80000088d
0000000000002dbb0000036efffffafe
000000000000074dfffff563ffffffd2
0000000000002809000004f3fffffa1a
000000000000fe9b000004c50000077c
000000000000bafc0000005bfffff613
000000000000ecbdfffff03800000e61
0000000000002fdc00000397fffffca4
000000000000d6b4000004d2fffffad4
000000000000c84afffffcaa000006b8
0000000000001a56fffffe12fffff399
000000000000f280ffffee0cfffff6aa
000000000000ed6dfffff10dfffffe3e
000000000000e0dbfffff28000000cb4
00000000000043b6000001f6000006ba
000000000000f2fc000003070000027f
000000000000e83000000ee1fffffcb9
000000000000056dfffff870fffff4a2
000000000000ea0cfffffd03000006cf
000000000000fc38ffffff8300000d3f
000000000000f84a00000599000002b2
000000000000ff65fffffba6000008bc
00000000000012f60000017700000b86
0000000000000340fffffa450000046c
000000000000f8480000113bfffffcf6
0000000000000d0c00000141fffffc80
0000000000002c11ffffff54fffffec7
0000000000001c4cfffffbbe00000328
00000000000017d6fffff887fffff03f
000000000000fdd7000003310000038e
000000000000f1aafffff3b4fffff2b0
000000000000f58d000010effffff982
000000000000139a0000069cfffff6b9
000000000000ca2f0000091900000262
0000000000001dbe00000c9f000002c6
00000000000019f4fffffd5ffffff7fb
000000000000052dfffff697000009cc
00000000000019ebfffffc620000065c
000000000000fab6000001eb000003e6
000000000000f928fffff7a9000000fa
0000000000000550000007f9000003fd
000000000000f1b700000746000002f9
00000000000010e0ffffff03fffffddb
000000000000f82e0000010400000572
0000000000001b50000017a1ffffec9d
0000000000000718000004b1fffff767
000000000000eeb6ffffec75000001b0
00000000000011eb000008fc00001146
000000000000117c000005bc00000158
000000000000e5170000072dfffff640
000000000000e5060000114efffff557
0000000000001493000016a2fffffe88
000000000000ef0500000720fffff6d2
0000000000001cff0000011afffff890
000000000000f95c0000008f000004a5
000000000000e6a0000002590000050b
00000000000015ec000001d50000003f
00000000000012e9fffffc3300000a80
000000000000f6b70000081900000b12
000000000000ee4cfffffdf80000056b
000000000000d628000001a7fffffdb7
000000000000d0a50000021ffffff895
0000000000000fbefffffa08000007a5
00000000000014c2000005c70000058a
000000000000ff4d0000024affffffc8
000000000000eef90000080900000368
000000000000eca9fffff57cffffffa9
000000000000ed5afffff423000005fa
000000000000f3b5fffffc9900000a5c
00000000000010c4000012a6000014ec
0000000000002a98fffffc4efffff84b
000000000000fb1300000b56fffffa69
00000000000015ddfffff70dfffff8ed
000000000000051bfffff1cf00000273
0000000000000581fffff642fffff786
00000000000005a1fffff81a00000cda
0000000000000e23fffffb7800000091
00000000000010ebffffff7efffff124
000000000000f19ffffffdceffffee6c
000000000000207c00000a0a000018a2
000000000000f63bfffffb80fffffc69
0000000000000842fffffc75fffffe22
0000000000000d03000006a6fffffe81
000000000000edc400000168000010e1
00000000000007f400000536fffffcb6
0000000000000722fffffa2200000b02
0000000000001cae00000880fffff087
000000000000e6bc000005cbffffff3e
000000000000e110000007d7fffff98d
000000000000fe0dfffffe1b00000918
000000000000f5d1ffffff1400000f02
000000000000d45cfffff8a10000063f
000000000000209300000188fffffe74
0000000000001294fffff3c7000018da
000000000000f5edfffffdbe00000054
0000000000001f9d00000895fffff680
000000000000fea7fffffbb200000602
0000000000003177fffffcb8fffff6a2
0000000000001b4bfffffff9fffffe45
0000000000002be5fffffd420000017e
000000000000ec2900000ff5fffff424
000000000000ea8efffff98e00000637
000000000000ea31000002a5fffff4e0
0000000000001dc1000000e8fffffefb
000000000000fa92000004dffffff9e6
0000000000001c640000020fffffefad
000000000000fea9ffffec4f00000b56
00000000000007f100000fce0000009c
000000000000e54300000466fffff922
000000000000169a000011d8000008c0
000000000000df8efffffc9afffffb25
00000000000003a6000007d00000047a
000000000000f97300000809000001d0
000000000000ed6bfffffae900000765
000000000000e436fffffa7bfffffc3c
000000000000f01dfffffd22fffffe29
000000000000126100000215fffff699
000000000000fe8ffffff79800000393
00000000000002a800000575000006f4
000000000000cebbfffff3b8000003f8
000000000000fbec00000abafffff7a8
000000000000da3b000009ee000002ce
000000000000062bfffff9c8fffff45b
00000000000006290000179b000005d2
000000000000ebdafffff93f00000336
00000000000019d5fffff84afffffcf3
00000000000012d400000d4afffffc4c
000000000000f92b0000082d00000783
000000000000fd90000000320000012c
000000000000234cfffff7deffffff33
000000000000fdbdfffff92ffffff2f9
0000000000000ad80000062d000006b9
000000000000eb740000079a00000839
0000000000001bcf00000f7700000d7a
0000000000001c3cfffff3f600000038
000000000000002800000246fffffda0
0000000000000ae8000006b7fffff92a
000000000000d2cbfffffb94fffffe34
000000000000fd0c00000f6800000589
000000000000f17cffffff46fffffd9a
000000000000e3e20000133000001043
000000000000ef29000005ce0000000e
000000000000fa230000065900000326
000000000000fd3b00001221fffffa6e
000000000000fec7fffffd41fffff1c7
000000000000edf8000009f4000006eb
000000000000f29dffffff8afffff8af
000000000000e884fffffc66fffffdb4
000000000000cb69000009e300000af8
000000000000fdd7fffff7c8ffffeb03
000000000000fd9500000c07fffffa23
00000000000042f70000006bfffffae4
000000000000fc87fffff599fffff6b4
000000000000ed1cfffff17200000727
000000000000f86c000002e1fffffe93
000000000000020afffff38300000a27
000000000000e336fffff259fffff716
0000000000000a59000001d0fffff376
000000000000d867fffffd3c00000514
0000000000000a03fffff9cc000001ff
000000000000fb9cfffff64dfffff96b
0000000000000deafffffd980000010e
000000000000fc83fffffd6200000129
000000000000f682000016a1fffff7bd
000000000000ea6f000004c10000109f
000000000000f3f500000209fffff53a
00000000000016b9fffffb0000000707
0000000000001c010000049500000ddb
0000000000002d60ffffffc200000a93
0000000000001205ffffffb90000079b
0000000000001171fffffda700000728
000000000000f4d6000001cffffffd53
000000000000f3da0000026afffffb32
0000000000001e88fffffb5efffffeb2
000000000000d5e30000006a0000011d
000000000000035400000174ffffee4f
0000000000001a91000002ddfffffdaf
0000000000000fcf00000176fffff379
0000000000001314fffff919fffff376
000000000000148a000000ad00000d4f
000000000000e519000013f9000000b1
000000000000de8cfffff70f00000875
000000000000142bfffff6a1000005e0
0000000000000c800000003e0000007d
000000000000e7a1fffff8d3fffff8a3
0000000000000b86000004ddfffffff2
0000000000001557ffffff3900001218
000000000000fbcffffffffefffff26d
000000000000f94ffffffdb300000827
0000000000002c3f000004f200000d6c
000000000000cbde00000370fffff2a3
000000000000299cfffff928000008ef
000000000000f1aa00001152ffffffc8
0000000000001ed80000055c000008d8
00000000000021e5fffffa8efffff578
000000000000fec7000004ccfffffbfd
00000000000010870000153100000af3
00000000000007500000026a000013c7
000000000000f6c40000024dfffffa9d
000000000000e5b500000309fffffc8b
000000000000e504fffff906ffffeae0
0000000000000d5200000740fffffd30
0000000000001541ffffff30fffffe7c
00000000000018c9000004f7fffff071
0000000000002f88ffffe123fffffbe7
0000000000001014fffff7effffff2df
0000000000001f5d000001f2fffff2b6
000000000000fa82000001e9000006c6
0000000000000b74fffffd9a000008e2
000000000000f5c7000005c8fffff8dc
0000000000000a38fffff9b5fffffbd7
00000000000008260000077100000f2f
000000000000f9b0fffff03bfffffd93
000000000000e9c9fffffb59000003c3
00000000000025b7000009e1fffff130
000000000000fa51ffffee650000090c
000000000000d60effffffa8000000fd
000000000000e99efffffed10000008d
000000000000e92f000008bdffffeeb8
000000000000e9b40000054000001214
000000000000239100000c06fffffad6
000000000000e03500000d76fffffbba
000000000000d85afffff277fffffcbc
000000000000089500000a4b000004ac
000000000000114900000767ffffde73
000000000000f88efffffa3efffffa16
000000000000fca1fffff910000008c9
0000000000001144fffffcc9fffffd9e
000000000000059b00000174fffff6b7
000000000000df6c00000eef000005df
000000000000d201000006f6fffff753
000000000000ed8900000af7fffff831
000000000000ede20000036f000004b1
000000000000d8e00000054e00000884
000000000000f7ff00000119fffff77e
0000000000000660fffff22300000799
0000000000000c2bfffffbfb00000ca7
000000000000158dfffff8d600000c28
0000000000002ff3fffffb59000000fe
0000000000001d1600000b66fffff5e5
0000000000000ba8fffff193fffffee9
00000000000007ec00000059ffffebae
0000000000000eddfffffa28fffffa6e
00000000000010290000045600000281
00000000000014e0fffff3bffffffec3
000000000000df2200000719fffffdea
000000000000ee98000007d0fffffc46
000000000000ef59fffff2410000082a
000000000000fc170000078400000715
000000000000ee170000001cfffff93b
000000000000fe99fffffe77000000f9
00000000000001e0000016680000021e
000000000000038d00000ca6fffff207
0000000000000bbe000000fd000009b1
000000000000132a0000003400001004
000000000000195dfffffd3000000514
0000000000000166fffffb31fffffbb6
00000000000003e10000004300000472
000000000000ffd5fffff7c0000000b1
000000000000d744fffffd6efffff8e6
0000000000000a4f0000089900000489
0000000000000a9bfffffc69fffff07e
0000000000001d6000000c6fffffef9e
00000000000024dc000001a400000b9e
000000000000190efffffe2800000def
0000000000001ffbfffff77efffff64f
000000000000f70afffffdd0000004f1
000000000000151cfffffee400000449
000000000000110c000000f8fffffb38
000000000000e4b20000102f000001c1
000000000000e38600000cf2fffffa61
000000000000051800000a97000006ad
000000000000d15e00000540ffffea05
000000000000120500000753fffff6df
000000000000e9e500000889fffff0b5
000000000000e79ffffffc6800000672
000000000000d7e6fffff87bfffff2c6
000000000000f429fffff39f0000064a
0000000000001c7ffffffdb7ffffffc0
000000000000f46800001551ffffed69
000000000000fe59fffffbf300000e84
0000000000000346fffff74200000e8a
000000000000fdb6fffff1c200000705
000000000000e222000004ad00000634
00000000000001d50000009efffff9af
000000000000fcc0fffff29b00000fab
000000000000fc9dffffff76000003ae
0000000000000947ffffe45ffffffd20
000000000000e59500000913fffffd64
0000000000000c35ffffe817fffff721
00000000000023abffffeb890000050c
000000000000e219000003bffffffbc0
0000000000000665fffff885fffffa15
000000000000ef6b00000794fffff88a
000000000000fa57000004b5000001b4
0000000000000f07000007a30000047b
0000000000000e8700000598fffffbe7
000000000000f01300000701ffffe907
000000000000f0a40000051900000697
000000000000e838fffffc09000001b8
000000000000eeaafffff82000000b16
000000000000d983fffff38100000542
000000000000f14ffffff3cc0000006c
000000000000d6b4fffffc0f00000380
000000000000ffe000000b7000000378
00000000000005aafffffdc0fffffc5c
00000000000010410000082000000f95
000000000000de170000013b0000035d
000000000000f873fffffd8affffff94
000000000000fcdb0000020000000086
000000000000db800000024effffffe6
000000000000f4edfffff989fffffc6e
0000000000000756000003da0000096b
000000000000fd84fffffa8c00000d71
000000000000dafe000003d00000126d
000000000000fc94fffffe90fffffdc8
000000000000fe0c00000171000001bf
0000000000001b6afffff7ca000006ea
0000000000001e9700000b24fffffd82
000000000000f114ffffed76fffff7a0
000000000000089c00000276fffffaee
0000000000000b0afffff1a100000885
00000000000003b6fffffe7900000331
0000000000002920fffffe24fffffe1b
000000000000d4bb000001eb00000449
000000000000fa7bfffff14f0000080d
0000000000000d92000009bbfffffe49
000000000000d42affffeb3ffffffb8b
000000000000e49d000002a7000002e4
000000000000004a0000001500000780
000000000000dfdbfffffebbfffff9a8
000000000000d8aa00000960fffffdc4
000000000000cf52ffffe675fffff99e
000000000000fc04fffff90800000a71
0000000000000ac500000daf00000a1d
00000000000017f10000091a0000040b
000000000000f2d3000002e8000007b6
0000000000000ea5fffff8edfffff9a0
0000000000002327fffffb4e0000036c
000000000000ecfafffffe550000134b
0000000000002a12ffffff530000021a
000000000000e79afffffe6c00000b1b
000000000000d164ffffec6afffffa21
000000000000fd5a00000221fffff315
000000000000dc51fffffb21000006e6
0000000000000ec7fffff702fffffd06
0000000000000a8fffffffa3000001e6
000000000000f105000008c80000079b
0000000000001af8fffff3a000000811
0000000000001197fffffee9fffffc54
000000000000eac5fffffdc0fffff345
0000000000001141ffffff54fffff356
0000000000000119ffffff0f00000011
0000000000000b39000002c0fffffe86
0000000000000cbefffffe4afffffcf7
000000000000fbb3fffff2cafffffad6
000000000000dc4c00000757ffffff3e
0000000000000940000001330000009b
000000000000f93c000006c300000265
00000000000016b3fffff33f00000260
000000000000de6d0000002affffe44d
000000000000f570fffffbba00000a6c
0000000000001ee7000001adfffff714
000000000000f5210000078100000478
000000000000e90cfffffddc00001c94
0000000000001b3dfffffab800001370
000000000000ea71fffff6d6000007b2
00000000000005b3fffffd25000002e8
000000000000d65dfffffd3800000df8
000000000000f83b000002d700000468
000000000000f1d20000029e00000776
000000000000d7470000050500000248
000000000000f2e4000000bcfffffce1
000000000000055a000017bb00000c31
0000000000000b10fffff801000001ee
000000000000f6e400000b8900000079
000000000000eb35fffff514fffff852
000000000000fdb000000b3bffffffb5
000000000000dc1dfffff850000001f6
000000000000eff5000002cf00000278
000000000000075e0000049afffffec2
000000000000fea2fffff75400000c99
000000000000f1defffff3dafffffc5c
000000000000ed2100000b57000009ea
000000000000e1c3fffff236ffffffb7
000000000000c1f7000004bffffffd1a
000000000000f2c0fffff40cfffff909
000000000000e2aa00000c3600000270
0000000000001555fffff4ab000003fb
000000000000f8e2fffffea300000033
00000000000015f600000a3a00000408
00000000000019010000025ffffffd6d
000000000000058d00000734fffffaa8
0000000000000726fffff6bafffffa0c
0000000000000ab2fffff8eaffffff23
000000000000f9fefffffa3600000477
000000000000025ffffffee5fffff7ab
000000000000e4e600000149fffff64a
000000000000fa95000006e000000f54
000000000000fb81ffffede500000c2b
000000000000e2a1000004bafffff2c6
000000000000dc8b0000035700000171
00000000000002a900000dc900000fe6
000000000000d93efffff652fffff565
000000000000e0e2fffffc1b000005d0
000000000000235000000659000010f6
000000000000eb080000018100000b6e
0000000000001ee9fffff60cfffff7ee
000000000000ea7ffffff55afffff9bb
000000000000d022000005cdffffff2e
000000000000fc88fffffb7ffffff3c1
000000000000f6bcffffff1a00000899
0000000000000f7800000274000008f4
000000000000f75f0000047dfffff349
0000000000001678000003c200000117
000000000000e7f5fffffd87fffff363
0000000000000d1c0000070b000010e5
000000000000e1bffffffed3000001d0
000000000000105e0000033a000008fe
000000000000213cfffffb6c00000241
000000000000e0b4000002befffffe4b
00000000000010d9ffffff1efffffab1
000000000000f70a0000045efffff10c
000000000000e80b000010e3000000fb
000000000000f04afffffcbb0000141c
000000000000f57300000128000002a9
000000000000076d000005edfffffbc9
000000000000ebdefffffb94fffff99c
000000000000eefa000014620000025d
000000000000fc1d000004e6000001b6
000000000000f4a5000004b7fffff1a2
0000000000000f9800000bb6fffffd82
0000000000001006fffffdd600000001
000000000000086100000c82fffffe06
000000000000f053fffffb51000004ee
000000000000fa19ffffefd7fffffb7e
0000000000001301fffff7000000053c
000000000000238d0000030bfffffc40
000000000000105c0000041500000079
000000000000ed9a000008a9fffff385
000000000000f9dcfffffb85fffffb45
0000000000000c86fffff390fffffec4
000000000000d6a6fffffe6400000c88
000000000000d24dfffffdb800000006
000000000000f2bcfffff9e60000037c
000000000000dd5300000d18fffff56c
0000000000001063fffff7ba0000070f
00000000000025cefffffcb8fffff824
0000000000001fa5ffffff9200000381
000000000000ff19fffffbe4fffff403
000000000000ec17000001300000082c
0000000000002f41fffff416fffff182
00000000000029d3fffff36a00000698
000000000000153cfffff9b800000b83
000000000000e02afffffb9efffffb66
00000000000005610000056300000adb
000000000000e533fffff9040000001b
000000000000ee4f00000083fffff740
000000000000e401fffffb6bfffffd96
000000000000d16ffffff936fffffb63
0000000000002700fffff0440000020d
0000000000000044fffff17bfffff8bf
00000000000014ed000003b300000e1a
00000000000006d4fffffcb4000004af
000000000000057900000447fffff66b
0000000000000401fffff8ee00000a8e
0000000000001edc00000cd5000008d7
00000000000007f500000452ffffe9b5
000000000000f84000000cb9ffffec6f
0000000000000c3cfffffa5cfffffe8c
000000000000fedbfffff4d400000a9e
000000000000026100000c31000008d2
0000000000000f990000170efffff0a7
0000000000000386fffffcbbfffffe64
000000000000fc7700000ba4fffff949
0000000000001d96000008af0000061c
000000000000fd9a0000091cfffff4f7
000000000000bde900000348fffff8c6
0000000000002e0b00000e58fffffd45
0000000000001b4cffffef4900000447
0000000000000300fffff8eeffffffb1
00000000000001180000044fffffffe9
000000000000f7aa00000b3d00000585
000000000000007afffffbdd00000de6
000000000000f24d00000040000005e4
000000000000f600fffff1b1fffffae3
0000000000001915000013a5000005f6
000000000000e718fffff5a200000768
0000000000000f5bffffefedfffffe44
0000000000000561fffff6d4fffffe90
00000000000022bcfffff48cffffea50
0000000000001753fffff9dd00000bae
000000000000f639fffffd7e0000003c
000000000000227bffffec4f0000002a
000000000000ef0cfffffbf500000e6d
000000000000e31800000b4a000001a9
000000000000f941000012c1fffff97d
000000000000dd67fffff67a0000057b
000000000000100b00001700fffff460
000000000000f8860000022cfffffafb
0000000000000d5e0000068600000ed7
00000000000020a000000652fffffc26
000000000000f8e8fffffed8ffffedbe
000000000000f9c80000042100001689
000000000000d5290000002cfffff712
0000000000000c3d0000000100000536
000000000000d9ba0000062afffffb8b
00000000000019fefffffaadfffff6cb
000000000000e4b000000d4cffffe531
000000000000faac0000064b00000169
000000000000c9bafffffcc6fffff774
000000000000155f000008fbfffff24d
000000000000f16700000316fffff4c5
000000000000f6f80000126bfffff2fb
000000000000f685000003b6fffffbd9
0000000000003a8ffffff311fffffffb
00000000000016b40000061a00000527
000000000000e99dfffff6eb000005bb
000000000000051100001016fffff12f
000000000000e71e000004cb000005d0
00000000000029fa000005cbfffff354
000000000000e4d5ffffeae5000003c8
000000000000c0720000107cfffff73c
0000000000001e2ffffff399fffffd30
000000000000d1a800000cc2fffffd28
000000000000e0affffff53b00000616
000000000000fad300000e49fffff858
000000000000cffd00000156fffffcd1
000000000000edd6fffffc8afffff39c
00000000000021430000006f0000017e
000000000000ff65fffffd050000007c
000000000000f045000000e9ffffff5d
000000000000db1600000758000009ef
000000000000026b0000056400001801
00000000000025d3ffffffa9fffff63c
0000000000000a20fffffd3200000651
0000000000002dc900001273fffff52f
00000000000017bd00000ae9fffff848
00000000000005aa000011b2000003cb
000000000000e7240000088500000164
00000000000014d100000afb00001136
000000000000032dfffffc5bffffffd3
00000000000016bc0000002afffffd84
0000000000001b0e0000098600000357
00000000000011d8000004bcfffffa1c
00000000000022cffffff4cb00000352
0000000000000abbfffffece000004c8
00000000000012a8fffffc0ffffffcb1
0000000000000e11fffff20700000b38
000000000000f226fffff1dbfffff73e
0000000000000536fffffc49fffffd49
000000000000de26ffffffa500000645
0000000000000257fffffc460000073b
000000000000158f00000a33fffff853
00000000000008d8fffff8e7ffffe29b
000000000000092800000a36fffff616
000000000000f6d2000001f9fffffa55
0000000000000ea0fffff5c2fffffd9c
000000000000ee0ffffffbf4fffff78f
000000000000d3e10000035900000965
000000000000e85700000150fffffe8f
000000000000fd87fffffa5900000579
000000000000d02d000003fb00000048
000000000000d019ffffff2efffffa94
0000000000001074fffffe43fffff4c4
0000000000002d89000015dfffffedaa
000000000000e6a000000cd3ffffec8f
0000000000001abd00000341fffffc6f
00000000000000d7fffff752ffffe42b
000000000000e8c000000854fffff79f
000000000000f848fffffa7bfffffbbb
000000000000f32e00000748fffff481
000000000000127900000a31fffff5ca
00000000000002c8fffff46d00000199
000000000000fd5effffff4000000104
000000000000e715fffffc2dfffff720
000000000000dcea0000099c00000da1
000000000000fba8fffffa4e00001402
0000000000001377ffffe34000000703
000000000000fa9dfffff7c2fffff55a
000000000000df8cffffff8affffdbf5
000000000000e914fffffc97fffffeb4
0000000000001f9afffffe90000003e0
000000000000fb76fffffc4c000002cc
000000000000db380000038cfffffe0c
00000000000011a1fffff2a0000009a9
0000000000000d00fffff629ffffef6f
0000000000001be7fffffe17ffffedeb
0000000000001f3b0000033dfffffc81
0000000000000a7e00000cb2000002ae
000000000000e38bfffffa9b00000c88
000000000000ed5900000d53fffff80e
000000000000f8e9fffff45200000915
0000000000000251000003d1fffff938
000000000000f14f0000056bfffff559
000000000000040bffffff5300000792
000000000000f1f2fffff8c3fffffea0
0000000000002103fffffae700000422
0000000000001cadfffffdf9fffffe68
000000000000ed1a0000079fffffe93c
0000000000001dbf0000034dfffff8f9
000000000000fe32fffff32efffffe5d
000000000000376afffff729000002ea
000000000000080ffffff71cfffff8a3
000000000000f2aafffffb6600000f6f
0000000000002aa9000004030000065b
000000000000ece9fffffbfffffffcc4
000000000000f7f4000002ca00000aab
00000000000001b3fffff8eb000008bd
000000000000f7b600000b410000046f
0000000000001587000007ea0000073a
000000000000fe87fffffb8fffffff9d
0000000000001bdcfffff5e60000095e
000000000000f15900000a5d00000ade
000000000000f3c8fffff995fffffd14
000000000000d922fffffd33fffffe9c
0000000000003ae4fffffd0300000fb4
000000000000e381fffff8a0fffffb30
00000000000003d3fffff525fffffde6
000000000000fd8e00000838fffffd2f
0000000000001bfa00000087fffff4f8
000000000000c93efffff97600000040
000000000000fb100000107f0000052e
000000000000f159fffffcc6fffffe97
000000000000fc83fffff664fffff9d0
0000000000001a85fffffa1bfffff8f4
000000000000decefffff05400000162
00000000000013de00000147fffffc3c
000000000000e82bfffff10900000d5c
000000000000e3aefffffe5afffffa42
0000000000000fcafffff5b00000015e
000000000000fb4500000d90fffffb5e
0000000000000e7bfffffcb4000004ba
000000000000de7500000870000003b8
000000000000115ffffff2a1fffff53c
0000000000002ca2fffffb64fffffa4c
000000000000012b000004ca00000226
000000000000015c000004a50000122e
000000000000034bfffff27000000f3b
000000000000de58000001b6fffffff8
00000000000002ef0000027e000011a2
000000000000d3910000017600000a82
000000000000e74d0000037900001201
0000000000000764fffffa1b000011eb
000000000000f9b10000013100000fd9
000000000000fa22fffffd17fffff888
000000000000d61affffff17000000e4
000000000000f198fffff9adfffff7c5
000000000000eacb00001142fffffb67
000000000000e9f3fffffb94fffff90f
000000000000f59dfffff285000001ab
00000000000027d7000003dffffffac5
00000000000007edfffffbab0000062c
000000000000f80c000008b0fffffdc2
000000000000119d000005e6fffffd7d
000000000000d1e9fffffa6efffff45d
000000000000f8a8000000d5fffffdf4
000000000000cbc3fffffd82fffff9ff
0000000000000f52fffff12900000fd4
0000000000000e9bfffffaf2ffffef13
00000000000022350000008500000612
000000000000f866fffffc89000008c9
00000000000024f900001202fffffacc
00000000000003b200000b4efffffe10
00000000000001b600000c76fffffaba
00000000000014af00001243ffffed70
000000000000de020000130c00000263
0000000000001033fffffc9dfffffe3d
000000000000fcdffffffa8800000367
000000000000f8c3000005aa00000526
000000000000f983fffffb29fffffc5e
0000000000000266fffffd4d000002d8
000000000000fdddfffffc7f00000151
00000000000023e7000001f600000d36
00000000000012ec00000b6800000990
000000000000fc62fffff651000000c3
000000000000115900000e9bfffff71d
000000000000f63f00000452fffff974
000000000000ed3dfffffe2c00000ce9
000000000000c14cffffff41000001c1
000000000000eec1fffff560fffff718
000000000000f79b000003b60000066f
0000000000003ef8fffff53f00000571
000000000000f64cffffff6efffff26a
00000000000018be000002e20000091c
000000000000f744fffff436fffff853
000000000000dee300000be3fffffb81
000000000000d631fffff79700000690
000000000000169bfffffa6d000004a1
000000000000f71f000006a7fffffc60
000000000000eb3cffffff420000084f
000000000000d7900000073600000595
000000000000030200000c0e0000094a
00000000000007d80000000100000106
000000000000d610fffff63e00000711
000000000000e87f00000770fffff9c1
0000000000000f42000005ff00000b20
000000000000252a00000b72fffffb01
000000000000f803fffff54f000007a1
000000000000e1b500000f8d0000040e
0000000000000c4ffffffce100000bca
000000000000fe70000006e2fffff2d1
0000000000000f75fffff8a3ffffef98
000000000000fe8b0000035100000201
000000000000fbe0fffffde2fffffc25
000000000000040bfffff63efffff3b7
000000000000f9b3fffffe39000001e0
000000000000fceffffff47600000b9e
000000000000e9defffffbdcfffff983
000000000000cd94000000affffff7bf
000000000000f7710000094c00000ddc
000000000000fd8b0000062f00000cf2
00000000000002ef000001d5000008f0
000000000000fcf9fffffcd9fffffb12
000000000000ec120000035100000494
000000000000097b00000cd3fffff8aa
000000000000efe8000005d8fffffb82
000000000000fd20fffffbca000008c7
000000000000e809fffffa560000024e
000000000000f33cfffffa8100000fa7
000000000000f5adfffffb54000000be
000000000000d7ae000001cbfffffdaa
000000000000262cfffff91afffff8bb
0000000000000153ffffeee5fffffc0a
0000000000000f95fffff865ffffff56
00000000000009cbffffffa1000019c4
000000000000be5cfffff9c6fffff3d7
00000000000019ccfffffc06000006b8
0000000000000e2dfffffbabffffee54
000000000000ebaa000009cffffff2d3
000000000000209cfffffb39fffffab3
00000000000004d0fffff9ae000009df
000000000000f0840000078f00000201
000000000000f51cfffff8ecfffff2dd
000000000000ebf0000000ab00000258
000000000000ec10ffffff0efffff112
0000000000000484000007a400000499
0000000000002181fffffed0ffffefb6
000000000000f8acfffffad0fffff25d
000000000000d3fe000008a7000002fe
000000000000e42c00000d07000000cc
000000000000166b0000027bffffed68
0000000000000853fffffee1fffff5e7
00000000000016fc000005b8fffff8c3
000000000000fca3fffffab0fffffc2b
000000000000f20500000a74fffff5d4
000000000000e0540000058a00000133
0000000000001143fffff89c00000c24
00000000000033f5fffffeb300001120
000000000000f749fffffd0d0000084e
000000000000d92c0000085ffffff8c6
000000000000dcfffffffc55fffff9c0
000000000000ed8cffffef39000008c2
000000000000f8d80000010900000237
0000000000000b47000005a80000067e
0000000000002143fffffcac000003ba
000000000000e7ba0000080200000a2d
000000000000fb40fffffeecfffff317
0000000000000dcffffffca2fffffbdf
00000000000012a000000270fffffbac
0000000000000307fffffb5f00001281
000000000000df3e00000296000001a3
0000000000000877fffff9a300000712
000000000000e13100000271fffff662
000000000000eccc00000b4b00000583
000000000000fb76fffffe6ffffffbc3
000000000000cda200000a920000042d
000000000000d0a80000062b00000680
000000000000ffd5fffff393000003f2
000000000000ff7a00000dfe000004ac
000000000000e3c9fffffb93000013b6
00000000000041c1000002cefffffd53
000000000000fd6d000003ac00000952
0000000000001678fffff98bfffff913
000000000000eb8bfffffc1bfffffe4c
0000000000001964ffffff42fffffd48
000000000000db930000078700001788
00000000000000fbffffffdffffffa8f
0000000000000073fffffec300000adf
000000000000f83c00000c42fffffde2
0000000000000e47fffffc4ffffffca1
000000000000e65500000d5400000d2e
000000000000005afffff98a00000404
000000000000f3b400000501fffff537
000000000000011ffffffb71fffff885
000000000000fa39fffffc720000139b
000000000000c7fe000010a100000840
0000000000003bb500000816000018e2
0000000000001c6b000003e4000005a6
000000000000cac9000005d700000124
000000000000fc88fffffd9bffffffe7
000000000000c96afffff927fffff536
0000000000000acc0000005bfffff3b1
0000000000000bb0fffffacffffffacc
000000000000f0350000068d000000c1
0000000000002784fffff1a700000db1
000000000000fb80000006130000105e
000000000000de69fffffb930000107c
000000000000fcdb0000003bfffff963
000000000000fdc3ffffffa000000380
00000000000000110000001affffeea9
000000000000eb0900000352000002c0
000000000000c995fffff7b8fffff30b
0000000000001635fffffd47000003b6
00000000000026af000006c1fffff3b3
000000000000d06600000a47fffff4bb
000000000000fc58000002a200000107
000000000000176d0000031dffffe68b
000000000000e73afffffa96000006e2
00000000000018f5000006c7000009c1
0000000000001084fffffd280000033c
000000000000fcb8000001a7fffffd4d
00000000000009f7ffffff7500000546
000000000000f919fffffc4d000007aa
00000000000014c6000002d8fffffb04
000000000000e6eefffffa6900000e5c
000000000000ea3c00000548000011bf
0000000000002678ffffe24300000966
000000000000fbd0fffff8cbfffffb30
000000000000dd1bfffff314000006f5
000000000000f782ffffff1cffffff8e
0000000000000705fffff757fffff2a1
00000000000005cc00000a37fffffa96
0000000000000c4efffffe51fffff559
0000000000000492000008f0ffffff58
000000000000082efffff720000005f8
0000000000000353fffffd080000097f
000000000000142afffff29cfffff4be
000000000000ffb6fffff2befffff9d9
0000000000001eccfffff9e0ffffff66
000000000000f187ffffff76fffff7af
000000000000fb3f00000284000000cc
000000000000d6c70000114dfffff846
000000000000da2100000540000009a3
000000000000167afffffc86000005c4
000000000000f872fffff4e4fffff170
00000000000027dbfffffb63000004d8
0000000000002d86fffffc0c000005e1
000000000000e93100000e4e000003cf
0000000000000b1afffff46d000010ec
00000000000024e9000003d000000882
000000000000fb87fffffd69fffff65e
0000000000000d770000067cfffff830
000000000000f623000009ab00000819
000000000000f00500000690000006ce
0000000000002bca00000746fffff7ca
000000000000041bffffecdc000006ce
000000000000d07d00000029000002e4
00000000000012ccfffffc48ffffff9b
000000000000febafffff4d1fffff976
00000000000011d600000dad0000118c
000000000000efd8ffffee44000009ff
00000000000006230000018d00000a0f
000000000000f3b10000082ffffffe87
0000000000002387ffffecb2fffffcd1
000000000000f4950000021b0000009b
000000000000ff1afffffd5ffffff93f
000000000000e389fffffdfdfffffaff
000000000000f66a00000c31fffff50e
000000000000fb70fffffd89000004b4
000000000000e427fffffc5bffffffc7
0000000000002d05000012bbfffff8cb
000000000000f24ffffffb6dfffffd5b
0000000000000e93fffff9f3ffffff37
0000000000000843fffffd1ffffffbce
00000000000021ceffffee62fffff93f
00000000000014a3fffff75d00000add
0000000000002194000001cefffff30a
0000000000002b3efffffff50000031b
000000000000e446fffff0deffffffad
000000000000241400000428fffffb7b
000000000000f1a20000078d000008c3
00000000000038c0fffffb8fffffedf3
0000000000001ab8fffff94bffffe97a
000000000000f5ba0000061dfffffafd
0000000000001d2e0000075200000674
000000000000253f000003aafffffe37
00000000000018690000026cfffffe92
0000000000001c1effffec2a0000037d
000000000000e89d0000051b00000be9
0000000000002058ffffef7cfffff9a7
000000000000dbd7fffffa5a00000f42
000000000000e8960000042bfffff6c0
000000000000f843fffff96800000bd3
000000000000f5e600000284fffff8c0
000000000000f89bffffecda00000545
000000000000f98300000902fffff813
000000000000fa1ffffff8df00000047
00000000000003490000001effffff05
000000000000f122000000fefffffdd7
00000000000011a7fffff670fffff9d4
000000000000ebe3fffff3f8fffff626
00000000000002fd00000b59fffff93c
000000000000f54efffffd19fffff71d
000000000000f7eb000005cf000001a7
00000000000013eefffff4bfffffe5d0
0000000000001f0100000029fffffe32
0000000000000a9f000006930000100b
00000000000014d200000bb2ffffffc0
000000000000059100000449fffffdeb
000000000000fe89000008d8fffff443
000000000000efcffffff999000002b5
000000000000ebc40000067200000c5d
0000000000000f7dfffff64f00000233
000000000000fe74fffffd4afffffcb4
000000000000037a00000d9e00000837
000000000000036a00000163fffff574
0000000000002435fffffce300000380
000000000000fa3200000fc40000003c
0000000000000416fffffd2cfffff8d8
000000000000e42ffffff9e300000291
000000000000217ffffffef00000004c
000000000000edfffffffe08000008a9
000000000000f973fffff98bfffffe22
00000000000019e000000668fffff989
000000000000ffd80000073500000136
000000000000ff8a000001c9fffff55a
000000000000ff6800000300fffff9bb
000000000000ed52ffffffaafffff8b9
000000000000192afffffb2e00000ebf
00000000000019c1000003c4fffffd53
000000000000f47d0000002b00001133
000000000000f8c3ffffff2c00000fbc
00000000000001c6fffffc7b00000852
0000000000003292ffffdc550000076a
000000000000f32dffffef38fffff1c3
000000000000f8b2000004c8fffffcdd
000000000000fdd9fffffc7300001cdc
0000000000000b2ffffff239ffffff74
000000000000ddc500000587fffffe93
000000000000e32f00001273fffffee1
0000000000000bfe000003cdfffff799
000000000000f156000004bffffff9b8
000000000000fe1c00000e8dfffffbf6
0000000000001a66000001580000094a
00000000000023f70000008effffecf0
000000000000e9a10000109600000e35
0000000000000882fffffbba00001a34
000000000000ef2c000002b70000049e
000000000000e3c6fffffc410000011e
000000000000ff83000012bbfffff164
0000000000001284fffff795000008eb
000000000000fb97fffff1c10000003e
000000000000e0ea000014d5000005e9
0000000000000a4400000e2b000009d3
000000000000f9b9000011ae00000640
000000000000ec60000003020000048e
0000000000000252fffff82400000317
000000000000f86e0000082f0000018a
000000000000f8b900000325fffff2d9
000000000000cb40000009760000047e
000000000000138dfffff9c8000013a1
000000000000f8440000071300000973
0000000000000a30ffffff42fffffb9d
000000000000031fffffebc700000726
0000000000001c76000001bf00000848
000000000000f59f000003f0fffffd8c
000000000000e393fffff54800000fd3
0000000000001792fffffbae00000533
000000000000dbb1fffffd560000006a
000000000000f9f4fffffcc7fffff94b
000000000000e7f3fffffccdfffff970
00000000000004c9000005d9fffffe94
00000000000007b7000007c6fffff867
0000000000001009fffff48cffffec6d
0000000000002657ffffff270000093e
000000000000e525fffffcf4ffffebe8
0000000000002b1a0000099c00000e46
000000000000f8d4fffff696fffff34a
000000000000047f00000e9200000120
000000000000e848000001f6fffff77c
0000000000003bc9fffff93cfffff480
000000000000d68b0000061900000477
000000000000f3c5000004900000040b
000000000000100b000002f0fffffc31
00000000000011c8000009e50000049e
000000000000eed100000049000003f7
000000000000fbf60000006efffffa05
000000000000daa3fffff28000000768
000000000000e128ffffe758fffffe39
000000000000e79800000597ffffebc2
000000000000092000000a4600000157
0000000000000f8d0000042200000422
000000000000c215fffff89d00000292
0000000000002a4cfffff3ba00000b56
0000000000002861fffffe44fffffd97
0000000000001142fffff313fffffee5
00000000000000f400000fdcfffffd63
000000000000175100000d0ffffffd5d
00000000000001defffff1affffffe8d
000000000000c0650000022600000a60
0000000000000d45fffffa60fffff098
000000000000e8ee000001e9ffffed96
0000000000000a7bfffff731000009db
0000000000000c9500000f56fffffd7c
000000000000fa360000087300000cdd
0000000000000afc00000dbe0000012f
000000000000fba50000069800000396
000000000000372300000d9bffffffd8
000000000000ed1afffffdecfffffd98
000000000000dd65000004960000098d
0000000000001651fffffd37fffffdcf
000000000000ef41fffffaceffffff70
0000000000000797000001ddfffffc6a
000000000000fa16fffff209fffffb79
000000000000086400000fa800000f74
000000000000fb96fffffbc10000104a
000000000000f7b3fffff223ffffffce
000000000000fb0d0000033a00000982
000000000000dbbd000000ab00000193
000000000000fc59000001e100000103
000000000000eed4000006ebfffff743
00000000000005e0fffffe2900000e99
000000000000f8730000061c00000072
000000000000e84bfffff83efffff950
0000000000000a83fffff9db00000816
00000000000012afffffeff600000d04
000000000000fc3a000004d3fffff408
000000000000fd96fffffc2f00000164
000000000000eb370000002100000a9c
000000000000dfbb000000a5fffff442
000000000000f645ffffffb7fffffa81
000000000000e919fffffe050000015d
000000000000d0a4fffff9ad000006a5
000000000000151dfffffb2dfffff57f
000000000000f66afffffa1500000c46
000000000000fb29fffff2c4fffff1fb
000000000000e33900000403fffffa03
000000000000dddefffff9a7fffff69d
00000000000025f2fffff8c00000126a
0000000000001a17fffffe72fffffd17
000000000000f1f7fffff314fffff990
000000000000083f00000178fffffe93
00000000000028380000013efffff46c
0000000000002150fffff60fffffeb77
00000000000007e7000007a3fffff333
0000000000000040fffff882fffff681
000000000000fe89fffff63cfffff5b3
000000000000f411ffffff1dfffffb40
0000000000000423fffff583fffffa45
0000000000000581fffff0b9ffffea9e
000000000000ed31fffff5c700000913
0000000000003b9dffffff9200000669
000000000000e50300000c3efffffa86
000000000000e4a80000047800000b90
000000000000e63900000649ffffef76
000000000000ef67fffffe60000003e9
000000000000f92c000005c100000403
00000000000007c100000838ffffffbd
000000000000fe95fffff7d7fffff744
000000000000f396fffff28b000005ff
000000000000f4d6ffffff03fffff83e
000000000000fb6afffff59700000a85
000000000000e475fffff9b9fffff9d0
00000000000001c2fffff835ffffe4ad
000000000000f44e000006bc00000741
000000000000f37700000b49fffff101
000000000000efa9fffff682000003be
000000000000135900000d7500000092
000000000000d00600000684000005e9
0000000000002785000001c500000abc
000000000000f88e00000df3fffffdbc
000000000000eb06000007440000066c
0000000000002d73fffffd9b000007b9
000000000000f3910000056e0000060c
0000000000002138fffffc05000008ca
00000000000014ff000007b9000003df
000000000000ebeffffffb68fffffb6c
000000000000ee57ffffff1bfffffc14
000000000000c16bfffff96400000514
0000000000000b97fffff4abfffffc5a
000000000000cfc300000c1dfffffbd3
00000000000026b800000905fffff8df
000000000000dcc7000002e2fffffd22
00000000000024c1fffffad0fffffb27
000000000000f9a9fffff76bfffffd29
000000000000d8f000000008ffffeed7
000000000000d99f000006ab00000386
000000000000222b00000640fffffbf7
000000000000ce34000007bafffffe54
000000000000c7d2000008dffffff286
0000000000000588fffffd26ffffff42
000000000000f6a2fffff620fffff7d8
00000000000017150000059afffff2f9
00000000000008cbfffffa2500000626
00000000000004f1000008cbfffff907
000000000000c996fffff2fefffffd4d
000000000000dd4c0000023afffff917
000000000000d3cafffff173fffff5c1
00000000000016d4fffff9edfffffb7d
000000000000dc43fffffe3b000001b5
000000000000283dfffff4f9fffffa17
0000000000000e89fffffdab000002d7
000000000000f84800000aebffffed94
000000000000f4dd00000c38fffffc91
0000000000002b91fffffd0b00000f33
000000000000f9d100000850000007bb
0000000000001554fffffb1cfffffd37
000000000000e0d90000004ffffffb27
0000000000003df1fffff739fffff2e5
0000000000000d76fffff796ffffeb70
0000000000000a14000007aafffffb56
000000000000166e0000043800000614
0000000000001209fffff91b00000089
000000000000e022fffff35700000c21
000000000000fe8b00000816fffff88b
0000000000000424fffff3aa0000096b
000000000000f85ffffffa91fffff85b
000000000000f780fffffa1c000003a3
000000000000e80dfffffd05fffff800
000000000000e378fffff8c8000008a8
000000000000dbd300000165fffffab1
00000000000018ed0000058b00000131
0000000000001045ffffecf2fffffcb5
000000000000eb47fffffd9afffff582
0000000000000b63fffffb23fffffcf5
000000000000006ffffff957fffff3ef
000000000000d67c000006dbfffff7d6
000000000000c88600000279000001fd
000000000000fa40fffffce60000039a
00000000000007d300000fc2000004f9
000000000000e7b6000002ccfffff276
000000000000123d0000086300000051
000000000000d99d00001718ffffff4b
0000000000000642000004ba00000119
000000000000099e000000ab000000f8
000000000000d96effffeda200000d77
0000000000002d02000004d800000698
000000000000ff1c00000bf4fffff574
0000000000002f860000030c00001580
000000000000369e000000ee00000234
000000000000f2be000005dffffffa09
0000000000001c9e000004a8fffff938
000000000000cb80000000ae000009ec
00000000000011ff000007c700000095
000000000000093b00000c1600000036
000000000000fed1fffff4c7fffffc0c
000000000000d2c300000453ffffeea7
000000000000fb6afffffe5ffffff9c0
00000000000024f600000890fffffd4a
0000000000001e41000004a700000314
000000000000eebd000005bb00000226
0000000000000ee80000082b000016e2
000000000000f0ee000001acfffffd24
000000000000041efffff9e3fffff512
000000000000e8990000087cfffff9f3
000000000000c799000001ceffffffc7
0000000000003f33fffff5eafffffc67
000000000000fb3500000760fffffef8
000000000000097e0000010f000000c1
000000000000c53800000e550000030f
000000000000da50fffff640000008f0
000000000000f11800000ddc00000291
00000000000010270000019cfffff805
000000000000064cfffffa3700000a38
000000000000fb57000015aefffff584
000000000000022200000a90ffffff55
00000000000006ee0000059b000006ce
000000000000dd5200000125fffff434
000000000000fbe10000007c00000626
00000000000013a8fffffa43fffffc10
00000000000010a8fffffcfe000008a8
00000000000020c5fffffe6efffffa76
000000000000ffe4000005da00000496
000000000000f64efffff6c2000004ca
000000000000ff8afffffd81ffffebf1
000000000000e851fffff553000004bb
00000000000004cbfffffc75ffffedfc
0000000000002d3bfffffe76fffffc98
0000000000000797fffff23efffff85e
000000000000dd300000142d00000004
000000000000f024fffff4f300000f7b
0000000000001fff0000049e00000a9e
00000000000007d2fffff94affffffa0
000000000000f92bfffff5e100001869
000000000000005e000001befffffd15
000000000000edd600000671000008d9
000000000000f795fffffe81fffffa10
0000000000000f1b0000025c000008da
00000000000003fdfffffaf800000102
000000000000f2e4fffff941000002cc
000000000000166a00001287fffff7dd
0000000000002889fffff16d000007f2
000000000000f6e5fffff3f700000ab2
0000000000003d44fffffdd6000009b9
000000000000f43800000eb9ffffeb94
0000000000000b6700000ccc00000b9c
000000000000ea7600000696fffff6a2
0000000000002485fffff85dfffffaa1
000000000000f076fffff3dbffffff3b
00000000000002e1fffff19800000f66
000000000000e649fffff7b80000009d
000000000000dd5c000004fb00000c5a
000000000000f8f6000013e8fffffe0c
00000000000016d8fffffbf1fffff851
0000000000000709fffff5c600000db7
000000000000fd6300000052ffffea99
0000000000001088fffff8540000008a
000000000000f0e3000002090000028e
000000000000eaa6fffff7c200000890
000000000000f1070000078400000667
000000000000f344fffffcf6fffff108
000000000000ef74fffffd45000008a7
000000000000d7e2fffff8b700000236
0000000000001c85000008faffffff84
000000000000d7ab00000a4100000074
0000000000000fdefffff3f500000467
0000000000000a46000009c4fffffe3f
000000000000ede000000f7efffffe19
00000000000029d40000023dffffe984
000000000000f80200000cd200000109
000000000000d7d700001020ffffff0e
000000000000fd8ffffff304fffff7fc
00000000000015590000092700000bee
000000000000f0dffffff87900001201
000000000000f093fffff9adfffff863
000000000000cc220000130efffffe6e
000000000000337c000009a4fffffe49
000000000000278b00000214fffff5d8
0000000000001eaa00000809000002c1
000000000000fdb6000007b3fffff4aa
000000000000f86500000264fffff322
0000000000002ed7fffff7d600000226
000000000000f8f3fffff4ae000001c7
00000000000011e6fffffbe400000881
000000000000f44e00000a7600000861
000000000000fb8300000b2cfffffded
000000000000f685ffffef5300000c6a
000000000000f077fffff3a70000042e
00000000000009c4fffff86d000005bd
000000000000f356ffffffa7ffffff17
000000000000067dfffffa1100000aec
0000000000000fc8fffff9b3fffff9c0
0000000000002a65fffffaf3ffffffdd
0000000000000d5dfffff58900001410
000000000000f2e100000424fffff075
0000000000000ba7fffff5ebffffef9a
000000000000f6a00000022c00000dcb
0000000000001829ffffffc6fffff389
000000000000f99bfffffda2000005e0
000000000000ebe9ffffffa6fffff953
000000000000e2fffffff952000008a8
000000000000055b0000077ffffffe40
000000000000fb8ffffff77f00000650
0000000000000a0dfffff1bdffffebaa
000000000000e737000007ec000001d4
000000000000189ffffff71200000014
0000000000000830ffffef88000002a8
0000000000000945fffff454000008ab
0000000000001bbf000007cffffff7ff
000000000000eb6100000288fffffd16
000000000000271c000006b0fffff89d
000000000000f18000000aef000000a2
000000000000cd4afffffc3e00000422
000000000000ec31ffffee4a0000028c
00000000000010fe0000065c00000497
00000000000008d1fffffa8900000407
0000000000002e4afffffa6c00000256
00000000000009a4ffffed0ffffffec5
00000000000017110000037000000305
00000000000011250000042afffff6d3
000000000000f8c0fffffb39fffffa6b
000000000000f9e5000008100000052a
00000000000008edffffed65fffff9db
000000000000ebb8000006b6fffffe5a
000000000000e8cfffffff6d00000445
000000000000f810fffff3af00000990
000000000000057e000003ccfffffaaa
0000000000000e99fffffe7bfffffa67
0000000000000eb0fffffc80fffff3fd
000000000000f5fdfffffc4dfffff0da
00000000000009380000121f000003b3
000000000000f4b40000057efffff519
000000000000f324fffffa07fffff726
000000000000008300000602fffffe0c
000000000000fa93000002810000015d
00000000000008a0ffffed7afffff60e
000000000000f3e0ffffeda5ffffeeff
000000000000064a00000888000005b1
000000000000199d000002280000012d
0000000000000ce9fffffc020000087c
000000000000f60e00000685fffff4e7
000000000000081b000005e2fffffbe8
000000000000d4b30000096300000c79
000000000000f88f0000057d000005ef
0000000000000223000005d0fffffc5d
0000000000002fc4ffffecf900001f40
0000000000000ee0fffff56a00000c20
000000000000e5f9fffffe2ffffffdb9
000000000000e97ffffffafbfffffa15
000000000000027700000001fffff761
000000000000d94400000751fffff4cb
000000000000ff3efffffec200000cb3
000000000000085ffffffa1dfffff83e
000000000000e81cfffff8ae000009e1
000000000000fcef000004fcffffff8c
000000000000fa1afffff3a6fffffb1f
000000000000ecd700000d35fffffca2
0000000000000d28000007c3fffff6e3
000000000000f16d0000024efffffd8b
00000000000006060000100d00000b47
0000000000000a0c00000bf700000a3a
000000000000f95dfffff8c800000766
000000000000033e000001cbfffff8c7
000000000000e00affffeb6a00000d97
000000000000d634fffffaeefffff51a
000000000000f8f6000006e500000444
000000000000168600000281ffffff57
000000000000cdbbfffffc50fffffa45
000000000000d7e80000065100000281
000000000000187d000000fc000001bd
000000000000f124000008e6000003f6
000000000000048c000001e300000f1f
000000000000f8d500000652ffffebac
0000000000000ddafffffaa700001b90
000000000000de29fffff929000001e6
000000000000db6100000040000002ac
000000000000fedafffffaddfffffe7e
00000000000001fe000012a9fffff972
00000000000026c000000d7800000754
000000000000e806000004b5ffffed3f
000000000000fcc400000421fffff9f9
0000000000001a0e0000034afffffbea
0000000000003c27fffff3a3ffffff31
000000000000e8b2ffffee54fffffbb6
0000000000001408fffff59c000010e6
00000000000000b200000bd000000d5b
000000000000180b0000021d000009cd
000000000000f73efffff9e60000063d
000000000000f31d000007f0fffff52e
0000000000000238fffff8b5fffff974
000000000000131500000aab00000130
000000000000fe91fffff7b000000478
000000000000044c000009caffffff6a
00000000000024ae00000984fffffbdd
000000000000ead0000001b2fffffb2c
000000000000155effffe56a00001273
00000000000002ad0000075600001205
000000000000fe71000002e9ffffeefc
0000000000000a3dfffffe0c00000769
0000000000001fe7000005cd00000767
0000000000002341fffff15b000003d4
0000000000001aaffffffde0fffff901
000000000000feeafffffffa000008db
000000000000f4ab000007b9fffffe5d
0000000000000a91fffffcff00000d8b
000000000000d4fa00000da3fffffee0
000000000000c77600000b6dffffff18
000000000000ded8fffff4ebfffffd54
000000000000fe0500000a770000051e
000000000000093dfffffd7300000164
000000000000ea09fffff469ffffece9
0000000000000795fffff46b0000020f
0000000000000936000005ceffffff9f
000000000000080500000807fffff7be
000000000000030900000113fffffa19
000000000000f88000001239fffffe5e
00000000000014bdfffffb7cffffffe8
000000000000fc1afffff54bfffff978
000000000000f471fffff822fffffee0
00000000000008a2fffff5cf000004dc
00000000000027f6ffffffcefffff8bf
000000000000166cfffff5be00000c00
000000000000f8cd00000267fffff71b
0000000000000838fffffd78fffff7da
00000000000034b500000445fffff579
000000000000e30dfffffa11fffff48d
00000000000003ad00001094000009a5
00000000000009fafffff9f3fffffdca
000000000000051500001278fffffed8
000000000000148dfffff2cc000005c0
00000000000002670000067cffffffa3
00000000000005e9fffffaad000000f0
000000000000ff4b000005c90000033e
0000000000001876fffffa5f000000a2
0000000000002a44fffffdf4fffffa9b
000000000000e5f8fffffd9000000850
000000000000e70e00000fa1000006a1
000000000000f840ffffff43ffffffff
00000000000001b3000002ce00001632
000000000000f3ddfffff8a80000028b
000000000000d1e7fffffffa00000074
0000000000000606fffff38fffffffee
