000000000000130000000236fffff88b
000000000000132000000e830000163e
00000000000014e0fffffcabffffec07
0000000000000b10000010f400000264
00000000000033c000000402fffff622
00000000000018a0fffffc1fffffef58
0000000000000b300000069b00001448
00000000000017e000000ac0fffffffa
00000000000010c0ffffff7300000bd8
00000000000015a0fffffd1cfffffbfc
0000000000000a600000052500000534
0000000000001d80fffffee7fffffef0
0000000000002000000000bbfffff009
0000000000000b20fffffeaf00000388
0000000000000c00fffffe69fffffb9a
0000000000002240fffffc1bfffff900
000000000000204000000043000001a2
000000000000228000000073fffffa84
0000000000001d00000005b10000036c
0000000000001920fffffe9dfffffc5a
00000000000014a000000b20fffffcfb
0000000000001260fffff1f2fffffad0
0000000000001340fffffa5bfffffd0f
0000000000000c50fffff9e0fffff266
0000000000000c40000003070000040d
0000000000001700fffffda9fffffae7
0000000000002dc0000003b00000049f
0000000000000f10ffffff3cfffff946
00000000000000000000000000000000
0000000000000dd0fffff9c7000006e5
0000000000002000fffffc9300000956
0000000000001080fffffa0a00000254
00000000000008f0fffff31600001b44
00000000000027c00000027c00000745
0000000000001fe000000111fffff432
0000000000001480000009b1fffffaa1
00000000000010c0ffffffe3000003f2
0000000000000fe00000073a00000a14
0000000000001500000000bafffffbe1
0000000000001a80ffffff0cfffffe6b
0000000000000ea00000018c000000b0
000000000000194000000499fffff402
0000000000001e60ffffff40ffffec9c
0000000000000e50000005b30000077f
0000000000001920fffffd4ffffff54e
0000000000001c8000000227fffff797
000000000000ffccffffdf8b00001fb4
0000000000001680fffffb68fffffa6c
0000000000001ee0000003f6ffffec29
00000000000024c0fffffcedfffffa8d
0000000000001a60fffffddb00000060
0000000000000ca0000002ce00000d25
0000000000000e40fffffcb600000111
0000000000002540000005a9ffffe999
0000000000000d90ffffefb00000081a
00000000000018c0000009c3fffffa26
0000000000001560fffffb5600000eac
0000000000000ec0fffffbedfffffff3
00000000000026c0fffff457fffffa14
0000000000000dc0000005f4fffff995
00000000000019800000024bfffff70d
0000000000000d90fffffe4afffff7a5
00000000000014c0ffffff18000004ed
0000000000000850fffffcdf000008f2
0000000000001100fffff0eaffffff77
000000000000104000000ec3fffff8f0
0000000000000d00000007060000027a
0000000000001940000008ddffffeffd
00000000000017a000000434fffffb3c
0000000000000aa0000005c200000723
000000000000166000000978fffffeb4
000000000000168000000424fffff28b
0000000000000bc0000002b3ffffff38
0000000000001600ffffff37fffff901
0000000000001ee00000035700000855
00000000000016a0fffffec8fffff4cc
0000000000001c80fffffd6cfffff591
00000000000016e0fffffeedfffff973
0000000000000bb0fffffda9fffff5d7
0000000000001380fffff99c00000071
000000000000180000000940ffffffae
0000000000001ca0000002c40000037e
0000000000001b600000017ffffff1d4
0000000000000b60fffff62500000d4c
0000000000001340fffffbb300000841
0000000000001cc000000332ffffff45
0000000000001660fffff868000000d8
0000000000001a80fffff8d3ffffecf7
00000000000016c0fffff964fffff018
0000000000001280fffff7fe00000747
0000000000000c6000000301fffffde4
0000000000000b600000028b000014c3
00000000000015e000000508fffff66b
0000000000001620000009d1fffff9f2
00000000000016c0fffffec0fffffe3f
0000000000000b80fffffe8f00000b27
0000000000001940000000cbfffff9f9
00000000000013a000000664000012d6
0000000000000db0fffffb66ffffff4f
00000000000011e00000047cfffff8ed
0000000000000e80000001c8fffffb86
00000000000011c000000a830000010a
00000000000016e00000019d000002d4
00000000000012800000002bfffffbf3
0000000000000e900000046e000008c7
0000000000001f00fffffe56fffff8a8
0000000000001d6000000695fffffff8
00000000000011e000000135fffffc8e
0000000000000ee00000001a0000005b
00000000000010200000000c0000084d
0000000000001460fffffcaafffffdf7
0000000000001880fffffe63fffffe25
00000000000018000000028afffff371
0000000000000c70000009e4ffffffc4
0000000000001740fffff974fffff453
0000000000002800fffffe98ffffe714
0000000000002a800000034ffffffa0c
00000000000017e0fffffd110000058a
00000000000011e000000233fffff904
00000000000019c0fffffa96000003db
0000000000000c90000001430000002c
000000000000214000000220ffffef5d
00000000000009c0000003bb000000c6
00000000000015c0fffffae900000157
00000000000010600000082a00000906
000000000000170000000869fffffb56
0000000000001540fffffedcfffff0a8
0000000000000bf000000252fffffb6a
00000000000019200000041900000805
00000000000013c0ffffffaafffffa56
0000000000000b400000018e000000f1
0000000000001860fffffbfafffff967
0000000000000c00fffffccd00000343
00000000000000000000000000000000
0000000000001720fffff90400000664
0000000000002b40fffffbb8fffffb8b
0000000000001020fffffd2a0000003c
0000000000000e300000029afffffd43
000000000000120000000d8500000300
00000000000019800000022fffffef5f
00000000000034c0fffffd19ffffecd8
00000000000027c0fffffe1cfffffaf4
00000000000012a0ffffffe6fffff56f
00000000000017c000000622ffffeeef
0000000000001f80000003dc0000078d
0000000000002380fffffa48fffff587
0000000000001aa000000451fffffd83
0000000000000cb0fffff25400000a40
0000000000002580fffffaa9000002e0
0000000000000cc0fffffccf00000475
0000000000001740000000d300000a2d
00000000000012600000037cfffffd2a
0000000000003280fffff919fffff44f
00000000000016a0fffffc6bfffff12a
0000000000001780ffffffe4000007b8
00000000000019600000020effffef0d
0000000000001900fffff41efffffc56
0000000000000c90fffffc8500000584
0000000000001880fffffb6afffff512
0000000000000ca0000011f6fffffa53
0000000000000da00000047300000300
0000000000002980000002bbfffff34f
00000000000013e0000004bdfffffb67
0000000000000db0fffff8fc000002fa
00000000000017e0fffff1a0fffff224
0000000000000f1000000aa1ffffffee
00000000000014e0fffffd9e00000d26
0000000000001560fffff23d00000c03
00000000000019e00000035a0000025f
0000000000001500000001a500000c9c
00000000000000000000000000000000
0000000000001520ffffff94fffff99a
000000000000134000000197fffffe1f
00000000000016c0000003e9ffffe6ae
0000000000001fc0000000d5fffff0e0
0000000000000e10ffffffb4000002b3
0000000000001ac0fffffdc500000aaa
00000000000013e000000508ffffec62
00000000000000000000000000000000
0000000000001960fffff6dafffff5f9
0000000000000cf0000007cefffffaea
000000000000ffa4fffff2ec00001427
00000000000011600000033cfffff81e
0000000000002800ffffffc6fffff586
0000000000001400000004a6fffffb10
00000000000000000000000000000000
00000000000013a0fffff20ffffff3e8
0000000000001d80ffffff68fffffc56
0000000000002a80fffffd65fffffa0d
0000000000001320fffffc20fffff576
00000000000017800000026700000945
0000000000000c10fffff43d00000089
0000000000001700fffff83ffffffb0b
0000000000000be000000489fffffe95
00000000000011e0fffffd16fffff5b4
0000000000000bb0fffff28300000871
0000000000001a60fffffcefffffebdd
0000000000001680000008c40000105a
000000000000140000000276000004c5
0000000000001c4000000b3d000000a2
0000000000000fb00000004cfffff653
0000000000000fc0ffffffa900000d06
000000000000120000000723ffffea80
0000000000001d4000000028fffffe8c
0000000000002e00000005ebffffe6c0
0000000000000ff0fffffeaefffffc07
0000000000000e60000000c70000085f
0000000000002140fffffcd700000283
00000000000017a0000005d7fffff8f8
0000000000000f90fffff9b40000016a
0000000000000ee000000b8ffffff4e7
0000000000001fa0fffffa4ffffff4b9
00000000000000000000000000000000
0000000000001000fffffc04fffff8b3
0000000000000ce0ffffffd7fffffc86
0000000000001100fffffe26000003c7
00000000000013a0fffffc1000000356
0000000000002040fffffc1efffff9d2
0000000000001820fffffc62fffff8b8
0000000000001180fffffac500000d2a
0000000000000ad0fffffbfb00000b08
00000000000000000000000000000000
0000000000001b40fffffc31ffffff68
0000000000003500fffff8d0ffffef6f
0000000000000ec00000009b00000d29
0000000000001120fffffb6000000411
0000000000000ec0fffffe63fffffbe0
0000000000002180fffffdfeffffeb6e
0000000000000a70000004d000000682
00000000000010600000005bffffffa7
000000000000268000000bbbfffff2e1
00000000000000000000000000000000
0000000000002880000001dfffffed34
0000000000001600000005a9fffff92b
0000000000001fe0fffffc71ffffee58
00000000000015c0fffffa28fffffa0e
0000000000000b10000000b600000d8e
0000000000001e60fffffb3800000b83
0000000000001600000005c5ffffe79c
0000000000000d20fffff78d00000352
0000000000001500fffffb3400000cd4
0000000000001d0000000164fffffdf1
00000000000000000000000000000000
0000000000000ca000000442fffffc08
00000000000014800000034000000431
00000000000000000000000000000000
0000000000000da0000002affffffaca
0000000000001b00fffffd1dffffebb9
00000000000011e000000a00000007e9
0000000000000ef0000005c2fffff911
00000000000022c0fffffd89ffffed0f
0000000000001400fffffc2dfffffe35
00000000000012e0fffffe09ffffeda5
00000000000023000000027afffff551
0000000000001900fffffc49fffffb99
0000000000001920fffffda4ffffe8bb
00000000000014a0fffffb42000001a6
0000000000000f50000005cc000000c9
00000000000016c00000018400000fa3
00000000000010a0fffffdbd000006ba
0000000000001340fffffe12000008a3
0000000000001dc0fffffc14fffff16a
0000000000001080fffffd5bffffff52
00000000000000000000000000000000
0000000000001980000005560000013f
0000000000000da0fffff6ba00000a90
00000000000012c0000004c7fffffa2d
0000000000001b4000000260fffffa39
0000000000001de0fffffdcdfffffe28
0000000000001a60000000c3000003f1
00000000000000000000000000000000
0000000000000d400000007b000007d6
00000000000000000000000000000000
0000000000001d8000000036fffff0fe
0000000000000ef0fffffb410000020d
00000000000010c0fffffe8e000002cb
0000000000001660fffffe5afffff657
0000000000000d500000009a0000046c
0000000000001a000000019ffffff273
000000000000108000000298000002d7
000000000000150000000775fffff5c1
0000000000001600fffffe47fffff9d9
00000000000014c0fffffcadfffff084
0000000000001640fffffcab00000345
0000000000000d300000061b00000787
0000000000000b60fffffd93fffffeae
00000000000015e0fffff6a000000500
0000000000000b3000000542ffffffa9
00000000000018c0fffff7f900000542
0000000000002540fffff7e4ffffea6f
00000000000013c0ffffff56fffffcd6
00000000000014000000036cfffffacb
00000000000010200000070d0000045a
00000000000018e0fffffb27fffff31e
000000000000126000000048000001c8
0000000000001420fffffecffffff98d
0000000000000dd0000005c2fffffab9
0000000000000a60000001d00000085a
00000000000000000000000000000000
0000000000002b0000000258fffff403
0000000000000ca000000325fffffe22
000000000000160000000143fffffeee
0000000000001400fffffdf9fffffb92
0000000000000af0fffffcdd00000079
0000000000002180fffff265000022c8
00000000000016e0fffffe39fffff518
00000000000019e0fffffb77000001dd
000000000000164000000068fffff18a
0000000000002c40fffffc9400000930
0000000000001a00fffffc6dfffff0b9
00000000000013000000088efffffc98
0000000000001ac0fffff9f0fffff65e
0000000000001b20fffffbe3fffff2ca
00000000000013a0000002c6fffffabb
0000000000000f90fffff8feffffff29
0000000000000b2000000134fffff8a1
0000000000001120fffffeddfffff316
00000000000017c0fffffe21fffffce8
0000000000001200fffffd1200001476
0000000000001320000001f000000d74
0000000000000d7000000b0f00000300
0000000000000d80ffffffce000000cb
0000000000001160fffffe33fffff0a7
0000000000002ec00000069d000004ce
0000000000000f50fffffb2cfffffd9a
0000000000001ac0fffff8b6ffffefb0
0000000000002700fffff682fffff549
0000000000000dd0fffffec3fffff764
0000000000000b50fffffdcc000008fb
00000000000019000000057dfffff583
0000000000002100000004e1fffff821
0000000000001660fffff979fffffab3
0000000000000f5000000a6100000129
0000000000001780fffff9edffffef2f
0000000000000ad00000062100000301
0000000000001b40fffffb6afffffe92
0000000000002dc00000003a000004a8
00000000000000000000000000000000
00000000000019a000000ac7000011ba
0000000000001120fffffde5fffffec2
00000000000008f0ffffffa700000e20
00000000000017a000000b2f00000ce6
00000000000019e0fffffe6efffffa73
00000000000018e0fffff2f70000114a
0000000000001520fffff392fffffb77
00000000000014c000000637fffff96d
0000000000001960fffffa0000000021
00000000000015c0ffffff80000000c7
00000000000015c000000618fffffd59
00000000000028c0fffff616fffff245
00000000000018000000008efffff1f6
0000000000000da0000005a500000d2c
0000000000001580000003bbfffffd17
0000000000000e50fffffc84ffffed2f
0000000000000ac0fffffe73000000ae
00000000000018600000030ffffff7c2
00000000000016e0000006c80000068e
00000000000014c0000000dbfffffd28
00000000000009e0fffffc1a000007f3
0000000000000bb0000003c0fffffca8
0000000000001b800000013100000c21
0000000000001820fffffd510000072f
0000000000000cc00000026a000004e2
0000000000000f10fffffe5b000001c8
0000000000001dc0ffffff69ffffed3c
00000000000014000000062a00001031
0000000000003000fffffe37ffffeddb
0000000000000b80000001d20000064d
0000000000001220000000ee00000352
0000000000002a80fffffe35ffffec4a
0000000000000d000000011200000343
0000000000001ea00000085100000113
00000000000016e0ffffffdb000002fc
0000000000001180000003e2fffffc4d
0000000000000ff0fffff6dbfffff0ca
0000000000001b00fffffc57fffff4f9
0000000000000ec000000127fffff73d
0000000000000b0000000467000002a1
0000000000001b0000000048fffff3f3
00000000000014a00000045efffff109
00000000000016800000089a00000db5
000000000000174000000249fffff2d5
0000000000002440fffffeeefffff656
0000000000000b70ffffffbd00000223
0000000000001280fffffaacfffffd0d
0000000000002940fffffe69fffffd70
0000000000001860000002eafffffa1b
00000000000021c0000006d0fffff21e
0000000000001160000003dffffffd8e
0000000000000e30fffff78afffff36b
0000000000001d00fffffdf1fffff581
0000000000002b80fffff296fffff8c6
0000000000001860fffff03500001604
0000000000000dd0fffff904ffffff1f
0000000000000880fffff77e00000bb8
0000000000000ac0fffff7a9000004a0
0000000000000e60000006020000050c
0000000000001860000001b6ffffe7c5
000000000000110000000060fffff3d0
00000000000000000000000000000000
000000000000264000000254fffff9f3
00000000000009b0fffffe2dffffff7b
00000000000025400000041afffff6c1
00000000000000000000000000000000
0000000000000ef0000000c6000009ce
0000000000000b60ffffffecfffff692
00000000000013e000000bba00000c98
0000000000001140000002dffffff8b7
0000000000001da0ffffff96fffffb96
00000000000010600000039e0000009b
00000000000000000000000000000000
00000000000000000000000000000000
0000000000000d5000000772fffff904
0000000000001d400000079a00000297
0000000000000970000005ff000006d4
0000000000001fa0fffffadd00000f2b
00000000000000000000000000000000
0000000000001280fffff49d00000f5c
00000000000017600000007100000121
0000000000001060fffffdddffffffd8
00000000000000000000000000000000
0000000000000c60fffffb52fffff8bc
0000000000001780ffffffce00000664
0000000000000d90fffffb4e000006bd
0000000000000d00fffffb1cfffff922
000000000000134000000135fffff674
000000000000190000000769ffffeec4
0000000000001460fffffd98fffffd6e
0000000000000e30fffffe8efffffc21
0000000000000db0fffffdd500000571
0000000000000b00ffffff4f00000da2
0000000000000a00fffff76600000d19
00000000000013e0fffff1f1fffffb29
00000000000015a0000007dfffffec11
0000000000000f4000000c1900000c15
00000000000018c0fffffd8dfffff2ed
0000000000001c00000000e9fffff6b2
0000000000002400fffffaf1fffff9df
00000000000000360000194400001ab0
0000000000001fc0fffffc48fffff935
00000000000012c0fffffce100000230
000000000000178000000863ffffe493
0000000000000a90fffff9060000033b
00000000000018000000032400000fc3
0000000000000a100000006700000956
0000000000001de00000025ffffff2ad
0000000000001200fffffb78fffffb8c
0000000000001c60fffffd21ffffee4c
00000000000027c0fffff9fe000002c7
0000000000000700fffff36500000ae4
0000000000002ec000000444fffff3db
0000000000001c80fffffbcf000005c4
000000000000122000000e660000149f
0000000000002800fffff8a7fffff520
0000000000000d60fffffec4fffffe0e
0000000000000f700000039afffffd7a
0000000000001160000005aaffffff39
000000000000140000000153fffff664
000000000000188000000440ffffeee9
00000000000010e00000003dffffff79
0000000000001160fffffa2200000564
00000000000019a00000019cfffff35e
0000000000000c60fffffcaefffff9e4
0000000000002700fffff526fffff5e2
0000000000000d0000000638fffff78f
00000000000000000000000000000000
0000000000000c2000000ab2fffffd0a
0000000000001a800000034900000483
0000000000002300000001d3fffff5ad
00000000000011e0000001a400000283
0000000000001020fffff93c000004f3
000000000000ff8700001388000019f5
0000000000001a800000003bfffffa85
00000000000000000000000000000000
0000000000000e40fffffb0afffffc44
0000000000002100fffffb24fffff025
0000000000001de000000359ffffe5ab
00000000000015a0000001040000058a
0000000000001ca0000003c9000004b0
0000000000000d20fffff8b3fffffa2e
0000000000000bc0000004ca00000341
000000000000136000000750fffff32a
0000000000001aa0000000d50000084f
0000000000000d60fffffade000003e3
0000000000000e400000069500000078
00000000000015a0000009ef00000256
0000000000001500000004c80000038a
0000000000001320fffff2b5fffff3f2
00000000000012400000034affffff24
0000000000000a30fffffc4cfffff288
0000000000001c00000008c3000009dd
000000000000304000000212fffffd87
00000000000026000000014c0000038f
00000000000000000000000000000000
00000000000007c0fffffa9100000838
0000000000000c100000015a00000426
00000000000015e00000097100000324
0000000000001a0000000676fffffe92
0000000000001000fffffe590000022d
0000000000000ea000000526fffffa1b
00000000000019400000059cfffff122
0000000000000b80ffffff0700000d61
000000000000114000000de3000009a8
0000000000001700fffffc87ffffff6f
0000000000000ec0fffffd020000069a
0000000000002040fffffbc6ffffef6a
00000000000011a0fffff29ffffff39b
0000000000001400fffffd32fffff961
00000000000009c0fffffc02000005bf
0000000000000e40fffffced00000a7a
000000000000172000000604fffff705
0000000000001be0000002da000004ae
0000000000002640fffff73afffff999
00000000000016e0fffffcc7fffffaf7
0000000000001f40000003650000037f
00000000000012e0000004c0fffff453
0000000000001560000000c90000011d
0000000000000c90fffffca5000015a6
00000000000017600000063efffff9fc
0000000000000af0fffff43000000678
0000000000000fe0000008810000023a
00000000000018400000072d000007b2
000000000000ff9e00001459000013b0
0000000000001be0fffffca0000000bb
00000000000013a0ffffffc3ffffef08
0000000000000d20fffffe670000033f
00000000000000000000000000000000
0000000000001700000008d9fffffef9
0000000000000c4000000236fffffaa6
000000000000254000000c0dfffff7b2
0000000000001520fffffb03000001f0
0000000000001ca0fffffee0ffffe426
0000000000001ac00000006f0000099d
0000000000001640fffff64500001108
000000000000ffccffffb25f00004f02
0000000000001b40fffffd9300000138
0000000000001f00000002f5fffff999
0000000000000cf000000025000007e8
0000000000000e3000000300fffffbd1
0000000000001580fffffaba000005a2
0000000000000e90000001adffffff87
0000000000000ab0ffffffda0000059e
0000000000000c80000005c4fffff902
0000000000000f6000000678fffffd04
00000000000017a0fffffbcb00000829
0000000000000df00000046a00000abd
0000000000001020fffffacdfffff030
0000000000001260fffff3bbfffff722
0000000000001a0000000344fffff3f6
000000000000176000000605ffffff58
0000000000000dd0fffff3a6000004c9
000000000000154000000134000008e7
0000000000001ee00000051fffffee41
0000000000002040ffffff14fffffb0b
0000000000000f4000000540fffffaab
00000000000021c0fffffe42ffffe947
0000000000000f30fffffc060000093a
000000000000368000000b02ffffeed4
0000000000000a60ffffffc200000842
00000000000024000000000ffffff78b
0000000000002600000001bdfffffec4
0000000000001a00fffffe3f0000015d
000000000000142000000493fffff646
0000000000001a4000000011ffffeb2f
0000000000000f10000006d5000005aa
0000000000001d80ffffffb8ffffecf1
000000000000016afffff477000021e0
0000000000000ea000000833fffff681
0000000000001660fffff7b1000003c8
0000000000000438000015d500000b49
00000000000014c0000007dbfffff6c8
000000000000009800001dc900001ff9
00000000000010e0fffffaedffffffc7
00000000000019800000168bfffffccd
0000000000000ce0fffffad300000792
0000000000000ce0000005dcfffffa53
00000000000019a0ffffff0bfffff4e4
0000000000001fa0fffff7d4ffffdcc3
0000000000000ca000001755000026a5
0000000000000a7000000bdefffff624
00000000000000000000000000000000
00000000000015e0ffffffdbfffff5b5
00000000000014000000010600000752
0000000000000bf0ffffffbfffffff44
0000000000000ae0fffffc8700000438
0000000000001480000000c400000821
00000000000012a0fffffb8efffff6af
0000000000000c00000008800000068b
00000000000017a0000000dbfffffa14
00000000000018c0fffffafd0000084d
00000000000009f000000bf6fffffa3a
00000000000016e0fffffb65ffffff70
00000000000000000000000000000000
000000000000238000000a80fffffcff
0000000000002040fffff9b1ffffef0a
0000000000001580fffffb3700000432
00000000000014e0ffffff9dfffff647
00000000000012c0000013ed000023ca
00000000000010600000055bfffff900
000000000000148000000604000003d6
0000000000000b90fffffab4000005a9
0000000000001bc0000000a3fffffb5e
00000000000005600000067800000981
0000000000001a60000005f2fffffe7d
000000000000128000000186fffff985
0000000000001740fffffd28fffffbb5
0000000000000d90fffff905fffff979
00000000000008a0fffffc6b00000887
0000000000002380fffffbecffffe997
00000000000010e0000003c50000113e
00000000000016c000000162ffffffbd
0000000000000f000000013b00000485
0000000000001500fffff66ffffff61a
0000000000000f300000024bfffffe06
0000000000001460fffffbb8fffff614
0000000000001f80000002c8fffff471
00000000000000000000000000000000
00000000000028c000000436fffff38e
000000000000018cfffff1f000001536
000000000000228000000182ffffe9db
0000000000000e0000000009fffff97e
000000000000ff7900000d5700000ccd
0000000000000b900000068400000c0b
0000000000001a40fffffa45000001db
00000000000012e0fffffdfe00000816
00000000000012a0000004fafffffc4e
0000000000001fe000000a27fffff21c
0000000000000fa0000008e0000006dc
0000000000000e70fffff7780000013f
0000000000000c00ffffff55ffffff14
0000000000001040fffffeb8fffff3ed
0000000000001e00fffffcd7000004ba
000000000000254000000090fffff56d
0000000000001720fffffbf9fffffed9
0000000000001220fffffc7bfffff874
000000000000128000000365000007b4
0000000000000910000016c3fffffb5f
0000000000001020fffffe8f00000569
0000000000001100fffffaaafffffb38
0000000000001320fffffba100000225
00000000000014a0fffffb19fffff394
00000000000000000000000000000000
00000000000000000000000000000000
00000000000028c0fffffcc80000079c
000000000000270000000522fffff75a
0000000000001520ffffff2300000114
0000000000001c40fffffbcfffffee43
00000000000011a00000035b000003cd
000000000000108000000040fffff960
0000000000000b80fffff95f0000030e
0000000000001260fffffee2000001b6
0000000000000f600000024afffffa48
0000000000000ed0fffff61900000aeb
0000000000000af0000002e700000547
0000000000001760ffffffef00000a1e
0000000000001580fffffee7fffffa42
0000000000001ec00000050800000710
0000000000000c10ffffff7f000001bc
0000000000000cd000000b14ffffffa5
00000000000017c00000071dffffe9ab
00000000000011c0000004a700000010
00000000000015e0fffffd3200000543
00000000000013c00000014600000303
00000000000010a00000020800000458
0000000000001140fffffbb3000007f3
0000000000001b200000086b0000102f
0000000000001140ffffffb7fffff1e7
0000000000003580fffffe27fffff35d
0000000000001a20fffffb10fffffc1c
0000000000000a60fffff4c100000473
0000000000001020fffffd47fffffabf
0000000000001080fffffc31fffff8d5
0000000000001fe000000491ffffe596
000000000000140000000286fffff31a
0000000000000dd000000190fffff8a2
0000000000000be0fffff8a4fffff97c
00000000000016e0fffffb15fffff7d5
0000000000002580000002effffff7bb
000000000000144000000400fffff103
000000000000ff390000040c0000129d
0000000000000b50fffff5e30000032b
00000000000000480000345e00003c50
00000000000013e000000ae5fffff6c2
00000000000011e0fffff72400001469
0000000000000a30fffffedc0000072e
0000000000000a10000002f400000515
00000000000011a0000004d400000925
00000000000011800000016e00000013
0000000000000c60fffff33c00000dbc
00000000000013e0000000c5fffff95d
000000000000240000000595fffff73b
000000000000230000000664ffffe904
0000000000000c900000087100000aa9
00000000000021c0000003dbffffe803
00000000000022c0000000dcfffffdb0
00000000000000000000000000000000
0000000000001480fffff9db00000029
0000000000002440fffffaefffffffc2
0000000000001540fffffa1c000009b6
0000000000001620fffffeaffffffa50
000000000000003bffffe63300001fb3
00000000000019000000014f00000cf6
00000000000020000000026bffffe9cd
00000000000021c0fffffbeaffffe3c7
00000000000000000000000000000000
0000000000000be0000002e100000f0e
0000000000001400fffff65effffffba
0000000000000b40fffffa91ffffff4d
0000000000001480fffff684fffffe68
00000000000011a0fffffc980000060b
0000000000000ef0fffffbbffffffefe
0000000000001180fffffe2900000746
00000000000011e0000008b1fffffdf8
00000000000013c000000441fffff491
000000000000124000000101000000a8
00000000000012e000000069fffffa95
00000000000019e0000005d0fffff86d
00000000000012a0fffff6cc000002a9
0000000000001160fffffb28fffffb90
00000000000017c0fffffddafffff6ab
0000000000000a60fffffe6d00000ae2
0000000000002a40000015a7ffffdd7e
0000000000000de0fffff4e000000bfb
0000000000001020000002dffffffec1
0000000000001e80fffffd53ffffedf0
0000000000001320fffffff1000000f5
0000000000000cd0fffffe1700000126
0000000000003a00000006f2ffffe710
0000000000000de00000030200000066
0000000000002100fffff8f50000044f
00000000000013800000090afffffbf1
00000000000011e0fffffa91ffffff57
00000000000000000000000000000000
0000000000001980fffffe74fffffebe
0000000000000b70000008da00000522
00000000000000000000000000000000
0000000000001760fffffbe8000017f7
00000000000013e00000002900000cc9
0000000000000ba000000077fffffb9a
0000000000001d40fffff95c000001a7
0000000000001220fffffe08fffffba1
0000000000003080ffffffb3fffff019
0000000000001760ffffff90000008af
0000000000000c40000009ea00000407
0000000000001b000000022b0000071c
0000000000001a40000000c4fffff041
00000000000008d0ffffff490000034a
0000000000001500fffff548fffff843
0000000000000578fffffc2c00000af2
0000000000001580fffff60dfffff4df
0000000000000a4000000024fffffe9a
0000000000001f2000000105000001b8
0000000000000c000000035500000eea
0000000000001460ffffff73fffff669
0000000000000c70ffffff24ffffff86
0000000000000c20fffffe3800000013
0000000000000760000004b3000003b3
0000000000000bd000000b0100000f4f
00000000000011c0000000d1ffffff7a
00000000000017c0fffffc7a00000be6
000000000000094000000492ffffffb3
0000000000001400fffff9f6fffffe2f
000000000000144000000503fffff79c
0000000000000116000019a3000005f3
00000000000015a000000468000005fb
00000000000022c0000003c7fffff4b5
0000000000001cc0fffffb7e00000251
0000000000001680fffffbc8fffff710
00000000000018600000018b0000050d
0000000000001c20000002f9fffffd60
00000000000012e000000074fffff5b2
0000000000000d70fffffa210000075a
0000000000000f80fffffce9fffff6af
00000000000018e0fffffa6ffffffe3a
0000000000001400000003bffffffcc6
0000000000000bd000000678000007ff
0000000000001740fffffa84ffffe762
0000000000001140fffffe92fffff759
0000000000001480fffff984fffffdde
00000000000010200000035a00000138
00000000000001c2fffff6c50000047e
0000000000001500fffffb9100000711
00000000000010c0000007ccfffffef8
00000000000013a0fffffe96fffffcfd
00000000000019200000014dfffffb53
00000000000012a0fffffb3900000c34
0000000000000ac0fffffb1dfffffff6
000000000000168000000259fffff45d
0000000000000a30fffff4d500000776
0000000000000cf0ffffff770000020b
0000000000002040fffffc6bfffffe26
0000000000001be0000005c0ffffff01
0000000000000c80000007c3fffffaa5
0000000000000eb000000536fffff369
0000000000001ae0fffffea5ffffea3a
000000000000144000000067fffff4a8
0000000000001780000007c3fffff856
00000000000000ffffffeea60000167d
0000000000001b80000000b4000002cc
00000000000009300000045c000005be
0000000000001520fffffd4e00000639
0000000000001320fffffea000000973
000000000000148000000633000009c0
0000000000002e00fffff7ccffffd873
0000000000000b10fffffc82000003c4
0000000000000fb0ffffffa100000bcd
0000000000001aa0fffff9fcfffff927
0000000000001740fffffc68ffffed9d
0000000000001400fffffba4000009ad
0000000000001820fffffdfe00001055
0000000000000dd0fffff9ce000003c7
00000000000020c0fffff94bffffeaf5
0000000000000f1000000176ffffff91
0000000000001e00fffffb09ffffff54
0000000000000aa00000046500000487
00000000000009e0000003db0000091d
0000000000001080fffff8480000015e
00000000000011000000029100000662
0000000000001520fffffbb1fffffc38
0000000000002040000002befffff5fc
00000000000011e0fffffa3cfffffd30
0000000000002d80fffffb8bfffff8ca
00000000000000000000000000000000
0000000000000a400000087b000006e9
0000000000000060ffffec0a00001a2b
0000000000001d80ffffff47fffffc98
0000000000000000fffff6a9000009ef
0000000000002c80ffffff40fffffb54
00000000000015e0000001ec0000029e
0000000000001b60fffffe2900000210
0000000000001060fffff98b00000454
0000000000000b6000000574fffffeab
00000000000010c00000005afffff7f6
000000000000140000000279000004d2
0000000000001500fffffcb1fffffd8b
00000000000000000000000000000000
0000000000002040000007a7fffffa81
0000000000001440000004a2000008ab
0000000000000d10000007f90000020b
00000000000010e00000028ffffffe66
00000000000018e0000002bbffffffd3
0000000000001fc0fffffc0700000388
0000000000000570fffffb7400001c3e
0000000000001000fffffe7700000a73
0000000000001260000001b4fffffd11
0000000000001ce000000122fffff4a7
0000000000001240000008d4000003cc
000000000000364000000021fffffa73
0000000000002ac0fffffdf2ffffdf7d
0000000000001660000007bd00000b0a
0000000000000ed0fffff89f000008d7
0000000000001900000004feffffef15
00000000000000000000000000000000
0000000000001540ffffffdcfffff0d5
00000000000011e0fffffebbffffff5a
0000000000000ae000000431fffff59a
0000000000000b70fffffd58000007ee
0000000000003b00fffffba6ffffe767
00000000000014a0fffffcca000002c9
0000000000000e50fffff2600000163b
00000000000015200000079cfffff80e
0000000000000e600000036cffffedfd
0000000000001ac0000000fafffffe05
0000000000000cb0000002b3ffffffee
00000000000017000000030cfffff7d6
0000000000000b300000048d00000986
0000000000001780fffff3f5fffffac0
0000000000000c60000001f900000add
00000000000000000000000000000000
00000000000018000000075500000b2f
0000000000001300fffffbee000004bd
0000000000001d00000001ecfffffaa4
0000000000002300ffffff6effffff3b
0000000000000fa0fffff772000006c2
00000000000017a000000297fffffdf2
0000000000001360000001effffffed5
0000000000000fa000000455000011cd
0000000000001140ffffff3500000223
000000000000104000000336fffff3a7
0000000000001500fffffdbf00001143
0000000000000cc000000077000005e0
0000000000000b00fffff88900000164
0000000000001500fffffd2a00000149
0000000000001120fffff87600000546
00000000000017c0fffffd8cfffffce5
0000000000002780fffff505fffff41f
0000000000000dc0000000b8000010f0
00000000000016600000114500001c6b
0000000000000011ffffd6a6000029c3
0000000000000dc0fffff5a500001442
0000000000000cb0000001dcfffffddf
0000000000000b2000000937fffff624
0000000000000b600000081400000936
0000000000000b40fffff4ac00001407
0000000000000cb0fffff69a00000fda
0000000000000d90fffffafcfffffe42
0000000000000c90fffff52d00000bf9
0000000000001d6000000377fffffc7a
0000000000001680fffffda8fffff423
0000000000002140000003ab00000509
0000000000001d40000004b5fffff67e
0000000000002c40fffff2beffffe7bd
0000000000002680fffff98800000e86
00000000000013e00000043700000c10
0000000000000fc0000006a3ffffff77
0000000000002c00fffffd6cffffe9cc
00000000000000000000000000000000
00000000000018c0000006b2fffff1af
0000000000000da00000049900000ba4
0000000000000c00ffffff93000002c8
0000000000000be00000047c00000254
0000000000001ba0fffffeaaffffe993
0000000000000d30000001befffffd50
00000000000000000000000000000000
0000000000001b80fffff9e600000463
0000000000002240000005fdfffffc1b
0000000000002980fffffeac00000527
0000000000001400000002f0ffffff47
00000000000010e0fffffc6bffffff3e
0000000000002a80fffff2fafffff9c0
00000000000000d9ffffe83e00000748
00000000000017e0000006e9fffffb4e
0000000000001460000002740000044a
0000000000000b20fffffe2000000479
0000000000000d40fffffd4000000c41
00000000000012e0000001ebfffff549
00000000000017a0000003a4000002f4
0000000000001100000002ac00000a23
0000000000000bb0fffff89f00000d92
00000000000016200000022ffffff759
0000000000000c70fffffa15fffff8ae
00000000000008c0fffffbaffffffca7
0000000000001360fffff62700001185
0000000000000ac0fffffdec000003d9
0000000000001780fffffd7dfffffb73
0000000000000de0fffff8fcfffffe74
0000000000000b50000001c600000da0
0000000000001360fffffc9c00000729
0000000000000b20fffffaa2000002fd
0000000000000e4000000565fffffe48
000000000000148000000730fffff93a
0000000000000c100000001afffff82f
00000000000015600000010efffff726
0000000000001ea000000c9500000387
0000000000000b60fffffbe7fffffd15
0000000000001400fffffcb9fffffdfa
0000000000000a50fffffb7ffffffec6
0000000000000e400000005bfffff913
0000000000000ac0000005dcfffff972
00000000000029400000004cfffff2fd
0000000000001700ffffed2dfffff445
0000000000000a1000000312fffffacd
00000000000014c0000002d6000014d4
0000000000000cc0fffff7ee00000c4b
0000000000002200fffffb78ffffe33f
0000000000001040000004d8fffff928
0000000000001ee000000285000000b1
00000000000010c00000005afffff913
00000000000006c800000608fffff71d
00000000000016400000058affffec98
0000000000000d000000037ffffff4bb
0000000000001780fffffd0dfffff759
0000000000000f900000021700000232
0000000000001bc0000005e9ffffebe0
0000000000000fb0ffffff4700000037
0000000000002b40fffff952fffff32f
0000000000000bc0fffffcc300000ce9
000000000000138000000249ffffef37
00000000000000000000000000000000
00000000000009a0fffff4570000061c
00000000000014a0ffffff3e000000ae
0000000000001320000003a0fffffa96
00000000000008900000008dfffff888
0000000000001b2000000776000001c8
00000000000000000000000000000000
0000000000000de0ffffffb0fffff8fa
00000000000012a0fffffb39fffff0f7
000000000000154000000c15fffff77c
0000000000001a2000000a0ffffff92f
0000000000001540000001b3000002ed
0000000000001040000004dbfffffd00
0000000000001bc0fffffd19fffff2a4
000000000000176000000804fffff8f8
0000000000000480000002c3000009d8
0000000000000e20fffff1c5fffff302
0000000000001640fffffba6fffff13f
0000000000001800000004f2fffff6d2
0000000000001f8000000278fffffd37
0000000000001460fffff902ffffff57
0000000000000cf0ffffffae0000045f
0000000000000fc0000001a3fffffbbb
0000000000000f70fffffed1fffffc93
0000000000000d30fffffe97fffff89d
0000000000001ae0000005cdffffeba6
00000000000018e0fffffc6efffff6d7
0000000000000b90000000a70000002c
00000000000013e000000a0c00001102
0000000000000d1000000014fffffe2f
00000000000017e0ffffffb6fffffd8f
0000000000001d00000003ebfffffe39
00000000000000000000000000000000
0000000000000e40ffffff5efffffe21
0000000000002c8000000758fffff05d
0000000000001da0000001d7fffffe4c
0000000000001b20fffff71afffffd34
0000000000001740ffffff43fffff7ec
0000000000001a20fffff1d4fffff45e
00000000000010c0fffff55cffffef89
0000000000001e00fffffc7bfffff59e
0000000000001820000000b6fffffb25
00000000000019a0000003d300000361
00000000000019600000011dfffff5b3
0000000000000ee0fffff668fffff4b3
00000000000008f0000000b500000459
00000000000017a0fffff755ffffed8b
00000000000011a0fffffd4ffffff8b8
00000000000017000000077dffffeddc
0000000000001040fffff735fffffadc
000000000000178000000257fffff592
00000000000000000000000000000000
0000000000002a40ffffff47fffff820
0000000000001920fffff687fffffcb0
0000000000001180fffff8fd000002fa
0000000000001920fffff439fffff85d
0000000000001740000006c9000005d3
0000000000000ec000000b190000060f
00000000000000000000000000000000
0000000000000a50fffff9fefffffccf
00000000000009a0000002bd00000443
0000000000001840fffffee3fffff3d9
00000000000014a0000000e3fffff951
00000000000020c00000014200000b24
000000000000152000000324fffff651
0000000000001880fffff7b0fffff0df
0000000000001440000002e30000116a
0000000000000b10fffffc1c00000830
000000000000148000000837fffffdd0
00000000000025c0fffffe1afffffafe
0000000000000a90fffffc5800000b86
0000000000001240000003cb000009df
0000000000000920fffffb6d00000815
0000000000001600fffffa3000000252
0000000000001740000001fe0000061c
00000000000000000000000000000000
00000000000012e0fffff7f8fffff960
0000000000000e200000011b00000472
0000000000000a70fffff95b0000063c
0000000000000b70fffff88cfffffc3c
0000000000000c40fffff70a00001623
00000000000014a0000000ff000005ac
0000000000002c8000000823ffffff08
0000000000000e60fffffafe0000051f
0000000000001c60fffffc7dfffffe97
0000000000001da0fffff82cfffff34d
00000000000000000000000000000000
0000000000000ec000000a1b000006b1
0000000000000820fffffbca0000082f
0000000000000820ffffea86fffffe7a
00000000000011a0fffffbe4fffffdac
00000000000012a0fffffaaffffffced
0000000000002000fffffde1ffffee35
0000000000000af0fffffcb00000038f
0000000000001820fffffafbfffff9bd
0000000000000e90000006b100000e92
00000000000012c0fffff750000008bb
00000000000000000000000000000000
0000000000001140fffffa5c000002f4
000000000000210000000308ffffe661
0000000000002940fffff05fffffee66
0000000000001460fffffd0dfffff28e
00000000000009b000000295fffffeb2
0000000000001be00000024a000008a3
0000000000001380fffff5ab0000001e
0000000000000f70000007340000113b
000000000000035400000c420000226d
0000000000001e40fffffdd8fffff9b8
00000000000007a80000011efffff880
0000000000000ea0fffff56100000353
00000000000006880000062d000007f3
0000000000001380fffffb6bffffed0d
0000000000001500fffff999fffffbe7
00000000000000000000000000000000
00000000000027400000060c00000487
0000000000001b20fffff65ffffff72b
00000000000013200000040bffffe9ca
0000000000000d700000056dfffffab3
000000000000134000000411fffff941
0000000000001d20fffffb4800000ba1
0000000000000a20000002d1000002d6
0000000000001220ffffff4efffff518
0000000000000c20000008e7000001c3
00000000000000000000000000000000
00000000000016a000000765fffff169
0000000000001ca0fffff967fffff63e
0000000000000df00000070effffffc4
00000000000011a00000054200000a25
0000000000001480000009b900000bb4
0000000000000c50000002eeffffffef
0000000000000fc0000005190000060a
0000000000000cd0000004e4fffff54f
0000000000000e40fffffb10fffffd19
00000000000013e00000033bfffff844
0000000000001e20ffffff31fffffbb4
0000000000001380fffff9fdfffffee6
00000000000000000000000000000000
00000000000018a0ffffffa3ffffeed7
0000000000000f00ffffff10fffffcba
00000000000013e0fffff8aa000002f3
0000000000001500ffffff0300000ab6
00000000000014c0fffff27cfffffa72
0000000000002880fffffecc000007a3
0000000000001020fffffc34000004fe
0000000000001be0fffff9bbfffffb7d
0000000000000d900000038cfffff93a
0000000000001700fffffc0bfffff6ea
0000000000000a30000004fe0000098b
0000000000001020fffffd6800000eb5
0000000000001180fffffb6bfffffe67
00000000000007e8fffffdb500000642
0000000000002240ffffff50000004c7
00000000000012c000000541fffffa3c
00000000000010000000046300000150
0000000000001c60fffffcf6000004d0
00000000000015e0fffffcc8000002ef
0000000000001420fffffac1fffff9a7
00000000000024c000000304000001bb
00000000000000000000000000000000
0000000000001800000005cb000001ff
0000000000000eb0ffffff5f00000231
00000000000002d80000065100001015
0000000000000011ffffa6a800005b98
00000000000000000000000000000000
0000000000000e1000000320ffffefb9
0000000000003240fffffb8fffffe546
0000000000001e2000000455fffff6ff
00000000000000000000000000000000
00000000000012c00000080000000022
0000000000000770fffffc8e0000233d
000000000000160000000448fffff614
0000000000001fa0fffffc710000027d
00000000000000000000000000000000
00000000000010e0fffffcfdfffffe43
00000000000016a0000002290000096d
00000000000000000000000000000000
0000000000000a6000000216000007fd
0000000000000a900000037400000453
0000000000000e7000000c8500000707
0000000000001540fffff897fffff94a
0000000000001f80fffffeb500000376
0000000000001580ffffff53000001ce
0000000000001720fffffaa7ffffee2b
0000000000000d10000000e7fffffae4
0000000000001f80fffffc6100000a25
00000000000007b0fffff9cffffffa4f
0000000000001f20fffffd7efffff057
00000000000012e0fffffff0fffffee9
0000000000001a800000006ffffff80d
0000000000000c40fffff999000001a5
00000000000016a0fffff960fffff55b
0000000000000c60ffffffc2000003be
0000000000000920000006defffffe2d
0000000000000da0fffffd67fffffea2
00000000000012200000027bfffffa55
0000000000002a400000012efffffbd7
00000000000000000000000000000000
0000000000001a4000000797fffff320
0000000000002400fffff781ffffec02
00000000000013a0000002cf000001f9
00000000000011c0fffffd20fffff613
0000000000001b80fffff6edffffe661
00000000000013c0ffffff0c00000364
00000000000009300000009200000e31
0000000000000fa0000001720000070e
000000000000124000000118000010e7
0000000000000f60fffffbb6fffffd26
00000000000014e0fffffbd8fffff9aa
0000000000001720fffffde5fffff2f1
0000000000000e90fffffaad00000d06
0000000000001240ffffff6cffffff8a
0000000000000d90fffffd1100000edf
0000000000002900000003fcffffff2b
00000000000013a0fffffba5fffff125
0000000000000c50ffffffb50000012d
00000000000000000000000000000000
0000000000001940fffffcfe000001d8
0000000000000b90ffffffb000000748
0000000000001e20ffffff0c000001a9
0000000000000ce0fffffef300000524
00000000000014a0fffffea1fffffd6e
0000000000001660ffffffee0000023d
0000000000000f50fffffb6d000011ee
0000000000001fa0000002b8fffffeb4
00000000000016c0fffffe9ffffff249
0000000000000c700000000efffffd91
00000000000010c0000003ddfffffb65
0000000000004380fffffb68fffff66e
00000000000020c0000009ddfffffcec
00000000000013200000039000000293
0000000000000cf0fffff94500000296
0000000000000b40000002f8000007a7
0000000000001de0fffffacefffff0aa
0000000000000aa00000064800000b0c
0000000000001a600000050cfffff2a9
0000000000000ec0fffff7baffffeb6d
00000000000020c000000322fffff575
0000000000001bc0ffffffb5fffff1a3
0000000000001820ffffff10ffffecd7
00000000000015c0000006aafffffd03
0000000000001dc00000031500000188
0000000000001140000000f60000069f
0000000000001720000002abffffff3c
0000000000000e10fffffe3300000615
0000000000000ac0ffffff2f0000054d
0000000000001040ffffff7efffffd4f
0000000000000d600000003400000046
000000000000ff8200000c3700000c52
00000000000016a0fffff994fffff8e8
0000000000000a60fffffb75fffffd17
0000000000001100fffffadefffff305
00000000000009200000025f0000108e
00000000000011a00000001e0000102f
00000000000011000000013cffffffdd
00000000000009700000006600000a55
0000000000000880000000250000041b
0000000000001500fffffeccfffffa5c
0000000000002d000000075dfffff433
0000000000001200fffffe63fffff924
00000000000005b8000001ae000008ed
0000000000000e40fffffe3a000000cc
00000000000011a0fffffcccffffed51
0000000000001840fffffce4fffff886
000000000000138000000277fffffb8c
0000000000000f40fffffe1300000034
00000000000012c000000339fffffd7f
0000000000001d60000005a5fffff0dc
0000000000000ba0fffffb4900000116
00000000000014a0fffffa15fffffc42
00000000000019e0fffffc52fffff511
0000000000002200fffffae8fffff8d8
00000000000010600000089bfffff7c8
00000000000014c0fffffe7d00000988
00000000000012600000044900001393
00000000000000000000000000000000
00000000000010c00000011e00000a96
0000000000002080fffff827fffffd6c
000000000000330000000086fffff68a
0000000000000d80fffffeb0fffffaf0
0000000000000d7000000d22000000e6
0000000000000fc0fffff27d00000117
000000000000134000000bacfffffe03
0000000000001860000004f4fffff6a3
0000000000000e90fffff65500001d68
00000000000009f0fffff511000002ed
00000000000025c000000f40fffffc55
0000000000003080fffffeebfffff888
00000000000012e0000000b9fffff777
00000000000010e0fffffb3afffffcfd
0000000000000c9000000089000004d4
00000000000000000000000000000000
00000000000012c0fffffe86fffff8c7
0000000000002180000008d5fffffb07
0000000000001bc00000042cfffffd24
00000000000010c000000460fffff413
00000000000012c0fffffc10fffff611
0000000000000bf00000006dfffffc33
00000000000013e0fffffe2200000e17
0000000000000fb00000034400000738
0000000000000ae0fffff86d0000039e
0000000000000d500000027800000170
0000000000004580fffffc4efffffdb0
00000000000008300000033b0000080b
000000000000200000000a9d000002a0
0000000000000a400000076b00000082
000000000000168000000ae1000018d7
0000000000001f8000000d5bfffffeb9
0000000000002200ffffff9cffffec44
00000000000010c0fffff70a000001a3
0000000000002600fffff6ce000008ce
0000000000000ce0000000df0000036d
000000000000166000000821fffff6ed
0000000000000b6000000145fffffcce
0000000000000940000002bcfffffc65
0000000000001460fffffb1000000649
0000000000001ea0fffffc7cfffff725
00000000000011a00000091b00000625
00000000000015c0fffffd51fffff51f
0000000000000408000011f6fffffd2c
0000000000001b00ffffff93fffff3e3
0000000000001540ffffff46ffffef49
0000000000000fc0000004f500000054
00000000000018a0fffff681ffffef79
0000000000000ac0000010fa000011ed
00000000000014c00000010f00000bd0
0000000000001a60000002c3ffffef0b
0000000000000e50fffffbcbfffff994
00000000000016e0fffffd36fffffd2a
00000000000016c0fffffeddfffffc42
00000000000010000000045cfffff720
00000000000022c0fffff960000015df
00000000000000000000000000000000
0000000000000d40fffff9effffff4dc
0000000000002ac0fffffeb8000008e2
0000000000000c20fffff783000005d4
0000000000000e00fffffe70000000f9
0000000000001d200000042dffffee3b
00000000000012c0fffffd11000000ad
0000000000001760000003e0fffff30f
0000000000000c1000000570fffffd08
000000000000196000000520fffffdbf
0000000000000b10fffffb9a00000662
00000000000000000000000000000000
00000000000012600000001000000c20
00000000000018a0000008a40000069c
0000000000000fe0000002e9000009d9
0000000000000f200000062efffffbec
0000000000000910fffffcc4000004a6
0000000000001320fffff0b5fffffcb4
00000000000013c00000050d00000137
00000000000017a0ffffff4b00001252
0000000000002c8000000145fffff3ca
0000000000000f5000000088000005e3
0000000000001780ffffffee000007f5
00000000000000000000000000000000
0000000000000ff000000009fffffe9c
00000000000026c0fffffe61fffff3e0
000000000000190000000f3800000d1e
0000000000000cc00000056a00000078
000000000000350000000482ffffedca
00000000000014a0fffff84dfffff2e7
0000000000001560fffffd8dfffff60b
0000000000001640ffffffe400000402
0000000000000b000000064fffffff8d
00000000000009400000169b00000b2d
0000000000001b4000000288ffffe8b6
0000000000000f80000009650000085b
0000000000003c40fffffd06ffffe969
0000000000001220fffffc0afffffef8
00000000000014200000035b0000048b
0000000000000d50ffffffa000000673
00000000000015c0000003310000188e
0000000000004000fffffe42ffffeed3
0000000000000da0fffffcd8fffff8f6
0000000000001a600000079e000020d7
0000000000000b60fffff76900000c52
0000000000001740fffff550fffffa3e
0000000000000c30fffff5a100000c43
0000000000003400000001fdffffefed
00000000000014c0fffff82afffffccf
00000000000000000000000000000000
00000000000000000000000000000000
00000000000021400000013ffffffaad
0000000000000830ffffffa9000008a2
0000000000001660000001c8fffffb60
000000000000fffe00001c3500000f95
0000000000003240000002e9fffff3a9
00000000000019a0000004eefffff798
000000000000128000000546000001a7
0000000000000b00ffffff230000084e
00000000000025400000008e00000492
00000000000008e0000000e5fffffc62
00000000000000000000000000000000
0000000000001260fffffae600000876
0000000000001ae000000061fffffcfe
0000000000000e80000004970000050c
0000000000000bc00000023ffffffd20
00000000000010a0fffffa26fffff9f5
0000000000001780fffffe02000002aa
0000000000001520fffffb3cfffffcf5
00000000000023c000000014fffff798
0000000000000eb0fffffa66000007e2
0000000000000f4000000382000007b2
00000000000012e00000033b00000701
00000000000006d0000002e4fffffd12
00000000000013200000020300000fff
00000000000008c0fffffb29000008fc
0000000000002880000005c1fffff9ac
0000000000001980fffff8560000118f
0000000000001900000001c8fffffcee
0000000000001460fffffc99fffff48b
0000000000000da0fffff8adfffffeac
00000000000036000000070affffe8d8
0000000000001800fffffb90fffff0f8
00000000000009000000126e00000d6d
0000000000000970fffffc9f00000961
0000000000000960fffffeaa00000461
00000000000008f0fffff7a800000e12
000000000000136000000292fffffcce
00000000000014600000050e00000250
00000000000000d100000e8b00000f87
000000000000230000000173000007d1
00000000000000000000000000000000
0000000000001e60ffffff54fffffb9c
0000000000001080fffffe23fffff76a
0000000000000fb0fffffe4affffffc4
0000000000000ad0ffffff8a0000033e
0000000000000c80fffff839000005d2
00000000000000000000000000000000
0000000000000738ffffff9700000379
0000000000002b80000005e8ffffe2b4
0000000000001960fffff857ffffefbb
0000000000000758fffffd77fffffab4
0000000000001080fffffed6ffffedf7
0000000000000f0000000a8f000012ba
0000000000000bf00000038f00000ed4
00000000000013a000000391fffffbca
0000000000001180fffffd22fffffc8c
00000000000011c0fffffd1f00000a2b
0000000000001a80ffffffdefffff894
0000000000002680fffffe7efffffca7
00000000000000000000000000000000
0000000000001ce000000543fffff6b1
0000000000001ce000000039fffff181
0000000000002b40fffffaa5ffffea1e
0000000000001540fffffc86fffffa42
00000000000018a0000008600000084a
00000000000020c0000001de00000313
0000000000000ae000000430fffffc22
0000000000001520000006c5fffff72d
0000000000001fe0fffffd8100000f97
00000000000017400000030d0000070d
0000000000002440fffffae3fffff2f3
00000000000015e000000401fffff532
0000000000001a60000003d1fffff94c
00000000000015a0000004bffffffafc
0000000000000ce0fffff0d300000d7f
0000000000000b000000005a00000343
0000000000001200fffffceafffffe48
0000000000002880fffffedcfffff6b8
0000000000001320fffffdf6000002e6
000000000000144000000297ffffffd1
00000000000009c0ffffffc500000ead
0000000000000a900000027b000007db
0000000000000e9000000272000002ca
000000000000184000000194fffffa25
0000000000000da0fffffc78fffff765
0000000000000cc0fffffd6ffffffbce
0000000000002e0000000e31fffff488
0000000000000910000005bb00000fc8
00000000000000000000000000000000
00000000000010800000039400000659
0000000000000dd0fffff77f00000655
000000000000126000000372fffff724
0000000000001b2000000518ffffefe4
0000000000000bf0000001e000000324
000000000000184000000651000003ac
0000000000002ec0000008c1fffff8c1
0000000000001b20fffffb0300000079
00000000000035c00000006fffffeb32
0000000000000bb00000070e00000545
0000000000001fe0000002caffffeb60
0000000000001180fffffaab00000d58
0000000000000e20fffffd36fffffdd4
00000000000011a0fffff055fffff9af
0000000000000b50fffff2a0000009ce
0000000000001580fffff3a3fffffaf8
0000000000001660fffffd71fffff639
00000000000000000000000000000000
0000000000002ac0000003aefffff890
0000000000000e70000002d700000196
0000000000001760fffffcf6ffffeb66
00000000000000000000000000000000
0000000000000ca0000000fd00000ebf
00000000000018e00000025ffffff9cf
000000000000108000000286fffffebf
0000000000001500fffff90dffffebc1
0000000000000f90fffffe5100000570
0000000000000c10000000a000000ced
0000000000001440fffffe6100000234
0000000000001300fffffed0000000a4
00000000000017e0fffffd9dfffffa5c
0000000000000ad0000000e4000000c8
0000000000001340000003ddfffffae5
0000000000001ec000000344ffffff35
0000000000000fc0fffff71d00000752
000000000000128000000433ffffeef7
0000000000000a30000004b7000003aa
0000000000001aa000000e4dffffed2b
0000000000001ec0000000deffffee95
0000000000000ed0000008ddfffff630
000000000000150000000525000015f4
0000000000001f20fffffab0fffff8b9
0000000000001d20fffffd20fffff804
0000000000000db0000001cf00000a33
0000000000001dc0000002420000015e
0000000000000ca0fffffe9900000633
00000000000017e0fffff8dffffff261
0000000000001b20fffffb2dfffff9bc
0000000000000768fffff35500000f01
00000000000000000000000000000000
0000000000001d00000002a7fffffb86
00000000000000000000000000000000
0000000000000f80000004640000031a
00000000000011a00000009000000230
0000000000002500fffffcdefffffcb0
0000000000001ac00000003bfffffcc2
0000000000000e2000000132000001de
0000000000000b80000002430000007d
0000000000000d4000000207fffffe68
0000000000001ac0fffff560fffff2f3
0000000000002980000004af0000012c
000000000000144000000291fffffb6c
0000000000000d700000029c000009c4
0000000000001100fffffc65fffffc19
0000000000001bc0fffffbabfffff1d7
0000000000000c80fffff9f000000acd
00000000000000000000000000000000
00000000000011e00000004000000ed7
0000000000001280fffffec300000958
0000000000000ef0fffffc5cfffffbe9
0000000000000cf0fffffefe0000006e
0000000000000a90fffff8dd00000e00
0000000000000f20fffffbb700000242
00000000000024c0fffffbcc00000591
0000000000002dc0fffffcd300000285
00000000000012e000000123fffff381
00000000000019c0fffffcf4fffff53b
00000000000015e0000002dbffffed13
00000000000014a0ffffff39fffffc23
0000000000001360fffffa9300000b32
00000000000020c0000002abffffeb8c
00000000000015a0000003e7fffff6c6
00000000000011600000043900000b9b
0000000000001580fffffda5000003d9
0000000000000e0000000494ffffeba7
00000000000015c0fffff61cfffffb57
0000000000000e40fffff574000004f2
000000000000338000000038ffffee09
0000000000001ae00000078ffffff6f2
0000000000000a00ffffffce000005fa
0000000000000fb0fffffd52fffff04d
00000000000015e0000000bffffffe91
00000000000000000000000000000000
0000000000001060000000ff0000064a
0000000000001400fffffb6800000af8
000000000000162000000cc4fffff30b
000000000000278000000419fffff6b1
0000000000000fd0fffff646fffff657
0000000000001800fffff921fffff91b
0000000000001060ffffff9ffffff14a
000000000000ff710000008c00000135
00000000000000000000000000000000
0000000000001000000002b3fffff29b
00000000000000000000000000000000
0000000000001940fffffa77fffff6e7
00000000000030800000020efffff67f
00000000000017a0fffffd7bfffff7d3
0000000000000d70fffffe45fffff9d3
000000000000308000000c33fffff070
0000000000001480fffffbd6000000a5
0000000000000850ffffff8900001874
000000000000fffc000051900000523a
0000000000001620000001f10000090d
00000000000018e0000004e5fffffe3a
0000000000001b20000000c100000bf0
00000000000013e0fffffd92000000da
0000000000001ea000000127ffffe61c
0000000000000ac00000016dfffffeca
0000000000000f30fffff32c00000563
00000000000010000000051200000891
00000000000000000000000000000000
00000000000013a0fffffda900000b5e
0000000000001160fffff79300000979
0000000000000a900000095800001613
0000000000001920fffffa8b000004f9
0000000000002dc0fffffaa0fffffa9e
0000000000000a400000032400000c78
00000000000010a0fffff9bafffffb9b
0000000000001040fffffbb2fffff4f1
0000000000001580fffff8c800000089
0000000000000b700000099f000008c3
0000000000001a800000015bfffff456
0000000000001120fffffb4500000def
000000000000150000000608ffffec9b
0000000000001440fffffc88fffffb21
000000000000174000000445fffffab0
00000000000000000000000000000000
0000000000000b30000003fa00000c21
0000000000000b0000000869000005c2
0000000000000e90fffff6b2fffff6bd
0000000000000ed0fffffe2200000686
0000000000001640fffffe73000007a9
00000000000013e00000067400000420
0000000000000df0fffff99f000009f9
0000000000001520000004d1fffff92b
0000000000001c80fffffd05ffffff7d
0000000000000099ffffecdc00000b3f
0000000000001c60fffffe87fffff763
0000000000000d50fffff79d00000197
0000000000000fd000000032fffffe71
0000000000002840ffffff2bffffe564
0000000000000b100000018a00000b82
00000000000011c00000021bfffffc43
0000000000001c20000000b9fffff02e
0000000000001d40fffff4c2000017b7
0000000000001560fffff9e4fffff8c3
0000000000001040000002d1fffffd65
00000000000025400000060cfffffb54
0000000000002340fffffce4fffff3e0
00000000000019c0000002cbfffffc76
00000000000016a0fffffb9600000340
0000000000000d100000069700000b9b
000000000000001affffca7300003631
0000000000000ee0000000fd0000045c
00000000000008a0fffffcbe000005d3
0000000000000f40fffffdbafffffbc6
0000000000000e30fffffce3fffffc66
00000000000000000000000000000000
0000000000000de00000003a00000727
0000000000000bd0fffffdfd0000063c
000000000000198000000003fffff2ba
00000000000014400000090afffff803
0000000000000a200000056700000ade
0000000000000a30ffffff1600000741
0000000000001140000000770000014e
0000000000000f40000002d9000001ee
00000000000000000000000000000000
0000000000001b20fffff8e1fffffdfc
0000000000002240fffff963fffff4d2
000000000000146000000181fffff7b6
00000000000013e00000029c00000928
00000000000000000000000000000000
00000000000011a00000003300000110
0000000000000b50fffffba100000b8f
00000000000008a0000005aa00000a4e
0000000000000c00000003da00000c9a
0000000000000678000004e300000bfb
0000000000001e40000000d2fffff820
000000000000102000000552fffff6d0
0000000000001520fffffa67fffff5f5
0000000000000e6000000264000003df
0000000000001960ffffffc8fffff900
0000000000000ef0fffffd56fffff8ba
00000000000018e0fffffb73fffff226
0000000000000d20000002cdfffff9dd
00000000000011e0fffffbdefffff4e0
0000000000001ac0ffffff6300000e49
0000000000001160000004d2fffffcba
0000000000001060000000b100000151
00000000000012a000000662fffff6bd
0000000000001400000003f00000038b
00000000000011600000032f00000eb5
0000000000000f30000002570000034d
0000000000001ae0fffffe1ffffff40d
0000000000000a000000003afffffc15
0000000000000cb00000055b00000001
0000000000001960fffffeb2fffffe77
0000000000000b00fffffe8600000e12
0000000000000ae0fffffb40fffffd27
00000000000000000000000000000000
00000000000014800000064400000075
00000000000000000000000000000000
0000000000001380000005d1000005d2
00000000000017a0000001d5ffffec0c
0000000000001920fffffe50ffffeffd
00000000000013200000015dfffffa5d
000000000000148000000188fffff4b3
0000000000001460fffff6de0000052f
0000000000001040000000d3fffff36b
0000000000001720000001a4ffffff79
0000000000001420000004b3000003f8
00000000000017c0fffffeac0000043e
0000000000000ac00000037cfffffe0c
0000000000000d00fffffffeffffff20
0000000000000980fffff53ffffff1d8
0000000000001440000002b300000aa3
00000000000010a000000830000003b8
0000000000001d60fffffbf1ffffee00
0000000000000a1000000124000007d7
0000000000002e4000000351fffffcda
0000000000000f00fffff207fffff8e3
00000000000000000000000000000000
00000000000013c0fffffdcc0000045c
0000000000001340fffff6cffffffba1
0000000000000b70fffffd02000006c9
000000000000126000000148fffff335
00000000000012e00000055d00000213
0000000000000ea0ffffff500000028a
0000000000000af0ffffffa3000002e8
00000000000000000000000000000000
0000000000001cc000000670fffff81e
0000000000000cf000000183ffffff95
00000000000011a0fffff7f5fffff8f5
00000000000017a000000004ffffe777
00000000000020c000000444ffffe1d5
00000000000015e000000871fffff3c9
00000000000012c0fffff9f4000006b4
0000000000001220fffffdbfffffff91
00000000000011c0000004d2000001f3
0000000000000f3000000144fffffb9a
0000000000000b20fffff22cfffff5a5
0000000000001c6000000715ffffe2ef
0000000000000ae0fffff688fffffdab
0000000000000ee00000046ffffffe04
0000000000001a60fffffeacfffffd89
0000000000001fa00000022f00001c71
0000000000000089ffffed4400001875
0000000000000e40fffffa73fffffa60
00000000000013a0fffffc29fffffc8d
0000000000001200000003e800000311
0000000000000a60fffffc9200000666
00000000000019a0fffffab0fffffddc
0000000000000ca0ffffff0a00000665
0000000000002000fffff1d800000163
00000000000013c00000001c000002d5
0000000000002280000003bbffffeab5
0000000000000e40000002ce00000bb8
00000000000017c000000208ffffed3e
0000000000002d8000000244fffff54f
00000000000000000000000000000000
000000000000244000000174ffffedc4
00000000000015a000000650fffffa5f
0000000000001860000000d0000000f2
00000000000006c0fffff79900001376
0000000000001380ffffff67fffffdab
0000000000001220fffffff300000aa0
0000000000001c40fffffd9efffff09d
0000000000001c60000009defffff8f8
0000000000001e20fffffc21fffff420
0000000000002340ffffffba00000668
0000000000001000000002330000076c
0000000000000d60fffffabc00000853
000000000000224000000624ffffecad
0000000000001400ffffffbcfffffc01
0000000000002340fffff97ffffffd01
00000000000010a00000015dfffffeb0
00000000000019a0fffffe58000007f4
00000000000016800000076a00000a4d
00000000000000000000000000000000
0000000000000d60fffffa3100000d3a
0000000000000e20fffffef100000615
0000000000001060000007130000040d
00000000000020800000046fffffefda
0000000000000d800000081ffffff9e1
00000000000017c0fffff773000006a5
00000000000000000000000000000000
00000000000000000000000000000000
00000000000000000000000000000000
0000000000001840ffffffe0fffff541
0000000000000a600000013a0000058e
0000000000000a50ffffffa500000626
00000000000015e0fffffe2f0000006e
0000000000002640fffff015ffffecb0
0000000000000f30fffff419fffffb65
0000000000001780fffffd0c0000001a
0000000000000a700000011e000004d2
0000000000001920000007e2fffff615
00000000000011e0ffffffb8ffffecb7
00000000000017c0ffffffb9ffffefd0
0000000000001320fffffe4b00000211
0000000000001000fffffdcf00000345
0000000000001d2000000137000006f3
0000000000001520fffffda500000692
0000000000001340000001b9fffff609
00000000000008e0ffffffa8000000fd
0000000000000cc0000000e40000123a
00000000000018c0fffffec6ffffe3b6
00000000000011a0fffffde8000005db
0000000000000e30000003d3fffff35b
00000000000000000000000000000000
00000000000011a0fffffc25ffffee2c
0000000000002d0000000188fffff826
0000000000000d00fffff88fffffec41
0000000000001e60fffff30afffff9da
0000000000001400fffff9f6fffffb26
0000000000000a2000000a48000005fe
00000000000015e0fffffe1f0000003c
0000000000000f30fffffcd400000642
0000000000001dc000000321000008e3
000000000000ff9cffffdd15000021f4
000000000000144000000244fffff7e8
0000000000000b90000006c3000008f0
0000000000000f700000004000000127
0000000000002440000001bbfffffc00
00000000000011800000035f000003de
00000000000013c0fffff451fffffa1c
0000000000000c30fffffd01fffffabe
0000000000000f20ffffff3effffff35
0000000000000d200000073b00000ffc
0000000000000fe0fffffd21fffff9ee
00000000000009a00000001a000003bc
00000000000012e0000001a1000004a0
0000000000001360000002f2fffffff1
0000000000001880fffffc2bfffffde3
0000000000000ca000000e47fffff980
00000000000011400000042c0000095b
0000000000001060000000e3fffffa0c
0000000000000ef000000a0efffff3cf
0000000000000ca0ffffeb06fffff679
00000000000012400000021b00000148
0000000000001ba0000007fa000002fb
00000000000010e0000006ed000003e5
0000000000001920000000a20000053a
0000000000001fa0fffffbcffffff69f
0000000000001800fffffe9c00000b1b
00000000000011e0fffffe5300000b52
0000000000000500fffffe8a00000a9c
0000000000000a20fffffff700000471
00000000000017a0fffff1d400000d91
0000000000001720000000ba000003fa
000000000000214000000747fffffaf6
0000000000001180fffffea7fffff28e
0000000000000e80fffffaa400000771
0000000000000ab00000023600000266
000000000000158000000285fffff831
0000000000001840000004b6fffff55f
000000000000268000000049fffff567
0000000000001d20fffffa3dfffffe04
00000000000012c00000000cffffffa4
00000000000019400000091ffffff2b6
0000000000000d90fffff97200000009
0000000000000ac0000007f50000100d
00000000000018c0fffffcbdfffffbe2
0000000000000af0fffffdab00000cbc
0000000000001540ffffff48fffff945
000000000000132000000824ffffef33
000000000000148000000f2100000477
0000000000000e100000064500000104
0000000000000ef0fffff71d000019c7
00000000000000000000000000000000
0000000000001b40ffffffd1fffffb9b
0000000000000d40fffffdb1fffff9ed
00000000000026c0000005a9ffffe3a2
0000000000001100fffffb12000003ba
0000000000001d20fffffdc5fffff407
00000000000016400000007dfffff6dd
0000000000002080fffff62fffffe574
0000000000000c60fffffe0300000f34
0000000000001580fffffc67fffff790
0000000000001d400000088200000209
000000000000172000000665000008e2
0000000000001a60fffffc71fffff5da
00000000000019e000000091fffff4c3
0000000000001040fffffad9fffffeaf
0000000000000d20fffffb3100000c3a
0000000000001700000007410000054b
0000000000001a60fffffeb7fffff00b
0000000000001380fffffd0efffff36d
0000000000001520fffffcc0fffff904
00000000000011a0fffffcecfffff185
00000000000014e000000681ffffedfb
0000000000000f500000050bfffff9df
00000000000017800000042bfffff059
0000000000000dc0fffffd910000009c
0000000000001780000002afffffecc1
00000000000010c0000004b0fffff7d6
00000000000019c0000004c4fffff239
0000000000001a00fffffb9b0000003a
00000000000012a000000402fffff15d
00000000000014400000072e0000119f
0000000000001220000001d700000da0
0000000000001600fffff63ffffffe39
0000000000000f70ffffff37000019ae
0000000000001c0000000244ffffff44
00000000000023c00000080c000016a3
0000000000001700fffff86c00000448
000000000000112000000448fffffcad
0000000000000c80fffffeaffffffe5c
0000000000001b40fffffe38fffff544
0000000000000d00fffffd6bffffff1f
0000000000001480ffffffd1fffffbcf
000000000000122000000ec8fffffb4f
0000000000000ce000000257000002bc
00000000000011e0000007feffffff23
00000000000018600000011200000952
0000000000000c40fffffd6ffffff999
000000000000152000000c78fffff460
00000000000013a00000036bfffff88b
00000000000011e0fffffeabfffff005
0000000000000ff00000033800001111
0000000000001560000004940000047c
00000000000015e000000836fffffc46
0000000000001d400000020bfffffe45
00000000000018e0fffffd2b000001c7
0000000000002340fffffd4efffff9b7
0000000000000db0000012540000059a
000000000000124000000a11ffffeda9
00000000000011e00000054e0000088b
0000000000000cf0fffffe2400000e07
00000000000000000000000000000000
0000000000000d90fffff7fb00000075
0000000000001240fffff89bfffff980
00000000000010a0fffffe16fffff983
0000000000001080ffffff0efffffa2c
0000000000000ff0fffffc2900000456
0000000000002140ffffff28fffff2fe
0000000000000a00000002fd0000017e
0000000000000b9000000554fffffda5
0000000000001d40fffffe8effffed76
00000000000017e000000393fffff178
00000000000017800000018dfffffba4
0000000000000f60ffffff39fffff708
0000000000000ae0000003adfffff512
0000000000002300fffffd24fffff47c
0000000000000e500000032dfffffe09
0000000000002300fffffc26fffff8a5
0000000000001aa000000592fffff61f
0000000000000f70fffff9ac00000713
0000000000001ec0fffffe93000003c2
00000000000014e0fffffc56ffffe8cd
00000000000031c000000a4bffffe37b
0000000000000b70fffffba0000001ed
0000000000000df0ffffffd6fffff8d3
000000000000120000000662000011bc
00000000000017c000000781000006c4
0000000000001040fffffaf400000368
00000000000009e0fffffceb0000054a
00000000000016a0fffff7bcffffe43b
0000000000003180ffffff1afffff030
0000000000000c60fffffea6fffffbe4
00000000000024c000000202000000a3
0000000000001f000000045cfffff476
0000000000001b80fffff743fffffbf7
00000000000012400000071bfffffc6c
00000000000017600000018bfffff87b
0000000000001140000001b3fffff20f
00000000000000000000000000000000
00000000000019a00000022efffffb14
0000000000001320000001e8fffffbd5
0000000000000b30fffff8c200000847
00000000000012c0fffffccefffff21c
0000000000001020ffffff0dfffff2c6
0000000000000b00fffffe60000000c8
0000000000001c4000000681ffffeec9
0000000000000d30000000c500000448
0000000000001f60fffffd5bfffffb9e
0000000000001420fffffe72000002fb
0000000000000eb0fffffcb8fffff29d
00000000000015a00000043400000dfb
00000000000011800000023bfffff5dc
0000000000000f80000006d200000375
00000000000012e0fffffa1afffff181
00000000000015a0fffff958fffff0ee
0000000000001fc0fffffe78fffff8e7
0000000000000150000006de0000272f
0000000000001b40000006e7fffffc4c
00000000000024400000050ffffffac0
00000000000014600000066e0000034c
0000000000001120000000420000030f
00000000000014e0fffffbf9fffff837
0000000000001380fffffe1cfffffd5c
0000000000000bb00000004b00001015
0000000000001960ffffff3dfffff052
00000000000014600000003afffffe9e
0000000000000f10fffff852fffffea0
0000000000002dc0ffffff76fffff3c3
00000000000011200000003b0000036b
00000000000011c0000001e1fffffbcc
0000000000000fe0fffffeebfffffdf3
0000000000001e200000003cfffffb92
0000000000001740fffff74e000000d1
00000000000015200000078600000669
0000000000002b80fffffd21fffff6b7
00000000000019a0fffff85d000005e8
0000000000002d00ffffff20fffff8e6
0000000000001d40fffffec2fffff75a
0000000000000dd000000760000008a6
00000000000017400000048efffffe8b
00000000000019c0fffffeb9fffffaeb
00000000000000000000000000000000
0000000000002000000002abffffee2d
0000000000002240ffffff5dfffff2d1
0000000000000f0000000020000000d8
00000000000017e0000002fb000004a4
0000000000000aa0ffffea6b000017cb
0000000000000e20fffff7f3ffffff7a
00000000000011e00000044bfffff9ff
00000000000017c0fffffeb3fffff4f1
0000000000000df0fffffd74fffff7a6
0000000000000e10000006b800000fcc
0000000000000b90fffffcfc00000127
0000000000000fe0fffff50400000bbd
0000000000003d00ffffffa8fffff416
0000000000000db000000d0d0000137b
0000000000001100000001f200000038
00000000000012e000000078ffffed3e
000000000000154000000407fffff8e0
000000000000102000000714fffff28b
0000000000001b8000000324fffffa94
000000000000ff64fffffe0900001220
00000000000011a0fffffc9f00000678
0000000000000768fffffc9600000182
00000000000015c00000024affffffd6
0000000000001820fffffd7ffffff3ef
00000000000012c000000524000007ae
0000000000000bb0000000e1000005f1
0000000000001760fffff6edfffff6f4
0000000000000de000000134fffffe6b
00000000000014a000000c4f00000afa
0000000000000da0000005ccfffffe5a
0000000000000d200000051d00000c14
00000000000013400000021300000575
0000000000001e40fffffb7e00000e80
00000000000010e0fffffe4d0000099e
0000000000000ae0fffff77f00000ee5
0000000000000fd0fffffdeb000005cf
0000000000002c8000000103ffffe987
0000000000002c400000014dfffffc96
00000000000013a00000197c00001126
00000000000000000000000000000000
0000000000002180ffffff6bfffff807
00000000000019c0fffffb94fffff733
0000000000000d0000000426ffffff47
000000000000166000000c66fffff0ea
0000000000001be0fffffe1cfffff5c9
0000000000001ac00000020bfffff468
0000000000001a80fffffd1f000001d5
0000000000000bb00000041a00000c25
00000000000014200000006f00000728
0000000000000d40fffff9a900000727
00000000000000000000000000000000
00000000000011400000086c000001aa
0000000000001da000000422ffffedfb
00000000000010600000008700000a72
00000000000010a0fffff910ffffffbe
00000000000000000000000000000000
0000000000000c70fffffd67000005ff
0000000000000850fffffebafffffff4
00000000000011400000002100000646
00000000000011a0fffffc68000008a7
0000000000000e10fffff9e60000082a
00000000000011e0000003cd00000523
00000000000012000000002200000571
0000000000000ac0000001a200000a14
0000000000001140fffffb37fffffa06
0000000000001a20fffffc2e00000455
0000000000000c20fffffb29fffff656
0000000000002980000002e2ffffec83
00000000000011e0fffff468fffffcb2
0000000000001fe000000160fffffac4
0000000000000b40ffffffc500000b5a
0000000000000a90fffffd8200000004
00000000000015a000000119fffff79b
000000000000120000000244fffff27f
0000000000001020fffffa4c000005a8
0000000000002280fffffca4fffffac1
0000000000001cc0fffff8edfffff66f
0000000000002700fffff977fffff784
00000000000016e0fffffed6fffffdfd
0000000000001900fffff792fffff33c
00000000000024000000003900000b54
0000000000000ae0000000c900000b73
00000000000018e0fffffc2effffef13
00000000000010c0fffffcac000000c6
0000000000001c20fffffeaafffffe07
0000000000001520fffff7c6000015f0
000000000000258000000003fffff011
0000000000001a20fffffcda00000a80
0000000000001f00fffff90affffe6a0
00000000000009a0000006b50000038d
0000000000001cc0fffffa90fffff073
00000000000014200000024900000548
0000000000003500ffffed3a000003af
00000000000011800000086800000804
0000000000000b10ffffffea000002f9
00000000000019e0ffffff7dfffff0f2
0000000000002c40fffffcacfffff11c
0000000000000800fffffb2700000a77
0000000000001600fffff8a6fffff152
0000000000001a600000027dfffff6c6
0000000000001680fffffc56fffff1d8
0000000000000f7000000b5afffff1ec
0000000000001940000005d10000076b
0000000000001480fffffe93fffff8dd
0000000000001000ffffff94ffffffe9
00000000000013e0fffffe0cfffffdbb
0000000000000ed0000004ebfffff73b
00000000000000000000000000000000
00000000000025400000013ffffffc3c
0000000000001b600000045a00000226
0000000000001aa0000002c5000004cc
0000000000001080fffff91dfffff115
0000000000001b4000000808ffffeaf1
00000000000011400000095a000004e3
0000000000001620fffffcf2ffffee26
00000000000013e0fffffafaffffff53
0000000000000ea0000005fcfffff9ad
0000000000002b8000000986fffffbdc
000000000000158000000875fffffb9f
0000000000001120fffffd470000056f
0000000000001240fffffa86fffffb73
0000000000002000ffffff16fffff20a
00000000000011a0fffffd35fffffdc2
0000000000001fe0fffffe9f00000514
0000000000000f80fffff997ffffff9d
00000000000012c000000705fffffc2f
0000000000001c80000009acfffffe1a
000000000000196000000448ffffe9c1
00000000000019a0fffffab4fffff52e
0000000000000e70000005b900000741
0000000000000ef0000009fa00000637
0000000000001200fffffc44fffff3a4
0000000000000dd0fffff646000003f3
0000000000000ca00000077afffffce1
00000000000000000000000000000000
00000000000013c0000005f500000048
0000000000001820fffffd2500000359
000000000000140000000931fffffcff
0000000000002640000000fbfffff5e0
0000000000000f60fffffd8dfffff27b
0000000000001c80fffffd990000032e
00000000000012a0fffffe10fffffd3d
00000000000013c00000025f000003c3
0000000000002040fffffd08fffff685
000000000000138000000479fffffae2
000000000000172000000757fffff731
00000000000011000000097800000b9b
0000000000001560fffffd3afffff9f7
0000000000000d50fffff58100000135
000000000000260000000626ffffee7f
0000000000001640fffffa85ffffe4d5
0000000000000b50fffffc31fffffb77
0000000000001020fffff9dafffff4f3
0000000000001bc00000053ffffff9d9
00000000000018e0ffffffe1000000bb
0000000000003380fffffcaffffff478
0000000000000900ffffff960000021c
00000000000013a00000024ffffffece
0000000000001c20ffffff790000046e
0000000000001b00fffffe35000002c0
0000000000001540fffffee800000050
0000000000000fb00000024afffffaef
0000000000001a00fffff40afffffa8c
0000000000000240fffffb55000010d7
0000000000001780fffffe37fffff512
0000000000002c800000037bfffff2b8
00000000000000000000000000000000
0000000000000e9000000e0200000d00
0000000000001220000001cd000003f7
0000000000000fa00000082400000982
00000000000008a000000870fffff7c7
0000000000001100fffffb3cfffffdb6
0000000000000df00000066000000aaf
0000000000000b6000000214000009ac
00000000000013e0fffff54800000e0e
00000000000000000000000000000000
00000000000010c0fffffbcafffffeb0
0000000000001580ffffff43fffff542
0000000000001900fffffc4efffff51a
0000000000001e8000000810ffffe470
000000000000136000000196fffff9ca
0000000000000c0000000320000007e7
00000000000015a000000387fffff48e
0000000000000c70000006f2fffffc9e
0000000000002280000007d4ffffffa9
0000000000000cc0fffffa7f000005c1
0000000000000e2000000a3600000ad8
0000000000001820fffffb4cffffedc2
00000000000012e00000001b00000120
0000000000001440fffffd75fffffc97
00000000000010a0fffffdd8fffffd29
0000000000001700000003db00000015
00000000000000000000000000000000
00000000000001b0fffff21800000b20
00000000000012a0000003c7fffffc78
0000000000001d000000056dfffffe2f
00000000000015c00000040cffffffef
00000000000000000000000000000000
0000000000000b8000000332fffffdc6
00000000000015a000000371ffffffdb
00000000000012c000000471000002ca
0000000000000630fffffc7500000658
00000000000000000000000000000000
00000000000018a0fffffad10000025e
0000000000001780000003abfffff653
0000000000000c50fffffb98fffffb9b
0000000000000c00fffffb510000009b
00000000000016c0fffffc6b00000786
0000000000001920fffffe200000052d
00000000000015c00000026500000101
0000000000000970000002d700000341
00000000000000000000000000000000
00000000000009f0fffff79300000371
0000000000001f40fffffec9ffffe7b8
0000000000000b8000000330000003ac
00000000000011a0ffffff9a00000ac9
00000000000023c00000070a0000017d
00000000000018c00000026900000c13
00000000000007e80000001600000649
00000000000025800000014fffffe9f5
0000000000001580fffff9efffffff2e
0000000000001360fffff888000003c5
0000000000001be0fffffbe3fffff471
0000000000000a80000005b000000664
00000000000017a0fffffd32fffffb1b
00000000000026c0000005f1ffffed9d
0000000000002800000002d0fffffee1
00000000000009e0fffffa73000005ff
0000000000002ac00000052cfffff0fc
0000000000001a400000002cfffff8b8
00000000000013c000000044ffffeb82
0000000000001160000001ad0000077e
00000000000016000000012cfffffd73
00000000000013400000031d0000036f
0000000000001420fffff823ffffef01
0000000000000ad000000ee200000ccb
0000000000001680fffff90500000547
00000000000014200000047efffff8f9
000000000000170000000b6f00000927
0000000000002dc00000055d00000294
000000000000162000000d03fffffd9a
0000000000000b30000003c80000038d
0000000000001fe00000009e0000019c
00000000000008e0fffffc270000027c
000000000000184000000c8afffff2e1
0000000000001a60fffff7e6fffff321
0000000000001020000007db0000032f
0000000000001aa0000003dcffffe0d6
0000000000003ac000000549fffff792
000000000000128000000313fffff199
00000000000015c0fffffb89fffff6ca
00000000000016200000006b00000673
00000000000000000000000000000000
0000000000001ce00000011c00000760
00000000000015200000000bfffff6a5
000000000000358000000daaffffeb01
0000000000000d70fffffff1fffff51f
0000000000000680fffff9de00000bfe
0000000000001900000003cbfffff87d
0000000000001ea0fffffc080000013c
0000000000002d00fffffad6fffffc64
0000000000001400000000e300000c7b
00000000000007a00000033100000288
0000000000001460fffffbac00000cd0
0000000000000d60ffffff0d0000011e
00000000000010a0fffff5c4fffffae0
0000000000001900fffff800fffff249
0000000000001ba0000000f8fffff516
00000000000019e0000003c7ffffe5ac
000000000000120000000d4200000585
0000000000000d90fffffcff000004db
0000000000001240000002a1fffffdb7
0000000000000be0fffffa9300000071
0000000000001120ffffff32000008f9
0000000000000e70fffffec7fffff7b0
0000000000000a30fffff54100000fcd
00000000000000000000000000000000
0000000000001aa00000026c0000026c
0000000000000a6000000be80000037e
0000000000000ed0fffffb71000002f9
00000000000019800000111c000008bd
0000000000000b00fffffd6f000011d9
0000000000000e80000009cafffff94d
00000000000019a0ffffff79fffffd50
00000000000013a0fffffcc600000718
0000000000001540fffff839ffffe57f
0000000000000f20fffffa76000000f9
0000000000000f30fffff863fffff4c7
000000000000170000000a960000017a
0000000000000cb000000aeffffff7c3
000000000000150000000283fffff9fe
0000000000000da0fffffef9fffffb3c
0000000000002400fffffe6cffffec1e
0000000000001640fffff814000008d9
00000000000017e0fffffc76000004c2
0000000000000d80000001c7fffffa80
00000000000022c0fffff2fefffffd48
0000000000001060fffffd29000008c7
0000000000001fa0ffffffacfffff3b6
000000000000186000000787fffffe57
00000000000013a0000001b70000037e
0000000000000ca0ffffffbf00000946
000000000000112000000088fffff724
0000000000000a400000077100000c94
0000000000002940fffffa1fffffe3d1
0000000000002080ffffffc9fffff7c9
0000000000000aa0fffffe6ffffff873
000000000000160000000b89fffffb11
00000000000013400000012f000006ad
00000000000000000000000000000000
0000000000001c0000000abaffffe39a
00000000000010c0fffffbf2fffffca2
0000000000000f10fffff263000011fa
0000000000000b900000054e0000046f
0000000000000bf0000000f700000189
00000000000009800000044bfffffd1b
0000000000000ea0ffffff4dfffffd66
0000000000000b40fffff8cb0000088e
00000000000022c0fffffa7500000208
0000000000000d000000011100000407
0000000000001f00000004e0fffff53b
00000000000014e0fffffb87fffff5ac
0000000000002840000000a4ffffee15
000000000000136000000494000000f2
000000000000122000000815ffffff3d
00000000000014c0fffffd58fffff16b
000000000000108000000009fffffa93
00000000000019a0fffffe5ffffff6f9
0000000000001aa00000033cfffff1a8
00000000000014c00000042f0000084c
0000000000001b40fffffd1afffffe20
0000000000000af0000001e6000005a1
000000000000364000000bd0fffff331
0000000000000f4000000246000009cc
0000000000001dc000000251ffffecbe
0000000000001f00000000d3ffffea05
0000000000000fd0fffffbcafffffdf3
00000000000014a0000005a5fffff295
0000000000000ad0fffffd12000009d9
0000000000000ec00000041afffff8b8
0000000000003440fffffe96ffffef16
0000000000001900fffffa65fffff657
0000000000000f30fffff6affffff29d
0000000000001c80ffffffa2fffff4ee
0000000000000e80fffffc5cfffff93b
0000000000001da00000079affffedda
0000000000000af0000000e500000324
00000000000016e000000032ffffff66
0000000000001260ffffff6bfffffbac
00000000000019e000000536fffff491
0000000000001420fffffe090000000c
0000000000000f100000082000000463
00000000000018a0fffffe7d00000902
00000000000011a00000003500000091
00000000000019a0fffffcfffffff3e6
00000000000014e0ffffff41fffff456
0000000000001a60fffffe5effffedd7
000000000000148000000210fffffb4e
00000000000000000000000000000000
00000000000015a00000013dfffff8e4
0000000000001720000001f1ffffed26
0000000000000c9000000e74fffffd78
0000000000001980fffff7f7fffff604
00000000000011e0fffff0370000112b
0000000000000b90fffffb1a000006e0
0000000000002200fffffded00000ccf
00000000000018e0fffff991fffffdb4
0000000000001420fffff6bc00000379
00000000000031400000013bffffe296
000000000000170000000097fffff7bf
00000000000013a0fffff1fdfffffce2
0000000000000d00fffffa18000000c3
00000000000015a00000041b00000109
00000000000009a0fffff9ac00000923
0000000000000dc0000003cbfffffe3f
0000000000001b00fffffc99fffff645
0000000000002080fffff75a000012f5
0000000000002640fffffad30000022b
00000000000016c0000002eefffffbff
0000000000001580fffffcb9fffffd94
0000000000001b00ffffff2b00000500
00000000000018a0000004ef000005cc
00000000000012c0000006ebfffff92d
0000000000001a40fffff4b7fffffea2
0000000000001fe0fffffbaffffffaf8
0000000000001240ffffff4d000002fd
0000000000000c70fffffbe2fffffbbc
00000000000028c000000b15ffffee6e
00000000000016c0fffffb77fffffa13
0000000000001b60fffffd66ffffeb67
0000000000001c40000002c0fffff01b
0000000000001260000007e8fffff1a6
0000000000002a80fffffaa3fffffd87
0000000000003a00000004c3ffffeac6
0000000000000e90ffffff48fffffa62
00000000000011e0000007bcfffff841
0000000000000e70fffff7eb00000528
0000000000001a40000003620000012c
0000000000000718fffffc53fffffd5e
0000000000001b80000002e4fffff928
0000000000002180fffff89f00000201
0000000000000cb0000006ec0000033d
00000000000007f800000e4afffff7cd
0000000000001280ffffffd0fffff110
0000000000001a80000000640000069e
0000000000000cd0ffffff7c000005a3
00000000000009e0ffffff84fffffb9b
0000000000000bf0fffffc9d00000a61
00000000000029c000000232ffffe274
0000000000001960fffffcc0000009f1
00000000000010e0fffff7de00000716
00000000000014a000000220fffffc73
000000000000250000000737000005f8
00000000000000000000000000000000
0000000000002b8000000231ffffdf2c
00000000000014c000000553fffffe1d
000000000000047000000f0b00001576
00000000000000000000000000000000
0000000000000e20fffffb0700000632
0000000000001680fffffcc200000b93
0000000000001760000004c9fffffff4
00000000000012c0000006f5fffff8b4
00000000000018400000087100000781
0000000000001a00fffff925fffff5c7
0000000000001920fffffcad00000254
0000000000000c30fffff8a3fffff63f
0000000000000e00fffff9ff00001498
0000000000000f90fffff8e7fffff708
000000000000099000000c6400000ed6
0000000000001120fffffbcafffff580
0000000000002140000002bbfffff5be
0000000000001a20fffffefefffffc35
0000000000002d000000035000000b44
0000000000001380000001c3fffffd1f
0000000000000b90fffff8a40000155a
0000000000001460000002c5fffff656
0000000000001440fffffa28fffffd97
00000000000008c0000007e00000139e
00000000000013e0fffffd1f0000037d
0000000000000f200000061afffff9db
0000000000001fc0fffffed0fffffdaf
00000000000010a000000902fffffb86
0000000000001e2000000472fffff081
00000000000000000000000000000000
0000000000000bf0fffffaca00000008
0000000000003080fffffeccfffff33c
0000000000001aa00000125afffff01f
000000000000120000000126000000ca
0000000000000300fffff22e00000b35
0000000000001b400000019afffffb90
00000000000019c0fffffdcd0000013c
0000000000001f400000098800000569
0000000000001720fffffb330000116b
0000000000001480fffffe4ffffff7c5
00000000000017c0000000860000048b
0000000000001ee0fffffe0300000242
00000000000019a00000042afffffaa6
0000000000002bc0fffff4e2ffffe96d
0000000000001900fffffaacffffefb9
00000000000015e0fffffb500000087c
00000000000012a0fffffd7afffffbfa
0000000000001520000003f8000000d3
00000000000009b000000d7b00000b2d
0000000000001540fffffddc00000f8f
000000000000200000000237fffffd09
0000000000001000fffffa42fffff7af
0000000000001a60fffff1b2fffff816
00000000000011a0fffffce2000005c1
00000000000000000000000000000000
00000000000026000000031dffffea9d
0000000000000cb0fffff94efffffe40
0000000000001ac0fffffe2cffffff68
0000000000001240fffffc03fffffb30
00000000000000000000000000000000
00000000000016a0fffffa7700000a27
0000000000000d000000002b0000005a
0000000000001b00fffffe8600000890
0000000000001520fffff5defffffe80
00000000000011e0fffffa5bfffffaf6
0000000000002040fffffcdcfffffb2d
0000000000000c3000000be900001731
0000000000001120fffffbcffffff666
00000000000037c000000a01ffffe56c
00000000000008b0fffffdf1fffffff9
0000000000001d600000025bfffff9e9
00000000000028000000010e00000991
00000000000011a000000099fffffdfa
0000000000001620000000e6fffff422
000000000000126000000ecfffffeddf
00000000000017600000011efffffe70
00000000000014800000045d00000284
0000000000001d800000028c000002ea
000000000000220000000502fffff8cc
0000000000000790fffffd4d00000bff
0000000000000dc00000000f0000027e
00000000000000000000000000000000
00000000000016a0000000b4fffff277
0000000000000089ffffe1930000219f
00000000000024c000000184ffffe469
00000000000025c000000448fffff4ab
0000000000000f60ffffe4a6000003ff
0000000000001a00fffffd03fffff7f8
0000000000000b00fffffed300000101
0000000000000bb0fffff9a5000006be
0000000000000ac0fffffd4100000442
00000000000017c000000616fffff2b3
00000000000015c000000498fffff3a6
00000000000017a0fffffd5800000c9b
00000000000011c00000052d00000efe
0000000000001860fffffda5ffffec67
0000000000001060000001cd0000016d
000000000000118000000983fffffcc9
0000000000001600fffffc94fffffc31
0000000000001f60000003f1ffffe475
0000000000001f80ffffffcfffffe89f
000000000000264000000186fffff860
00000000000017e0ffffff0afffff6db
00000000000013c0fffffcb100000598
0000000000000c600000036c00000d1d
0000000000001a00fffffa4d0000021a
0000000000000f600000071000000544
00000000000018400000072000000283
0000000000001a20fffffbe500000be1
0000000000002440000003cfffffefda
0000000000000a60fffffdab000004f3
0000000000000b50000003ce000006a3
0000000000001240ffffff9efffffb23
0000000000000cc0ffffff2ffffffe52
0000000000000fe0fffff34cfffff1d2
000000000000184000000557fffff2a7
0000000000000c70fffff8cd000003fa
000000000000166000000711ffffeb3b
00000000000008f0ffffff080000096a
000000000000108000000192000004ac
000000000000164000000364ffffe9e5
0000000000001320fffffef300000b15
0000000000000680fffffbaf00000b86
00000000000019000000076500000e6e
0000000000001aa000000210fffff79b
0000000000000eb0fffffdeffffffb3e
000000000000190000000473fffffaab
00000000000017a0fffffe79ffffe597
0000000000003080000005b2fffff22b
0000000000000c70fffff44fffffef8d
00000000000017c000000ab3fffffd1c
00000000000021c000000584fffff46a
0000000000001b00fffff608ffffef17
0000000000002300fffffc640000042e
00000000000000000000000000000000
0000000000000d800000074d000001ea
00000000000000b9ffffe1b1000011e2
0000000000001c80fffff3c5fffffca0
00000000000011c0fffffb6afffffeb1
0000000000000b80ffffff7800000387
0000000000001a20000000fffffff5a8
0000000000000df00000012a00000a29
0000000000000780fffffef6ffffffa4
0000000000000d60fffffe1000000651
0000000000001320000008dcfffff2f8
0000000000001900fffffec4fffff3d1
00000000000012e0ffffffe300000779
0000000000002780ffffff7bfffffe79
00000000000000000000000000000000
0000000000000c40fffff920000005ae
0000000000001ec0fffff911fffffdf2
0000000000000e70fffff5e3000014fb
0000000000001e40fffffe14fffff041
0000000000001460fffff3db00001074
0000000000000ba0000001d000000020
0000000000001200fffffcf0000002e9
00000000000015a0000009ca00000e6b
0000000000001680fffffa87fffff0c8
00000000000012000000072c0000030b
0000000000000cc0fffffe7efffffe1c
0000000000000d80000006adfffff819
0000000000001580fffffe94fffff577
0000000000001e00000002a8ffffe611
0000000000000c60ffffff2affffffd1
00000000000018a0000002f8ffffff7d
0000000000001d800000039afffffcf4
0000000000001160fffffcd5000004bb
000000000000228000000484fffff6a4
0000000000001b4000000135fffff50c
0000000000001e60000000bafffffb3c
0000000000001360ffffffa400000573
0000000000000e00fffffc8dfffff96f
00000000000017c0fffffcea000000f2
000000000000168000000224fffff99f
0000000000000bc0fffffeee00000a85
00000000000000000000000000000000
00000000000013a000000176fffffe21
0000000000000e6000000489fffffacd
0000000000001160000003f3fffff80d
00000000000015200000083600000226
00000000000015c000000174fffff073
0000000000001d600000055c000008e6
0000000000002280fffffa3effffef82
00000000000015a0000001eafffff409
00000000000011a0fffffe61fffff18b
00000000000013c0fffffbad000003a2
00000000000017e0fffffba5fffffd65
0000000000001840fffff927fffff94c
0000000000000bd0000005e100000878
0000000000002280000004e400000124
0000000000002900fffffdf9fffffecf
00000000000011c0fffff9ec000002f9
0000000000001a0000000787fffffe34
0000000000000df0ffffffd900000539
00000000000015e000000a36ffffff89
0000000000001d0000000382fffff1bc
0000000000000e400000003800000b85
000000000000166000000389fffff894
0000000000001ba0fffff67dfffff279
0000000000001880fffffa7c000000e4
0000000000000da000000262fffffc4f
00000000000009c0fffffe2e00000693
0000000000000f100000035e0000035b
0000000000002800ffffffaeffffef1f
0000000000001580fffffbbffffffda6
00000000000009f0fffffeb50000054e
00000000000019e000000882fffff7ef
000000000000148000000529fffff24b
00000000000015c0000003360000045a
0000000000000cf0000001ca00000d3c
000000000000208000000bb7fffff584
0000000000000b90fffffdcf000008e0
0000000000001500000000c60000046d
00000000000018a0fffffb7affffe96e
00000000000000000000000000000000
0000000000001400fffffd4efffffd17
00000000000010000000097700000213
00000000000012600000056cfffff868
0000000000000ad000000aa200000261
0000000000000fc000000771fffffd5a
00000000000011e0fffffa6d00000113
0000000000000bc000000b6a00000d2d
0000000000001e8000000489ffffe84a
00000000000008200000017300000ac1
0000000000001700fffffad600000812
0000000000001b80fffffcabfffff652
0000000000001440fffffd4efffffb35
0000000000001860ffffff2a000004b2
000000000000ff6dfffff5ea000017e3
00000000000014800000039bfffff7f7
0000000000001280ffffffa4fffff388
0000000000001360fffffb6f00000eec
0000000000001ca0ffffed37000017f5
00000000000015e0fffff9a3fffffa16
0000000000001e40fffffd56000002c6
0000000000002780fffff9c6ffffe6df
000000000000102000000069fffffea6
0000000000001fa0fffff984ffffe728
0000000000000c90fffff6f6fffffd35
0000000000002840fffffe5bfffffffa
0000000000000fa000000a25fffff8bf
0000000000000c80fffff79c0000017d
0000000000001600fffffe9afffff353
0000000000001c80fffffca6fffff0cf
0000000000000c0000001771fffffbf2
0000000000002cc0ffffedbfffffe641
0000000000000f3000000325fffffd65
000000000000128000000719000001eb
0000000000002100fffffcd9fffff908
0000000000001c80fffffd54fffff009
00000000000010e00000019100000062
00000000000000000000000000000000
0000000000001800fffffdd600000142
0000000000001820000000a500000745
00000000000017c000000301fffff9df
0000000000001080000005defffffb53
00000000000016400000022300000319
00000000000010c000000591fffff7eb
00000000000000000000000000000000
00000000000028c0fffffcd9ffffe08e
00000000000012a0fffffff2ffffffca
00000000000008e0ffffff53fffff952
00000000000000000000000000000000
0000000000000df0fffffef1fffff192
00000000000012e0fffffea4fffffb3f
00000000000013a0fffffc5e000002b2
0000000000000f40fffffe25fffff994
00000000000000000000000000000000
0000000000000fa0fffffcdeffffff74
0000000000001960fffff2980000030e
0000000000001d20fffffd94ffffeb81
0000000000000b500000075400000bc4
0000000000001260fffffeeffffffaae
0000000000001f00000000d1fffffa4f
0000000000001fa0fffffe3200000f92
00000000000000000000000000000000
0000000000001500ffffffdffffff896
0000000000001580fffffddf00000a06
0000000000000e4000000761fffffceb
0000000000000c30000004830000037a
0000000000001ce00000058bfffffd99
0000000000001e2000000107fffffb51
0000000000000c90fffffd0c00000440
0000000000001a40fffffc2effffdebf
0000000000001f40fffffa04fffffd3a
0000000000000a90ffffffb4fffffc19
0000000000002080ffffff9f0000083f
0000000000000e60000005c5fffffa12
0000000000000da00000024d0000009a
0000000000002040000006f4fffff194
0000000000000d80000004c00000090a
0000000000000cb00000033500000cbf
0000000000000a30fffffe4f0000013b
0000000000001020000001320000021c
0000000000001800fffffd29fffff011
0000000000002480fffffa48fffffd94
000000000000154000000160fffff822
0000000000001860fffffc6700000326
0000000000001300fffffecdfffff8f2
0000000000001d2000000502fffff7cd
0000000000001400fffffddffffffe3b
0000000000000e50ffffffe1ffffff10
0000000000001320fffffe72000002aa
000000000000192000000028fffff414
0000000000001500fffffc4400000a95
000000000000096000000493fffffd52
00000000000001aeffffe91400002287
0000000000000f6000000473000005b6
00000000000022000000098efffff8cc
0000000000001b200000043700001018
0000000000000e2000000555000005b8
00000000000000000000000000000000
0000000000000930fffffc2b00000bab
0000000000000e80000005c9fffff452
00000000000008a0fffff5df00000a3f
00000000000011e0ffffff99ffffef3c
0000000000001260000002380000064e
0000000000001640000002a7fffffd16
0000000000000fa00000013e000002c7
0000000000000ab000000965000002ee
00000000000029c0fffff55fffffe2e1
0000000000001860000009aafffff420
0000000000000f00ffffff92fffffcb7
0000000000000c10fffffff7000001d1
0000000000001b80000002c0fffff6ee
0000000000001840000001f6fffffc63
0000000000000af00000047900000ed1
0000000000001c60fffff692fffff8a1
000000000000234000000397ffffe31f
0000000000002880000006fd00001498
00000000000012e000000508000003cf
0000000000000d10fffffc0d00000055
0000000000000d10000000e8fffffc2c
0000000000001360000003ec0000062f
00000000000011600000029cfffff63d
0000000000001e80ffffffc1fffffe31
00000000000016a0fffff52b00000bf2
0000000000000f700000013a00000711
0000000000000de0000017eafffff2d5
0000000000001ba0000001bdfffffa1c
0000000000001440fffffbdffffff7cb
00000000000016e00000012bfffff133
0000000000000f9000000687fffff79a
0000000000000950fffff649000007c7
0000000000001760fffffc1dfffff69b
0000000000000338000009e300001a19
0000000000001780fffffe3dfffffdb9
00000000000017800000044600000e57
0000000000001cc0fffffc3ffffff946
00000000000016e0fffffeddfffff48a
0000000000000b00fffffe61000007ab
0000000000000ae00000000c00000780
00000000000015a000000325fffff915
00000000000020c0000008b7fffff4c6
0000000000002580fffff7b200000c7e
0000000000001480fffff71efffff4c9
00000000000018e000000a08fffffb10
0000000000000c20fffffe80fffffd04
0000000000001e00fffffe7d00000d56
0000000000001b40fffffab800000bbe
0000000000001c00fffffad0ffffee36
0000000000000bf0fffff898000001d7
0000000000001420fffffbaffffff9e4
00000000000011e0fffffdcf0000041e
0000000000001280fffffd1600000d5f
0000000000001be0ffffff00000002e4
00000000000016c0fffff6cf000001f6
00000000000013c00000054c0000022c
00000000000017c000000546000006d7
0000000000000338fffff6d600000e0d
00000000000019200000067000000189
0000000000000f80fffff8d7000009d2
0000000000003600ffffff16ffffecc1
00000000000017200000044cfffff010
00000000000011a0fffffe7f00000486
00000000000017e000000264ffffea4d
0000000000000720fffff4c200000663
00000000000008f00000057c00001c13
000000000000062000000ab4000016a8
0000000000000f400000000efffff6d4
0000000000003680fffffdb5ffffe95b
0000000000000d70fffffb9100000060
0000000000001460fffff388000009e0
0000000000001f40fffffecefffffac6
0000000000001ac000000092ffffef8c
0000000000001f00fffffec300001260
00000000000011e000000624fffff8c6
00000000000011e0fffffc2a000004db
0000000000000b50000006c3000007ec
000000000000172000000172000002cf
0000000000001760fffff896fffffcd7
0000000000000f50fffff7d900000206
0000000000004300fffff941fffff644
0000000000001480000003bdfffff46a
0000000000001080000006fefffff5d8
0000000000000b80fffffcc8fffffc08
0000000000001ac0fffff992ffffffc4
0000000000000fd0fffffcf3fffffb81
00000000000014a00000008dfffffa86
0000000000001a2000000298000000f1
00000000000000000000000000000000
0000000000003b0000000f17ffffdd2c
00000000000010c000000325000008d3
0000000000001e4000000697fffff049
0000000000001460fffffdebfffff7df
0000000000000ec0fffffce9fffffde6
0000000000000de0fffffdfb00000642
000000000000184000000107fffff97d
00000000000023c000000716ffffeb2d
0000000000000be0fffffe2400000876
00000000000018e0ffffff40ffffebaf
0000000000001c800000046bfffffe74
0000000000001660fffffe190000044a
0000000000001300ffffffcafffff4fc
0000000000001080000001db000007b3
0000000000000870fffffb5bfffff2a2
0000000000000dd000000599fffff8ab
000000000000248000000d0100001163
00000000000010e000000602ffffff0c
0000000000001aa0fffffe24fffff3be
0000000000002200fffff846ffffe048
00000000000010a0fffff9e8000003cc
0000000000000033000032990000304d
00000000000000000000000000000000
0000000000001c0000000031fffff21c
0000000000001240fffffe2d0000066f
0000000000001980000001f3ffffff56
0000000000001500000004760000009a
0000000000001920000005cefffffbb6
0000000000001ae0fffffc01ffffef24
0000000000000ed0fffffd02fffffc5c
000000000000166000000272fffffd22
0000000000001840000002bcfffff3d9
00000000000018c000000419fffff64f
000000000000186000000024fffffb17
0000000000001ea00000012ffffff7d9
0000000000000c90fffffe2f0000028e
00000000000000000000000000000000
0000000000000b8000000469000001d0
00000000000017c00000024efffffb22
0000000000000c80fffff99b000002ec
0000000000000f60000000380000020b
0000000000001260fffff6f5fffff090
0000000000001080fffffb95fffff94d
00000000000000000000000000000000
00000000000014200000068b0000052b
0000000000001260fffff8ca0000085a
00000000000020c0fffffc12000009c7
0000000000000da0000004a5000002be
0000000000001520fffffeeb000000cc
0000000000001880ffffff01fffffe4f
0000000000001020fffffdc6ffffe9e3
0000000000001c80fffff939fffff917
00000000000015200000003f00000482
0000000000000c80000004ca000006a1
0000000000002200fffffcc0fffff73c
00000000000011e0fffff7c0fffffea2
00000000000013c0000014a7fffff3a9
0000000000001dc0000002ba000003fc
0000000000001b8000000139fffff4a6
0000000000000dd00000009c000008e0
00000000000012c00000007efffffde5
00000000000018e000000665fffffc2b
0000000000000ac0fffff714fffffdb0
00000000000012e0fffffe6e00000f2b
0000000000001e20fffff77c0000013f
00000000000010600000044800000878
0000000000002f00000000c300000137
0000000000001020fffff8e4fffff934
00000000000013400000043cfffff6d8
000000000000006cfffff6a500000ca2
0000000000000960fffffa060000075d
00000000000014800000022afffff6da
000000000000170000000157fffff848
0000000000001b80fffffc23ffffe6b3
0000000000001fe00000030e0000021e
0000000000002f00000005b1ffffe7a7
0000000000001de0000000b5ffffe3ef
0000000000000b70fffffec900000994
0000000000001d400000015c00000ca9
00000000000015c0000002fb00000c81
0000000000000ed0000000e100000150
0000000000000cd0fffffad3fffff983
0000000000001400fffffd0ffffff4f8
0000000000001c200000029ffffff9af
0000000000000a100000066b00000362
00000000000015800000038cfffffd7c
00000000000012c0fffff73bfffff8ba
0000000000001780000005b3fffff0e9
0000000000000d90fffffb04fffffabf
0000000000002080fffffa4efffff6d2
000000000000164000000209fffff98b
00000000000000000000000000000000
0000000000001500fffff881fffff189
0000000000000c50fffffb6900000ad2
00000000000010600000033200000b21
0000000000001840fffffd2900000041
0000000000001780fffff938fffffb1b
0000000000003100fffffbbbfffff3c1
000000000000087000000015000006e8
0000000000000db00000095900000aa9
00000000000014a0fffffaa3fffffc9c
0000000000000e600000093ffffffc3d
000000000000003000001bed00001af6
0000000000001360fffff9eb000006a0
0000000000002840fffff763ffffe7b4
0000000000001e20fffff27b000012ad
00000000000020c00000019dfffff566
0000000000001d40ffffffc1fffff396
0000000000001e60fffffa29fffff44e
00000000000017c00000051f000011d3
0000000000001f00fffffebb00000a0f
0000000000002340fffffb3bfffff1cb
0000000000000f20fffffc2ffffff9a8
0000000000000c90fffffc0100000256
0000000000001ca0fffffdf9fffff0a1
00000000000000000000000000000000
0000000000001780fffff6c900000cc0
0000000000000ce000000563000002e8
0000000000004080000003e5fffff31b
000000000000108000000167000001e1
0000000000000e8000000b1c000007e5
00000000000019e0fffff7a80000077b
00000000000007b0000014d4fffffde0
0000000000000dd0fffffc24fffffe3f
00000000000017a000000370fffffe54
00000000000009f0000002f0fffffc47
0000000000001140ffffffa4fffffe38
0000000000000c30ffffff0c000009fb
0000000000000ee00000037300000744
0000000000001840000002c2fffff6f2
00000000000013600000008d00000153
000000000000102000000228fffffd2e
00000000000014c0000009cefffff140
0000000000002600fffff83bffffff38
0000000000000d90fffff5210000011e
0000000000001d4000000686fffffa83
0000000000001520fffffcf8000002e5
00000000000018e00000063bfffffbe0
0000000000002140000001bdfffff274
000000000000128000000489fffff390
00000000000009c000000591000003bb
00000000000017c000000817fffff7db
00000000000015e0fffffd2ffffff71e
0000000000000e50fffff91a0000036b
0000000000000fa0000000b900000216
0000000000002880fffffd1ffffff5f9
0000000000000f20fffff8f900000905
00000000000031400000056dffffe459
0000000000001200fffffc29000000e5
0000000000000f80fffffdc6fffffd3c
0000000000001fa000000199fffff600
00000000000000000000000000000000
0000000000001320fffff943000009c1
0000000000000a10000008030000033d
00000000000007c800000d880000002c
00000000000010e00000007000000a12
00000000000000000000000000000000
0000000000000cb00000094a000004f4
0000000000001dc0000002e40000049d
0000000000000e90fffffd96fffffcd3
00000000000010c0fffffeeffffff890
0000000000000e500000017d000003e7
0000000000002400fffffe2dfffff6bb
0000000000001020fffff811000001b2
00000000000000000000000000000000
0000000000001360fffffe7d000002cb
00000000000016a0fffffbd4000007a5
00000000000016a0fffffe28000004d8
00000000000023000000045c00000505
0000000000002d40fffffb49fffff45c
00000000000011e000000758ffffff96
00000000000018a00000075c00000407
0000000000001560fffffd6dfffff791
00000000000017c0fffffa7ffffff79e
00000000000014000000020bfffff9c4
000000000000158000000180fffffc86
00000000000019a0fffffd60ffffff97
00000000000000000000000000000000
00000000000015a00000018f000011ab
00000000000014000000088ffffffc36
00000000000016e000000685fffff62b
0000000000000fc0000007e2fffff90f
0000000000001960000000e1fffff65a
00000000000010a00000036800000517
0000000000000a60fffffbcb000001d0
0000000000001e20fffffd940000018d
0000000000001a00fffff8ceffffed42
0000000000001020fffffba8fffffc38
0000000000001d6000000036fffff96f
0000000000001240fffff9fcfffffe71
000000000000214000000056000004fe
0000000000001f60000000a0fffff8a6
0000000000000e70ffffff8700000f87
0000000000000e600000085bfffff87a
0000000000001120ffffffbc000002cc
00000000000010e000000ad900000068
00000000000012000000000500000557
0000000000001480fffff30500000f0d
00000000000014600000000ffffff662
0000000000001de0fffff8c7fffff010
0000000000001260fffffcb8000009c6
0000000000002400fffffd3bfffff83d
0000000000000c2000000d2d00000b37
0000000000000b20fffffe0b0000016b
00000000000000000000000000000000
0000000000000c40000006d4fffffffe
0000000000001860000000480000015d
00000000000029c0fffff8eafffff1eb
00000000000010a0fffff62e0000138c
0000000000001880fffffe54fffffc87
0000000000001440fffffdd300000ac2
000000000000067800000326000004a5
0000000000002280fffffe12fffff754
00000000000037c0fffffd74fffff6a0
0000000000000ea0fffffb01fffffb9f
0000000000000e600000035100000d10
00000000000018a0fffffff30000155b
00000000000020000000029e00000a7b
0000000000000e10fffff88a0000017c
0000000000001b40fffffd72fffffda6
0000000000000e10000010a3000002de
00000000000011800000009e000005ed
0000000000002940fffff8c300000ee8
00000000000014400000047b00000bd6
0000000000001b00ffffff95fffff84c
00000000000000000000000000000000
0000000000001e20000001f4fffffaa8
00000000000000000000000000000000
00000000000019c000000038ffffe9c7
0000000000002740ffffff8000000228
0000000000001c00fffffeaefffff8fc
0000000000001bc0fffffd0cfffff1ca
0000000000000b30000002a1fffffdd6
0000000000001b00000003d6fffff056
0000000000000bf0fffffb5ffffff851
0000000000001c80ffffffdbfffff8f8
00000000000012a00000057c0000020b
0000000000001580fffffe4d0000067e
0000000000001a40fffffe8ffffffaaa
0000000000001440ffffff1efffff7b6
00000000000011a0fffff6850000038b
00000000000000000000000000000000
0000000000000680000008a7fffff93e
0000000000002080ffffff3ffffffda1
0000000000003980fffffd04ffffe66d
0000000000000dd00000078cffffffd3
0000000000001300ffffff9bfffffdb3
0000000000002880fffffcb1fffffda2
00000000000011c0000003bc0000079a
000000000000090000000066000005fe
00000000000011e00000015c0000042e
0000000000000ad0fffffa7a0000038e
0000000000001040fffffb20fffff547
000000000000ff890000100800000aea
0000000000000d8000000334000002d0
0000000000000ba0000005c300000887
0000000000000b90fffff6cb000003c8
00000000000011e0fffffd44fffff16a
00000000000012e0fffffa54000011a1
0000000000000fb000000060fffffa11
00000000000015e0000002570000091a
0000000000001c80fffff70ffffffd7e
00000000000022c00000047fffffe9eb
00000000000010e0000006ac00000e5c
00000000000013e0fffff767fffff469
0000000000001180000001880000007c
0000000000001320fffffe6a0000018a
00000000000010a0fffffcdc000003f5
0000000000000a600000024300000ac6
0000000000000ea00000001d00000ddb
0000000000000fc0000004cdfffffdd6
000000000000274000000017fffffb9e
0000000000000d00fffffc55fffff94d
00000000000016a0ffffff75fffff976
0000000000002280fffffd88fffffb11
0000000000002480fffffe77ffffee33
0000000000001a00fffffe1efffff9a7
0000000000001980fffff5b7fffffd0d
00000000000009f0fffffb0afffffef9
00000000000011a0000004ebfffff664
00000000000010e0fffff885ffffff4f
0000000000000d40000000fbfffffc5e
00000000000014a000000360fffff965
0000000000001e20fffffe3300000e47
0000000000000d70fffff932fffffc8f
000000000000138000000375fffffbf7
00000000000015c0000001a1fffff935
00000000000012c00000029f00000283
0000000000001860fffff174fffff869
0000000000000039ffffdeb3000022bc
00000000000000000000000000000000
0000000000000e10000005fc000005e1
0000000000000c10000003e700000510
0000000000001560fffffdb7fffff8de
00000000000011a0000001f7fffffa47
00000000000018e0fffff820fffff438
0000000000000ac0000000640000045c
0000000000000c20000003e3ffffff19
0000000000001ac0ffffffcbffffefac
0000000000000ad0ffffec6500001749
0000000000000b90000003b600000a75
0000000000001a2000000976000011fd
00000000000010c0fffff7050000048c
0000000000000d80000002900000012b
00000000000013a0fffffdf8fffff2f8
00000000000013c0000005bf00000631
0000000000001f200000011f00000d32
00000000000008600000019800000084
0000000000000d400000081bfffffe98
0000000000001940fffff9f7fffffd3e
00000000000020c0000000f0ffffffb5
0000000000001a8000000478fffff6f7
00000000000012e00000074a00000c26
0000000000001d4000000379ffffe7d8
00000000000010e000000846fffffafd
0000000000002040ffffff8cffffefef
0000000000000dd0fffff3a2fffff9b6
0000000000000f30000004a200000021
00000000000000000000000000000000
000000000000238000000cc0fffffe56
0000000000001680fffff8e4fffffb59
0000000000001b60fffffc0efffffee5
0000000000002a80000003baffffedba
00000000000015e000000a30fffff8ac
0000000000001140fffffbcf00000abe
0000000000000a70fffff113000007af
000000000000186000000415fffff376
00000000000017c000000349fffff25a
00000000000019e00000016bfffffac7
00000000000009a0ffffff1c00000953
0000000000000f800000031efffffb38
0000000000001ba0000003a7fffff5c6
0000000000000c3000000332fffffeec
0000000000000c50fffffe22fffffe1b
0000000000001040fffffd9afffffd9b
00000000000014600000024000000126
00000000000037800000055fffffebf2
00000000000005d8fffff5dd000000aa
00000000000005d00000041400000aa1
0000000000000f00000000d600000544
0000000000002680fffff880ffffec8d
0000000000001c6000000171ffffebd8
0000000000002180000005d3fffffa21
00000000000013a0ffffff5e00000284
00000000000012000000034afffffffe
0000000000002700fffffef500000550
00000000000019c0fffffccefffffe4f
0000000000000a0000000a09000001c2
0000000000001240fffffd5400000561
0000000000001960fffffc42fffffa38
0000000000000c10fffffcfdffffffce
00000000000033c00000039affffe798
000000000000128000000290ffffff64
00000000000013c0fffff9d7ffffffe8
0000000000001360fffff8a9fffffdbc
0000000000000bb0fffff939fffffec7
0000000000000e40fffff8c000000fb8
0000000000001b60000003a9fffffca4
00000000000011a000000126ffffee0a
00000000000012c0fffffc8e0000146a
0000000000002040000003e1fffff2e0
00000000000025c0fffffca2ffffed22
000000000000006900001d7900001d9d
0000000000000f00fffffef20000062b
0000000000001a600000034cfffff728
0000000000000e00fffffc17ffffffe8
00000000000011e00000018afffff194
0000000000000a100000045b00000177
000000000000ff94ffffef9e00001004
0000000000000e00fffffa8efffffe99
0000000000000c50fffffcba000007f4
00000000000000000000000000000000
000000000000138000000328fffff86f
0000000000002e8000000100ffffe9d1
000000000000ffc2ffffde26000024ab
0000000000001f60ffffff8ffffffd14
0000000000001a8000000010fffffcfb
0000000000000a80000008bafffffe89
0000000000001080fffffa9cfffffef4
0000000000001a40000007f3fffff458
000000000000224000000377fffff104
00000000000000000000000000000000
00000000000013e0fffffee00000107e
00000000000017c0fffff698fffff0d5
0000000000000ed0fffffed4fffff722
0000000000001880fffffc4ffffff2ac
00000000000014600000013500000333
0000000000000da0000000c6000007e1
0000000000002900ffffff15ffffff39
000000000000160000000167fffffa0c
00000000000018e0fffffb8ffffffc7a
0000000000000f90000004810000092a
00000000000030800000061cfffffa33
0000000000000d00fffffa0600000909
00000000000019c000000138fffff42a
00000000000014a0fffffccffffff076
0000000000001a20000006d5fffffe2b
0000000000001200000004ef00000af3
0000000000000f000000058fffffec94
00000000000000000000000000000000
0000000000001b20000000b5fffffa4d
0000000000002a400000013b000001d1
00000000000000000000000000000000
00000000000011200000083ffffff850
0000000000000c9000000c5bfffffa52
0000000000001a80fffff378ffffe60d
0000000000000aa0fffff775fffffb0e
0000000000001e20ffffff41000000d1
00000000000007a0fffff69f00000542
000000000000248000000340fffff850
0000000000001e40fffffde00000035e
0000000000001440fffffa7cffffeae0
0000000000000dc0fffff6bafffff909
0000000000001a40fffffab800000587
0000000000000c00fffff87e00000106
00000000000020400000005affffe34c
0000000000001cc000000479ffffeea0
00000000000000000000000000000000
0000000000000a20000000dc0000070c
0000000000000c300000039f000006bb
00000000000019c0fffffcc3fffff8ba
0000000000000e50ffffef04fffff9b5
000000000000146000000250fffff334
0000000000000860000000fa000009dd
0000000000001ec0ffffff55fffff2f3
00000000000009500000045400000a34
0000000000001240000002e8fffff4b9
00000000000014a0fffff118fffffa50
0000000000000dd0000000950000029b
0000000000000f500000008dfffffa77
0000000000001280fffffe9ffffffe76
0000000000000d60fffff7c8fffff2f5
00000000000000000000000000000000
0000000000001c60fffffe6dffffe98e
0000000000001080000004e1000000ce
0000000000000af00000026800000173
0000000000000a0000000c3bfffff7d2
0000000000000b60fffff453000011f1
0000000000000ba0fffffc7a000007ab
0000000000001940000005d200001526
00000000000007500000068efffffbb8
0000000000000cb00000016700000791
00000000000011a00000013efffff75d
0000000000000f20000002a3fffffd6b
0000000000001da0000006b1fffff378
0000000000001140000006a500000714
0000000000001280fffff8ff0000030d
00000000000000000000000000000000
0000000000000c50000007ce00001218
0000000000001940ffffffc1fffffcbb
00000000000010c000000502fffffedd
0000000000001740ffffff26ffffffcc
0000000000002b40000000290000023f
000000000000234000000270fffff6b6
000000000000166000000374ffffff15
0000000000002300000008a4fffff887
0000000000000e90fffff71500000379
0000000000001d00000005aeffffff76
0000000000001600fffffc25fffffcae
0000000000001180fffff090000003f3
00000000000012e0fffffeda000002a6
00000000000013a00000032a000001df
0000000000001d00000000c6ffffefd7
00000000000008f0000002bb00000efe
00000000000000000000000000000000
000000000000134000000252000003ed
0000000000001320fffffc1e00000030
0000000000000bd00000082b00000341
00000000000014e0ffffff71fffffabe
0000000000000d70fffff52100000161
0000000000001ea0fffff673fffff47d
0000000000001f80fffffd6fffffeddb
0000000000000c50000003a6ffffff15
00000000000012000000039e00000a9f
0000000000000b500000030900000689
00000000000018e0fffff85600000e1b
0000000000000748fffff67c0000093a
0000000000002a00fffffbcefffff5df
0000000000001780000000f700000788
00000000000014c00000001afffff35c
00000000000011e00000000efffffa92
0000000000001040000004f7ffffefea
0000000000001440000004d0fffff82e
0000000000000bb000000703000001e8
00000000000000000000000000000000
0000000000000c6000000528000006c6
0000000000000ea0ffffecbbfffff289
0000000000001d80fffff4f5fffff37c
00000000000019800000028dfffffba5
0000000000000e50fffffe21fffffaa5
0000000000001ce00000002cffffecaa
0000000000000f30000005c0fffffa09
0000000000001de0fffff9acfffff85f
0000000000000fc0fffff79ffffff7d1
00000000000020c0fffffee8fffff603
00000000000011400000063600000811
0000000000000f8000000872ffffff6b
0000000000000ae000000336fffffac3
0000000000001ae0fffffb2500001427
0000000000001920000000fa00000392
0000000000000ec0fffffb28fffff9d3
0000000000001c8000001033fffff03f
0000000000001140000002ce00000c41
00000000000010e0fffffa87fffff96e
0000000000000c20fffffa1d000004ec
0000000000002400fffffd83ffffeb22
00000000000027000000008cffffeac1
0000000000000bb00000066afffffb31
0000000000001360fffffbfcffffff4f
00000000000000000000000000000000
0000000000000fd000000517fffffd09
0000000000001520fffff6fe000000ae
0000000000000f6000000424fffff212
00000000000000000000000000000000
000000000000166000000a140000186f
0000000000001380fffff807fffffef2
0000000000000e80fffffe3b000012c5
00000000000007c000000325fffffae3
0000000000001cc00000070efffff9a9
00000000000011c0fffffe1d000004ea
0000000000002140000002700000067c
00000000000011a0fffffe2bfffff6ab
000000000000244000000026fffff329
00000000000017e0fffffecb000002d3
0000000000000f3000000501000010b3
000000000000128000000656000003e5
000000000000152000000cb6000002c4
0000000000000c40ffffec79fffffa39
0000000000001740fffffe9d00000340
0000000000001660000001cbfffff0e5
0000000000001780fffffa7bfffffffd
00000000000009e0fffffd7f00000f32
0000000000001000000009cb00000ea9
00000000000013c0000006a5fffff6f9
000000000000350000000572ffffef0a
0000000000002a00fffff020fffff701
00000000000012e0fffffd3b00000b0d
0000000000000cf0fffffe1c0000110a
0000000000000e00000006960000044d
000000000000188000000625ffffff41
00000000000009d0fffff199fffff69b
00000000000030c0fffff9a4fffffd2b
0000000000000408000000740000136d
000000000000180000000169fffff262
0000000000000c100000049c00000df6
0000000000000e100000026afffff403
0000000000001700000005c2fffffa3a
00000000000000000000000000000000
000000000000148000000303fffffb0f
0000000000001540fffffc14ffffed6a
0000000000001920fffff9cdfffffb5e
0000000000001720fffffb38fffffa6b
0000000000000840ffffeec100000683
0000000000001460000004defffffc40
0000000000001380000001d800000744
0000000000001400fffff324000018c2
0000000000001320ffffff3b0000038b
0000000000000ef000000276fffffea4
000000000000162000000815fffff991
0000000000000ae0000001d600000acc
00000000000014000000049500000fd1
0000000000001540fffffabdfffffb71
00000000000017a0ffffffe60000012f
0000000000001160fffff6950000043d
00000000000012c000000788ffffff96
0000000000001c4000000199ffffe1ac
0000000000001260ffffff5ffffff664
00000000000014e0000000bc000009c1
0000000000000b40fffffd2900000bfc
0000000000001420fffffd6bffffff34
0000000000001aa0fffffe86fffff984
00000000000024400000002fffffe1e6
0000000000000c80fffff921fffffd71
0000000000001b20fffff7d600000f38
00000000000012e0ffffff54ffffff22
000000000000288000000f92ffffef81
0000000000000bb0fffff7c900001267
0000000000001240fffffe34fffffa44
0000000000001be0000001b3fffff739
0000000000001a00fffff94efffff74a
0000000000001c80fffff70900001348
0000000000000be0fffff751fffff6a3
00000000000017c000000b1dfffff34e
00000000000012e000000240fffff56a
0000000000001500ffffffd40000003e
0000000000001240000007fa00000677
0000000000001200000000fb000003fa
0000000000001320fffffd55000003e8
0000000000002c4000000a31fffff2a1
0000000000001c60fffffd6400000e78
00000000000000000000000000000000
0000000000000a100000121cfffff0bc
00000000000000000000000000000000
0000000000001020000003a9ffffeba5
0000000000000f800000099d00000cc4
0000000000000ab0fffff2f900000ad9
00000000000000000000000000000000
0000000000001180000001c5fffffbe5
0000000000001c60fffffae3000000e0
0000000000001c80fffffedf00000ce8
00000000000000000000000000000000
0000000000001760000009f600000764
000000000000148000000301fffff740
0000000000001c40fffffea8fffffd67
0000000000000f70fffffc5ffffff21c
00000000000019a0fffff93800000641
0000000000000e0000000182fffffbb2
0000000000001780fffffe1efffffa6b
0000000000001ba0fffffa05fffff582
00000000000009f000000072fffff9ea
0000000000000de0fffffae7000002aa
00000000000013e0000001aa000002b8
00000000000000000000000000000000
00000000000020c000000805fffff3df
0000000000001fc0fffffc95fffff1da
0000000000001120fffffb0200000176
0000000000000b80000008e50000037b
0000000000001940000006b600000075
000000000000182000000254000004e7
0000000000001340fffff6fa00000db8
0000000000001c40fffffe7e00000616
0000000000000f70fffff5a1fffff747
00000000000019c00000039d00000058
00000000000019a0000000e2ffffedd4
0000000000001b400000052a000004c0
0000000000002900000007a7ffffff98
0000000000001360fffffd54000014cd
0000000000001ba0fffffbb5fffff592
0000000000000bc0000000b000000b3b
0000000000002600fffffe65fffff3b5
0000000000000d40ffffff1cfffffba5
0000000000001960fffff8d4fffffb58
0000000000000ec0fffffb27fffffdbb
0000000000000e80ffffff42fffffd81
00000000000000000000000000000000
0000000000001000fffffdd7fffff69d
000000000000186000000674fffffbeb
0000000000001ba0fffffc41fffff9ce
0000000000001a00000004d8000000cd
0000000000000c50ffffff9b00000a7b
00000000000014e0000004dd00000fe9
0000000000000a00fffffc8a00000953
0000000000000dc000000888fffffb3d
00000000000007c8ffffffee0000062e
00000000000014c000000602fffffbd7
00000000000016c0fffffb52fffff79e
0000000000000c20fffff12000000512
0000000000000538fffffe3800001471
0000000000001f2000000275ffffff23
00000000000000000000000000000000
0000000000000d90fffffc6c00000969
0000000000001700fffffe310000006b
00000000000020c0fffffc74fffff050
0000000000000c80000000bd00000d78
0000000000001360000006e2000002da
0000000000001600fffff97c000000b2
00000000000016e0000002aa00000469
0000000000000c8000000274fffffa6d
0000000000000e20fffff86b000004dc
000000000000210000000097fffff23d
0000000000001ae000000349fffff6f8
0000000000001100ffffff25ffffef83
00000000000013c000000206ffffff13
0000000000001480fffffee000000a3e
00000000000015c0000006f1fffff2d0
0000000000000d30fffff82e00001121
00000000000010a0fffffa8dfffffbb1
00000000000019a000000088000010fd
0000000000002340fffffec6fffff85c
0000000000000f50fffff78b0000002d
0000000000001500ffffff510000066b
00000000000013c0000004a3ffffef7d
0000000000000d00fffffc44fffffeef
0000000000000f10fffffc6afffffbb5
0000000000002880fffff709fffff710
0000000000000cf0fffffe5b0000042c
0000000000000d500000025afffffd76
0000000000000bd0fffff7f000000262
0000000000001500fffffd48fffff9bd
0000000000000f20fffff80e00000d48
00000000000018000000011300001882
0000000000001120000001c100000097
00000000000014a0fffffc53fffffc04
0000000000000e90fffffe0dfffff32a
00000000000000000000000000000000
000000000000294000000628fffff897
00000000000017a0fffffd2dfffff977
0000000000001a800000070cfffff20a
0000000000000710fffffb140000086f
0000000000001840ffffff0bfffff700
0000000000001840fffff8d100001013
0000000000001260000003a1fffff347
0000000000000a50fffffd7c000006d4
00000000000019a0fffff41cfffffbea
000000000000097000000683ffffff02
000000000000192000000669fffffb8a
00000000000012c0fffffc400000047f
0000000000001820fffffcd90000068b
0000000000001320fffffeee00000893
0000000000001920fffffb4e00000195
00000000000011e00000038b00000cd2
000000000000278000000811000003cb
0000000000001060fffff40cffffffef
00000000000006b0fffffb9a00000f63
000000000000136000000281fffffa6f
00000000000018c0000001e1ffffeb93
000000000000198000000414fffff6ac
0000000000001ee0fffffcbffffff2fb
0000000000000d700000020700000e3c
0000000000000cb0ffffff1e0000013c
000000000000214000000336000008be
00000000000015a0ffffff7ffffffdf1
0000000000001c60fffffd0dfffff1f2
00000000000009b0fffffea10000075f
000000000000204000000626ffffea2c
0000000000001240fffffac6fffff9b8
0000000000000fb0fffffcd90000052e
000000000000110000000004ffffff36
0000000000002a00000009b900000d4c
0000000000001ae000000058fffff0f9
0000000000001be00000013fffffedeb
0000000000001200fffffeaefffff467
00000000000012e00000046affffffe9
00000000000015e000000a14fffff054
0000000000000b00000003c2000006ca
00000000000009f0fffff65a00000533
0000000000001620fffffee3fffff8d6
0000000000001a80fffffafcfffff925
00000000000026c00000022f000008ac
0000000000000b10fffffc410000069b
0000000000000d00000003a8fffff481
000000000000230000000851fffff193
0000000000001c60fffffe6efffffce9
00000000000014e0ffffff59fffff9ea
00000000000022c0fffffd30fffff094
0000000000000bd0fffffed0000005dc
00000000000015e0fffffb55fffff971
000000000000ff97ffffebb3000019db
00000000000012e0fffffcc7fffffda7
0000000000001680ffffff6bffffffe9
000000000000344000000b55fffffbdd
0000000000001a00000004bdfffff1f1
0000000000000e90000000eeffffffd2
00000000000017200000066000000d07
00000000000024c0fffffd32ffffff6f
0000000000000f80fffff9ebfffff0ed
0000000000001c2000000410fffff464
000000000000ffc0ffffda9a0000242d
00000000000013400000031700000512
00000000000019e00000038effffe98e
0000000000000d40fffffdccffffedce
00000000000013e0000003ba00001157
000000000000142000000f4efffffcb8
0000000000001680fffffdd7fffff227
0000000000001820fffffc4b00001d18
00000000000009200000035dfffffd5d
00000000000027c0fffffde400000abe
0000000000000fd00000031d00000d3e
00000000000000000000000000000000
000000000000200000000554fffff06c
00000000000019a0fffffdc5fffff8c9
00000000000000000000000000000000
00000000000017e0fffffb98fffffbf1
0000000000000a500000003b00000234
0000000000001d80fffffda8ffffeb75
0000000000002d80fffff4d7ffffe216
0000000000000d00ffffffab00000469
00000000000026c0000004e5ffffec70
00000000000000000000000000000000
0000000000001ba0fffffc4dffffe410
0000000000000ca0fffff8a4fffffcaa
0000000000000ba0000002bc000010fe
0000000000000d20fffffbc5fffff426
00000000000016a0fffffc66fffff284
0000000000002a40fffffce200000825
00000000000012a0ffffff140000010b
0000000000001600fffffa72fffff131
0000000000000a1000000593fffff8ee
0000000000001200fffffda8fffff97e
0000000000001ba0fffffef9fffff403
00000000000026c0fffff807fffff4da
0000000000001820fffff876fffff650
0000000000001080fffffccc00000505
0000000000000f100000016efffffcdc
00000000000013a00000069dfffffe22
00000000000011000000008300000455
0000000000000a40fffff8d400000968
0000000000001620fffffa31fffffde9
00000000000008700000051600000a51
0000000000000df0fffff2be000011f5
00000000000015c0fffffc27fffffedb
0000000000000ce0000001dcfffffe01
0000000000000f10ffffff29fffffb3b
0000000000000cc00000022d00000f0d
00000000000012a0ffffffb8fffffa82
00000000000009f0fffffae30000059a
000000000000148000000460fffff8bb
00000000000020c00000028afffff58f
0000000000001d20000004d5fffff622
00000000000018a0fffffc7cfffff5e6
0000000000001060fffff79b00001ac5
00000000000016e0000006dfffffee24
000000000000188000000a67ffffeedb
0000000000000f60000001a1000001d8
00000000000015400000003a000010d6
00000000000016800000063f00000477
00000000000008e0fffff36c00001b94
0000000000000ee0000004f8000003bf
0000000000001940ffffff0400000674
0000000000001c400000046f00000440
0000000000001580ffffff62fffff3f8
00000000000010e0000006530000022c
0000000000000a600000051000000101
0000000000001220fffffc54fffff3f9
00000000000015a00000059400000204
0000000000001840fffffdb9fffffe0c
0000000000000df000000272fffffcca
0000000000001700ffffff56fffffd99
0000000000000a50fffffba0ffffffdc
0000000000000b20fffffcbd000004a4
0000000000002240fffffdedfffff8b3
00000000000012e0000001be0000072a
0000000000002ec00000004afffffcbb
0000000000000578fffffe1c00000729
0000000000001aa0fffffec100000a25
0000000000001160fffff29e00000183
00000000000011c0fffff847fffff9b9
000000000000134000000af7fffffac1
0000000000000f60000004c2fffffa26
00000000000014e0fffff95900000b9d
0000000000002b40fffffc0efffffbad
00000000000019c00000044effffec63
00000000000011c0fffff8edfffff693
0000000000000ed0ffffffd200000801
00000000000015c0ffffffb6fffffe75
00000000000000000000000000000000
0000000000000a90000000e5ffffff3f
00000000000013c000000e1700000e3c
000000000000104000000217000009cf
0000000000001360fffffae4fffff721
0000000000001200fffffe93fffff78e
0000000000000e500000013900000425
0000000000001ca0000005d0fffff270
0000000000000a70ffffff2b00000a97
00000000000016c000000aa8fffffe75
0000000000003840fffffef4ffffe618
00000000000016a00000003a00000bbe
0000000000002c000000098ffffffb44
0000000000001780000001950000089f
0000000000000fe00000034100000f56
0000000000001280fffffe9effffffbd
0000000000000ba000000d59fffffb90
0000000000000e60ffffebf3000015ad
0000000000000f6000000892fffff5e9
0000000000002340fffff91fffffe6e6
00000000000000000000000000000000
0000000000000c90ffffff5bfffffc13
0000000000001a20fffffbf0000009c4
0000000000000c3000000569fffffff2
000000000000254000000700fffffcb5
0000000000000710fffffd4a00000572
00000000000000000000000000000000
0000000000000a60000003e000000329
00000000000012c0ffffffbdfffff847
0000000000000f90fffffc5dfffffea9
0000000000000dc0fffffc71fffff836
00000000000007f8fffffee800000b52
00000000000015600000044900000228
0000000000001100fffffa45000001f7
00000000000011c0fffff8f00000030f
0000000000000ee0fffff9a1fffffd06
00000000000018c00000033d000005fd
0000000000001420fffffe7bfffff911
000000000000ffb4ffffe8640000165d
0000000000000c70fffffc38fffffd74
0000000000000a60fffff9a2000007b0
00000000000019e000000778fffff7c3
0000000000000f80fffff96900000950
0000000000001860fffff3e8ffffe6f1
0000000000001880fffff8c3fffffd5f
0000000000000d50fffff95cffffff82
0000000000000c1000000469fffffc81
0000000000002440fffff57b0000000d
0000000000000ef00000043dfffffb8c
0000000000000dd0fffffc1d000005b4
0000000000001620fffffe05ffffece3
000000000000178000000578fffff2db
00000000000014a0fffffc0b00001050
00000000000018a0000005fb000009cd
00000000000011c0fffff736fffffa1e
0000000000001b000000001cfffff7de
0000000000001860ffffffe5000003d4
00000000000017c000000589fffffe8f
0000000000000dd0000005f700000140
0000000000001c40fffff9a8fffff9d1
0000000000000dd0fffffea6fffff64f
00000000000017a000000aecffffe772
0000000000001c000000025400000861
0000000000002400ffffff89ffffeb32
0000000000000d80fffff22dffffeb74
00000000000016200000026cfffffe75
00000000000015a00000029100000176
0000000000001140000000c00000070f
0000000000000d900000085200000073
0000000000001b00ffffff93fffffb09
0000000000000da0000005c4000011ef
00000000000012e000000419ffffff3c
0000000000000c70000000d4fffff3f2
00000000000014a0fffff697ffffee5a
0000000000001720fffff676fffffaa9
0000000000000bd000000474ffffff12
00000000000000000000000000000000
0000000000001220fffffc92fffff950
000000000000136000000586fffff9b2
0000000000000db000000085000000ec
0000000000000b60fffff8ff00000d0c
00000000000010800000005efffff505
00000000000007e000000507ffffffc9
00000000000010e0fffff56b00000eee
00000000000000000000000000000000
00000000000011e0fffffcb0000002e2
0000000000000f50fffffc2dfffffb8b
00000000000023800000038bfffff15f
0000000000001020fffffd90000006a3
0000000000001220ffffff78fffffb58
0000000000001320000001bf000009ae
0000000000001780000001fafffff7e2
0000000000000d80fffff927fffffe7c
0000000000000b100000110d000005d4
0000000000000b50000008c1000002ee
00000000000010a000000620fffffef7
0000000000001240fffffc4600001ac4
0000000000001500fffffcbafffffd7b
0000000000001f6000000149ffffee33
0000000000002e00fffff8d8ffffee6d
00000000000015000000047ffffffc21
0000000000000c40000009b4000011c8
000000000000230000000091ffffeb32
0000000000000cf0fffffe44fffffa40
0000000000002e00fffffda7fffff1e0
0000000000001200fffff96f000003ad
0000000000001c00fffffc73ffffe01c
0000000000000798000002b20000050d
0000000000000db0fffff6adfffff419
000000000000144000000524fffff2ed
00000000000017a0fffff94affffedbd
00000000000011c0fffffaf900000b07
00000000000019e0000009bdfffff249
00000000000000000000000000000000
00000000000018a000000a56fffffeb7
000000000000214000000109fffff737
0000000000001a40fffffcaffffff5ef
0000000000001fe0000003aafffff652
0000000000002000fffffbdcfffff130
0000000000000eb0fffff52efffffcb9
0000000000001760000000910000006b
000000000000128000000a7000000b33
0000000000000ee0fffffbd8fffffe74
0000000000000dd00000038400000679
00000000000018a0fffffea3fffff9f9
0000000000001b40ffffff0cfffff380
00000000000011a0ffffff35fffffced
00000000000013e0fffff568fffff5ed
0000000000000fd0ffffff7ffffff915
0000000000000ad0ffffff7d00000581
0000000000002080ffffff8700000c00
0000000000000d20fffffd1200000681
0000000000000ee0fffffc0900000629
0000000000000970fffffd40000007a4
0000000000001060fffff861fffffd16
0000000000000b40ffffffd0ffffff0c
0000000000000e1000000a7200000bb5
000000000000120000000a70fffff43b
0000000000001e8000000844fffff742
00000000000000000000000000000000
000000000000152000000913fffff473
0000000000001600fffffeea00000247
0000000000000be0fffffcae00000f88
00000000000014a0fffff32900000367
00000000000024800000030cfffffc5d
00000000000011a0fffff9d200000157
00000000000013a000000291fffff48f
00000000000009700000022200000757
0000000000001520ffffff3bfffff745
0000000000000b90fffffe2600000287
000000000000196000000372ffffff76
0000000000001120000003aafffffc78
00000000000012c0fffffd8efffff3c3
00000000000028000000000dfffffc5a
0000000000000f70fffffcb7fffff8ca
00000000000016e0fffffba100000ea0
0000000000000f60fffff8e0fffff7b4
00000000000000000000000000000000
0000000000001ee0fffffebdfffff9e1
000000000000009000000df700000ee8
0000000000001ea0fffffbcbffffed0b
00000000000015c00000016afffff2fb
00000000000012e0fffffe2e00000ec2
0000000000000c70fffffdf7000005c2
0000000000001d20000001a2fffff91d
0000000000001780ffffff98000007b4
0000000000000c90ffffff040000098c
0000000000000a10ffffffcbfffff6dd
0000000000001a40fffffe9500000191
0000000000001780000003acfffff942
0000000000000df00000072000000413
0000000000001d80000004acfffff9f1
0000000000000c500000001efffffc37
0000000000001f20fffffb59fffffb29
0000000000000768fffff76400000084
0000000000002f80fffffe9bfffff889
0000000000001a0000000368fffffce0
00000000000008d0000001450000010e
00000000000014e0fffffb2bfffffc29
0000000000002a40fffff93afffff464
00000000000010e00000034700000ad1
0000000000000e70000006cbfffff7ef
00000000000014e00000020efffff76a
00000000000000000000000000000000
0000000000000c80fffff89700000096
0000000000001600000002db00000140
000000000000074000000831ffffffa8
00000000000000000000000000000000
0000000000001f60000001d5000003e9
0000000000001660fffff99ffffff26f
0000000000001aa0000004bbfffff83f
0000000000000ff0fffffcba00000f7d
0000000000000d400000009700000f56
0000000000000940ffffff9a000008a4
0000000000001660fffffcc4fffffac1
00000000000012e0000000080000088f
00000000000018e0000003bb000001b9
0000000000000df0fffffc530000163b
0000000000001da0000006e2fffff3bc
00000000000012a000000365ffffeded
0000000000001660fffffbcafffff2a5
0000000000000ad0fffffbd0fffff93a
0000000000001600fffff51c0000047a
0000000000000b30fffff921fffffbc7
00000000000008b000000914fffffa87
0000000000000d90fffffdaafffffea7
00000000000027400000004afffff60f
0000000000001800fffff7cafffffa7a
00000000000014c00000080effffef75
00000000000010c000000910fffff8f7
0000000000000f800000038bfffff7d3
00000000000013c000000238000003b8
0000000000001560fffffdfd00000c25
00000000000017400000072100000584
0000000000001ac0fffffd2ffffff1f0
0000000000001960fffffb070000068f
00000000000017e0000007c0ffffec6e
0000000000001a00ffffff7afffff27c
0000000000001720fffffa8b000000cd
00000000000019800000079affffee60
0000000000000f20fffff97e000007da
0000000000001000fffffa52fffff164
0000000000001f4000000021ffffeff8
00000000000000000000000000000000
00000000000019c0fffffa8afffffe1c
0000000000001540fffff96400000454
0000000000001f60fffffdeafffffef3
0000000000001b80000000bf00001045
0000000000000f40fffffdfefffff58c
00000000000000000000000000000000
00000000000015c000000a310000030d
0000000000001e600000021afffff2b7
00000000000020c0ffffff1dfffff23e
0000000000000de0000004a0000008d7
0000000000001de0fffff90bfffffb86
0000000000001280fffffed2fffff699
0000000000001120fffff87efffffcaf
0000000000001b00fffffc52fffffe9d
00000000000013800000031cfffffd30
0000000000001d00ffffff78fffff9c4
0000000000003180fffffc5c00000434
00000000000000000000000000000000
0000000000001060000001ce00000270
0000000000000ea0000000ecfffff905
0000000000001d0000000174ffffe48b
00000000000008200000018e0000191a
0000000000001420ffffec03fffff0b6
0000000000001e20fffffd6cffffecd3
0000000000001300fffffdce00000e51
0000000000000bc00000084b000001c2
0000000000001640000003dc00000912
0000000000001f000000080300000675
000000000000228000000c5fffffe95f
0000000000001900fffffae300000664
00000000000000000000000000000000
0000000000001700fffff7f00000022d
0000000000002d00000003fefffff6a1
0000000000002200000001d6fffff889
0000000000001ac0fffff7edfffff70a
00000000000011800000006fffffeb79
00000000000014400000044efffff397
0000000000002dc0fffffaa9fffff412
000000000000204000000004fffff2cd
00000000000013e0000007b500000124
0000000000001d6000000324000000b1
0000000000000d20fffff717fffffd40
00000000000018e0fffffa62fffff842
00000000000017e0000000cdfffffd82
00000000000016c0000009820000026c
0000000000000f40fffffb0c00000338
0000000000001180fffffc9200000255
0000000000000d80000003e50000060e
00000000000014200000077afffffa9f
00000000000019a000000001fffff58f
0000000000001580fffffee000000031
0000000000001940fffffc86fffffc81
0000000000002340fffffebbfffffb15
000000000000138000000323fffffabf
00000000000019400000079f0000059e
00000000000009b00000006900000284
0000000000000da0fffffac400000344
00000000000021c0fffff9d4ffffe5ec
0000000000000d700000029ffffffd3a
0000000000001be000000488fffffe92
0000000000001a2000000b66fffff86c
00000000000000000000000000000000
0000000000000d7000000190000005da
00000000000018e0fffff89200000af6
0000000000001f8000000794ffffe956
0000000000000ad0fffff55f00000767
0000000000000950fffff693fffffc0f
00000000000015200000000d000005e4
00000000000012a0ffffff0afffff3be
0000000000002980000003e8000000f9
0000000000001dc0ffffff960000088e
00000000000012c0ffffffdafffffeaf
00000000000003d8000006c8fffff6fd
00000000000001700000016700002556
0000000000000ee0fffffd65fffffe84
0000000000000da0fffff92c00000518
00000000000031c0ffffff2bffffeecb
00000000000013800000046cfffff1fd
0000000000001160fffff89affffefe5
0000000000000e10fffffdf6fffffd07
0000000000001480fffff94600000a88
00000000000017e0000001c7ffffff7a
0000000000001f60fffffdfb00000b67
00000000000028c0fffffa59fffff99c
0000000000000cf0000005e200000afd
00000000000000000000000000000000
0000000000001060000002b6000001cd
0000000000000c70fffffd1bfffffc42
0000000000000a50fffffd79fffffad5
00000000000022400000004efffff3e5
0000000000000e0000000214fffffbe5
00000000000015a0fffffb7dfffff739
00000000000015c0fffffaea00000296
0000000000001200fffff9d60000082a
000000000000156000000381fffff2f5
000000000000182000000e51ffffed22
0000000000000fd000000218fffffd4b
0000000000000b00ffffeae300000287
0000000000001b000000007ffffffcad
0000000000001660fffff476fffffc1a
00000000000000000000000000000000
0000000000001320000001cffffff431
0000000000001140000002a4000001b4
0000000000000a20fffff63b000014da
0000000000001280000008c7fffff52b
0000000000001040fffffc4700000564
0000000000000bc000000212000005c3
0000000000001380ffffffc50000018b
00000000000028c0fffff515fffff927
0000000000000ce0000004280000052d
0000000000001a4000000479fffff0f4
0000000000001de0000001f900000990
0000000000000ef0fffffe6c00000de4
00000000000000000000000000000000
000000000000168000000035ffffffed
0000000000001b8000000a32ffffef3b
00000000000017e000000077fffffa69
000000000000240000000241fffffbea
0000000000001700fffffdec0000000d
0000000000000940fffffedf00000b0c
0000000000001560000002d10000074d
0000000000001ea000000605000002fa
0000000000001200000003cefffffbb1
0000000000001880fffffe14fffffe62
0000000000001120000003c300000564
00000000000015e0fffffd86ffffffa1
0000000000000bd0000007d500000f6f
00000000000013e0fffff939fffffd14
00000000000017a0fffffb35fffffc6d
0000000000000a900000010affffff84
0000000000000e30fffffe1700000aee
0000000000000b10fffffb8400000cc4
0000000000002980000008ff0000018b
0000000000000e80fffffb1afffffbbe
00000000000011e0000001fcfffffbeb
0000000000001320fffffe58fffff706
0000000000001b4000000a5efffffc44
0000000000000a100000034ffffffcb2
00000000000005f8000000ab0000082a
0000000000001aa000000e62fffff614
0000000000000b700000050c0000137d
00000000000007a0000004610000064d
0000000000001b00fffffd1afffff93c
00000000000015c0fffffee200000b4c
000000000000192000000850fffffa22
00000000000008900000026cfffff787
00000000000015c0fffff5b7000015e2
00000000000017c000000b23fffff241
00000000000015a00000061200000038
000000000000124000000f57000021ae
0000000000001fc0000004a2ffffee3b
0000000000001000fffffc38fffffd6f
00000000000018c0fffffd23000001fe
0000000000001e40ffffff0e0000003a
0000000000001da0ffffff1afffff5df
0000000000001d000000001f0000077d
0000000000001160fffffbc500000d50
0000000000001900000000acffffeea5
0000000000002040fffffefb000000f7
00000000000018a0fffffc2500000877
0000000000001e00000008c4fffff993
0000000000001360fffff3a6fffff2a1
00000000000009f00000034200000d97
0000000000002180ffffff95ffffe9ad
0000000000000cd0fffff82effffff9c
0000000000001c4000000050fffff031
0000000000001c00fffffd6500000516
000000000000ff86000002dc0000015b
00000000000000000000000000000000
00000000000015800000047cfffff2a0
0000000000000cd000000ac8fffffdbb
00000000000015c000000508fffff63a
0000000000001a40000009e0000006ed
0000000000000d9000000307000008fd
0000000000001ac0fffff87700000115
000000000000176000000685fffff1d4
00000000000012a0000005cbfffff8fa
00000000000011e0ffffffbd00000115
00000000000018c0fffffa20ffffef67
0000000000001920ffffff9efffff924
0000000000000f0000000562fffff32a
00000000000000000000000000000000
0000000000001280fffffd2efffff4d5
0000000000001840fffffdd10000135b
00000000000019c0fffffa82000005fd
0000000000001920fffffef0ffffe93c
0000000000001980000002ddfffffe08
000000000000218000000af00000104c
00000000000000000000000000000000
0000000000000800fffff8bf00000776
00000000000009a0fffff5bd00000547
00000000000000000000000000000000
00000000000000000000000000000000
0000000000000db0fffff76300000d70
0000000000000250000008f8000015ff
000000000000170000000419000001a8
0000000000001320000006b000000187
0000000000000f80fffffa2bffffed80
0000000000001040000006e3fffff9b8
0000000000002400fffffa0d00000020
00000000000008e000000bec00000a48
00000000000016a000000035fffff9ba
0000000000002700fffffdf2fffff656
0000000000001160fffffb6400000c3b
0000000000001100fffffe7b00000f07
00000000000025c0ffffffde000003a4
00000000000025c0ffffff9afffff65c
000000000000186000000318000000ac
00000000000012400000029bfffff9ff
0000000000001200fffffbb4000004c8
0000000000000f30ffffffe7fffffcfe
00000000000010a0fffffde80000084d
00000000000005e80000020400001607
0000000000001020fffffbd3fffff3fd
00000000000017800000011bfffffde2
0000000000000df0fffffb2affffee36
0000000000002980fffffa32ffffef18
0000000000000bd0000003d700000280
0000000000000ca000000a15fffffafa
000000000000158000000650fffffa2d
00000000000012e000000458000007bb
000000000000360000000a1effffe1c7
0000000000000e300000088fffffff67
0000000000001bc0fffffea8fffffa68
0000000000001e80fffffe06ffffef88
00000000000000000000000000000000
0000000000001a80fffff9b7fffffd2f
0000000000000ab0fffffa5400000556
0000000000000cc0ffffe89ffffff0b3
0000000000001a60000009f5fffff10c
00000000000020c0000003edfffffe53
0000000000001b000000006e00000ef8
00000000000014c0fffffe97fffff58d
0000000000001fe0000001ce00000bc4
0000000000001ba00000080c00000f75
00000000000010e0fffffc73fffff9e2
0000000000002a40fffff974ffffe43e
0000000000001be0000000b10000053d
0000000000001700fffffd6100000065
0000000000001200fffff9dcffffef4a
0000000000001f8000000194ffffee84
0000000000001220fffff416fffff4a6
0000000000000ff000000506fffffb3e
0000000000000e80000001b1fffffa75
0000000000001ae000000884fffff19a
0000000000000880fffffbbd00000b6c
00000000000014a0fffffdb3fffffe84
0000000000001340000003190000016f
0000000000000f8000000158fffffa30
0000000000001920000006360000019f
0000000000002240ffffff07ffffff3a
00000000000009a0000002ae0000050d
0000000000001d00fffffb47fffffe42
00000000000010e000000532fffffd6f
0000000000000a30000003a80000020e
0000000000000880000000e3000008a0
000000000000100000000402ffffffbf
00000000000017800000063dfffffdc7
0000000000000af0000000a0000001cd
0000000000001640000001d8000002a1
000000000000204000000217fffff73f
0000000000001fe0ffffffc2fffff2c7
000000000000089000000049fffffa95
0000000000001300fffff8d2fffffa18
00000000000009f0fffffe90000005e9
000000000000204000000bcffffffdb4
0000000000000d80ffffff25fffff6bb
0000000000001660000009b80000074a
00000000000000000000000000000000
00000000000014a0000000a0fffffbaa
000000000000194000000556ffffffbd
0000000000001880fffff335fffff6e0
0000000000002000ffffff40fffff83e
0000000000001f6000000b54fffff0da
0000000000000d60ffffe5ff00001292
000000000000025cfffffd9600000e87
0000000000001200fffffae1000001ff
00000000000007e8000002ab00001086
000000000000156000000335fffffe1e
0000000000000c80fffffbf100000c61
0000000000001660000007a5000002fe
00000000000006e0fffffe2c00000a91
0000000000001b60fffffbf100000686
0000000000001ac0fffffe39fffffb90
00000000000000000000000000000000
0000000000001ec00000011bffffe856
00000000000013e000000281000000f3
0000000000001840000005f8fffffe94
00000000000021c0fffffeccfffff4aa
0000000000001700000004c7fffff1ac
00000000000010600000024bfffffe4e
0000000000001c80fffffe69fffff2fb
0000000000001fa0fffffe63fffff338
0000000000001c40fffffcc9ffffffd8
00000000000018600000011effffed99
000000000000142000000047fffffbc9
0000000000001aa0fffffa86fffffa24
00000000000017000000027e00000956
0000000000000f70fffffe14fffff9c1
00000000000000000000000000000000
0000000000000d70ffffff33fffff3b8
0000000000002e00fffffb25ffffdfd4
0000000000002640000003f8ffffef48
000000000000ff94fffffc02ffffffa8
0000000000001100000001a70000103d
00000000000017c0ffffffb4fffff158
00000000000009800000084afffffc40
0000000000002300fffffbc2fffff44b
00000000000013e0fffffea1fffffdd4
0000000000001ac0000002cefffff5a0
0000000000000e00fffffee9fffffb6f
0000000000000c70fffffc78000001ef
00000000000000000000000000000000
0000000000001c40fffffadffffffeed
0000000000001200fffffa5c00000ca6
0000000000001960fffffe15ffffe9aa
000000000000138000000032000003ad
0000000000001ac00000087b00000210
0000000000000900fffff87d000008b4
00000000000010a0ffffffdefffffb51
0000000000001da0fffff75800000a83
0000000000002380fffffd6c00000029
0000000000000e70000002d5fffff8a9
00000000000000000000000000000000
00000000000012c0fffffe8dfffffbc8
0000000000002b80fffffdaffffff338
0000000000001680fffffdc3fffff957
0000000000002280fffffc4cfffff264
000000000000220000000587fffff322
00000000000006d0000007d8fffffc33
00000000000012e00000052600000930
0000000000001300000003bbfffffb44
0000000000002100ffffff41fffff5a9
00000000000015c000000286fffff56d
0000000000000eb00000093600000ec2
0000000000000748000019f8fffffb0b
00000000000015c0ffffff4d000004cf
0000000000001380fffffee2fffff46f
00000000000015a0fffffaddfffffa6c
0000000000000ce0fffffb7b00000459
0000000000001740fffffc9cfffffcfc
0000000000000d70000006f2fffffe8c
0000000000001580fffffb1400000147
0000000000001320fffffee0fffff39e
0000000000001de0ffffff6ffffff51e
0000000000000fe000000dfdfffff84e
0000000000001c200000014efffff495
0000000000002fc0000001c9ffffdff6
0000000000000e300000039d000006cb
0000000000001de0fffff853fffff096
0000000000000e20fffffeabfffffa63
0000000000001fa0fffffbbafffff777
00000000000000000000000000000000
0000000000000ee00000073700000282
0000000000001260fffffa0efffffe84
0000000000000d80000002f5fffff951
0000000000001b00fffffa60fffffa31
00000000000018e000000411ffffeda1
0000000000001b20fffffc6d000000ba
0000000000003040000005ddfffffc87
00000000000011a0000004e9fffffe65
0000000000001c6000000161fffffad5
00000000000017c0fffffb81fffffec9
000000000000ff590000335500003895
00000000000009400000033000000165
0000000000000b80fffff25f00000d76
000000000000230000000918ffffec18
0000000000000fb0ffffff9000000038
000000000000075000000f2f000000d1
0000000000001b00000006c600000492
0000000000002800fffff8fffffffe87
0000000000001c20000001be00000798
000000000000144000000500fffff65e
00000000000013a0000007c2fffffa3b
0000000000000c60000008d1ffffff7f
0000000000001280fffff521000001c3
0000000000001ca0fffffe09fffff7f1
0000000000001280fffff9f100000399
0000000000001a80000000d9ffffff27
0000000000003100fffff99dfffff0a1
00000000000015c0000002c9fffff7e4
0000000000001080000005e9fffff6b0
00000000000000000000000000000000
0000000000000fe000000695000004d8
0000000000001060fffffa4a0000035f
0000000000003400fffff993fffff1ff
0000000000000be00000023cfffffed8
000000000000148000000494fffff188
0000000000001960fffffaa200001326
0000000000000a70fffffe0a000007c8
0000000000000e6000000690fffff9e6
000000000000192000000281ffffe606
0000000000000d10fffffd25fffff8bc
00000000000009e0000002a800000ac4
0000000000000e50000002e8fffffae4
00000000000011e0000001a000000352
000000000000170000000af9000001c0
0000000000001a6000000089fffffa96
00000000000017c0fffffa8bfffffc63
0000000000001a60fffff979fffff845
0000000000001300000002dc00000628
0000000000001660fffff91dffffea92
0000000000000cc00000057d00000708
0000000000001700ffffff42000004cb
000000000000270000000360fffffa7d
0000000000000e30fffffa96fffffe7b
0000000000001e6000000a3ffffff8d2
0000000000000ba0fffff7d2000011dd
0000000000000ae0ffffff1effffff0d
00000000000012e0fffffe37fffffe42
0000000000001960fffffc91ffffffa4
0000000000000ae000000e8b000002d0
0000000000000830fffffff900000a07
00000000000013a0000002defffffaeb
00000000000011a0fffffde200000db4
00000000000000000000000000000000
0000000000001a200000027cffffee13
00000000000020c000000a78fffff18c
000000000000146000000af1fffff4c9
000000000000192000000754fffff65b
0000000000000de0ffffffa100000378
0000000000001240fffff994fffffe26
00000000000018200000010a00000493
00000000000000000000000000000000
0000000000001300000005b9fffffa39
0000000000000d20fffff52a000002ef
00000000000013200000033b0000093e
000000000000089000000757ffffff82
00000000000012c000000a8effffedca
00000000000017800000072f0000071b
0000000000000f30fffffeadfffff9d4
0000000000001ac00000049ffffff6e6
0000000000000ca0000005ea000012bf
0000000000002040ffffee9bffffee72
0000000000000c80fffffd3affffff6d
0000000000000c70fffffdf100000bf4
0000000000001340fffffd1700000321
0000000000001080fffffbed00000fe1
00000000000022c00000018bfffff924
0000000000002c00fffff238fffffced
0000000000001f20fffffa6c00001170
00000000000015600000021ffffffcee
0000000000001e8000000131fffff93f
0000000000000ee0fffffc120000087d
0000000000001aa0fffffb9afffffbab
00000000000013e0000004d8ffffe808
0000000000000db000000096fffffc83
0000000000000cf0fffffe8100000426
00000000000014c0000001bc0000122b
0000000000000970fffffb07000003da
000000000000176000000066fffff694
00000000000022c0fffffa47ffffface
0000000000000b30000005b6fffffabd
00000000000000000000000000000000
0000000000001b4000000019fffffcac
0000000000001fc0fffffb0f00000360
00000000000000000000000000000000
0000000000001720fffffd85000004d8
0000000000001120fffffb88fffffc48
0000000000001a80fffffcb10000140c
00000000000021c000000024000005f8
0000000000000e30fffffb31fffffdfc
0000000000000c50fffffbc0000003c1
0000000000000ca000000374fffffda8
0000000000000a20fffffd570000100f
0000000000002900fffffcadffffeed4
0000000000001d00fffffdadfffff92e
00000000000016c0fffffecf0000077f
0000000000002000fffff9d3fffffd4b
0000000000002cc0000006990000014f
0000000000000df000000858fffffeb3
0000000000000f00fffffcaefffffefc
0000000000001aa0000001e3ffffedcc
00000000000015e0ffffffa10000115f
0000000000001340fffffe62fffff5be
0000000000000af0000000c300000503
0000000000001100000000e6ffffe74b
00000000000019a00000019a00000234
0000000000000c300000067c000002bb
0000000000001480fffffbfcfffffca6
0000000000000c50fffff722000014bc
0000000000001cc0fffffd5b000008be
0000000000000820000007f000000566
0000000000000a70fffffd06000000c0
0000000000001300ffffffaffffff35b
00000000000017400000082c00000236
0000000000001660fffffc57fffff42c
00000000000014c000000958000000c5
00000000000000000000000000000000
00000000000011c0000002b1fffffa69
0000000000002440fffff41f000008a1
0000000000001180fffffee4000006ed
0000000000002640fffffe3afffff39e
00000000000022400000008fffffef8b
0000000000000d50fffffc72fffffc15
00000000000010e0fffffb0400000066
000000000000116000000762000002a7
00000000000017a0fffffd7500000394
0000000000001960fffffd97fffffe77
000000000000122000000c85000008de
0000000000000b30fffff49700000ae1
00000000000010a0fffff4bd00000419
0000000000000cb0fffffd32000005e0
0000000000001580ffffffcdfffff65b
0000000000000b4000000419000001f6
000000000000176000000bebfffff92c
0000000000002a00fffff458fffffc13
0000000000001660fffffc08fffff8a8
00000000000000e00000108bfffff8d9
0000000000001e20fffffec200000f23
0000000000000be0ffffffabffffffab
00000000000010400000033400000055
0000000000001d00fffffae1fffffe18
0000000000001c8000000174ffffffd3
00000000000024400000030effffeb0f
0000000000001a40fffffe07fffff620
0000000000001860fffffd3dfffff764
0000000000001340000008eb00000075
0000000000001600fffffeccfffff157
0000000000002480000005330000027f
0000000000001fc0fffffb03ffffed7d
0000000000001fa00000015efffff0f5
0000000000000d50fffff7ed000002d9
0000000000000ac0fffff4cd00000902
0000000000000a300000051700000612
00000000000018c0fffff9cdfffff1d4
0000000000000f60fffffec0fffff195
00000000000017e0fffffea5fffff706
0000000000001700fffffb8afffffd64
0000000000000f60fffff69900000f8e
0000000000001320000007b5000017d6
0000000000000f800000007cfffffbfb
0000000000001100ffffffe100000539
0000000000000cb00000017b000001ac
0000000000001140fffffe3fffffea13
0000000000001440000000b4000008b0
0000000000001680fffffe28ffffff01
0000000000000778fffffe2a000000f6
0000000000000a800000035b0000033a
0000000000001080fffffd96000002a6
0000000000001a4000000578fffffc1c
00000000000017c0fffffc4500001276
00000000000015c0fffff93fffffff77
00000000000032800000015ffffff334
0000000000000f00000001b500000104
0000000000002000fffff96bffffe9d4
00000000000014a00000003ffffff81a
00000000000009f0fffff9aefffffd5a
0000000000000ea0000004dffffff745
0000000000001160fffffcf6ffffff1b
0000000000001a00fffff9950000007b
0000000000001040000005e1fffffb78
0000000000000dd0fffff8be00000308
0000000000002040000005f6fffffdd3
0000000000001c200000057cfffff96a
00000000000010800000016500000114
00000000000015e0000006f7fffff84c
00000000000013200000086a00000b3e
00000000000018a00000055f000006b0
00000000000022400000037a0000028e
0000000000001ac0fffff5bdfffff240
00000000000015c0fffff821fffff8da
0000000000000c60000001e0000005c3
00000000000016000000042c00000779
000000000000010cfffffa0d000021ad
0000000000001aa0ffffffeefffff65a
0000000000002200fffffb2bfffff06f
000000000000228000000bd6fffff80d
0000000000000b00000003e8000002e9
0000000000002140fffffb03fffff530
0000000000001580fffffcf2fffffda1
000000000000194000000290fffff287
0000000000001460fffffd42000000f4
0000000000000f70fffff61a000011cb
0000000000001e00000002d4fffff169
00000000000018600000015600000418
00000000000005f0fffffa2d000006e3
00000000000018e000000a3bffffece3
00000000000018e0fffffebdfffffa37
0000000000001120fffffecdfffff9be
00000000000011c0fffffb4e000005fc
00000000000015c0000001b0fffff206
0000000000000b90fffffc63fffffd36
0000000000001180000001ae00000735
0000000000001140000004bafffff83b
0000000000001c00fffffd62fffff80a
0000000000001820000001acfffffbfc
0000000000001520fffff998fffff970
00000000000014e0fffffc9dffffef06
0000000000000d7000000898000012c6
00000000000016400000022affffeb2c
00000000000007e80000020200000c03
0000000000000d90000002bcfffffb37
0000000000002500000003e500000460
0000000000001fc00000066200000078
0000000000001020fffff5b1fffffe4f
00000000000012c00000012bfffff74e
0000000000001200ffffffb9fffff504
00000000000012c0fffffc93fffff7b3
0000000000001140fffffe760000063a
0000000000001520000003d9000008b0
000000000000018c00000c1b00001710
0000000000000a40fffffabb0000047d
0000000000001da000000365fffff351
0000000000002700000008dafffffebc
0000000000001520fffffb6a00000b03
00000000000014800000023400000ae8
0000000000001260fffffaf6ffffffb5
00000000000011800000035300001662
0000000000000dc00000007900000456
00000000000016400000049b000005a2
0000000000001280fffff3e3fffffec2
0000000000000bf0fffffc1e00000332
0000000000001d60fffffa7000000224
0000000000000e000000055600000233
0000000000001860000002e60000085d
00000000000020c000000974fffffb9f
0000000000000e80fffff9acfffffdeb
0000000000001840fffffaa6fffff2e2
0000000000001020ffffff20fffffeef
0000000000001560fffffc34fffffbf8
00000000000000000000000000000000
0000000000001c20fffffbb0fffff0ac
0000000000001ba0000003aa00000ea8
0000000000002840ffffff34fffff9ed
0000000000000d400000068200001331
00000000000018e000000267fffff909
0000000000001780000001d6ffffff64
0000000000000bd0fffff168000009f1
0000000000001ac00000033efffff074
0000000000001a00fffffb49fffff01d
0000000000001940fffffe94fffff799
0000000000001e2000000114fffff935
0000000000000ff0fffff44400000e66
0000000000000d100000016affffff6d
0000000000001980000005d30000050d
00000000000015a0000007080000016d
0000000000002700fffffc20fffffd3f
0000000000002c0000000200ffffe3ff
00000000000000000000000000000000
00000000000017400000049bfffff975
0000000000002000fffffe1000000626
0000000000002840000007aeffffef31
0000000000000f00000009820000035d
00000000000017c0fffffd10fffffee6
00000000000000000000000000000000
00000000000009e0000000f1fffffba2
00000000000000000000000000000000
00000000000015c0000005ccfffff811
0000000000000d1000000cf0ffffff3b
0000000000000ef0000002a000000c60
0000000000000dd00000064efffff50e
00000000000000000000000000000000
0000000000001620000007a8ffffeb58
0000000000000b60fffff7effffffeae
00000000000015e0000001f8fffff748
0000000000002ac0000001f7fffff6c3
0000000000000a30fffffe7f0000072b
0000000000000bf0fffffc160000062a
00000000000010600000002200000069
0000000000001a20fffffd14ffffe821
0000000000000db0fffffe210000034f
00000000000031c00000008ffffff632
0000000000000d90000009d6fffff7af
0000000000001080fffffd26000006d9
0000000000000b00fffffcbc00000811
0000000000001980fffffabefffffb6d
0000000000002140000002ab000001e9
00000000000017e000000547fffff0d9
00000000000017c0000000e7fffff611
00000000000020c00000041fffffef45
000000000000010e000006a8fffffa62
00000000000009900000130e00001696
0000000000003080fffffe50ffffe1a6
00000000000017a0ffffff25ffffe80b
0000000000000e70fffffd7cfffff85e
000000000000166000000d3d000018dc
0000000000000b40fffffa3000000187
00000000000010c0000001a0fffff850
0000000000001b60ffffff0efffff624
0000000000000ec0fffffffdfffff67c
00000000000000000000000000000000
00000000000017e0000002c800000123
0000000000000f90fffff981fffff0fc
00000000000009a0ffffff7c000005a8
00000000000012a0ffffffa7000005b3
0000000000001460fffffbdd00000797
0000000000000f10fffffef9fffff2c7
0000000000001060fffffe1b00000002
00000000000012c0fffff9b5fffff60b
00000000000011800000075b0000077a
00000000000019e00000068600000487
0000000000002a00fffffc06fffff25b
00000000000014e0fffff7d8fffffb65
0000000000001d40fffff90cfffff95c
0000000000001c40ffffff3b00000aef
0000000000001720fffff784fffffbba
00000000000000000000000000000000
00000000000014e000000072fffff8ff
0000000000000dc0000009fe000000b3
00000000000017c00000058cfffff835
00000000000000000000000000000000
000000000000172000000652fffffbb0
0000000000000f70fffff689fffffdf3
0000000000001a80ffffff45fffff525
0000000000001ea00000044200000080
0000000000000e20fffffcacfffffc7a
0000000000001800000000a800000550
0000000000000be0fffff85600000637
00000000000011e0fffffafe00000a00
000000000000156000000190fffffd7b
0000000000000cb0fffffb1f00001147
00000000000010a000000534fffff491
00000000000017e00000024300000343
0000000000000f30000000c3fffff8bc
00000000000012800000015cfffff8b0
0000000000001860000000dcfffffb60
00000000000011000000077e0000090a
00000000000017c0000007560000049a
00000000000001a400000a5300000e85
00000000000022c0000000f2fffff667
000000000000142000000428fffffff4
00000000000009500000074a00000180
0000000000001220ffffff280000031c
0000000000000a9000000391000008cc
0000000000000c80ffffedc500000ca0
0000000000001680000003d700000729
0000000000001760fffffec50000012c
00000000000011a0fffffc84fffff514
00000000000014c00000095bfffff49f
00000000000010200000070afffff73a
0000000000001260fffffb9cfffffa4b
0000000000001d80ffffff64fffff5a2
0000000000001be000000627fffff2fc
00000000000000000000000000000000
00000000000017e0000004cffffff71e
00000000000015c0fffffbce00000889
000000000000218000000577ffffefc3
0000000000000142000015c400001817
000000000000122000000040fffffb4e
0000000000000d00000003ac0000005b
0000000000001160fffffa8b00000276
00000000000020c0fffffcc5fffff044
0000000000001260000002ddfffffef9
0000000000001160ffffffe5fffffb26
0000000000000d80fffffbb400000025
0000000000000ee0fffffe14fffffe2a
0000000000002a800000010affffe8f3
0000000000002980000000c3fffffcfc
00000000000023c0fffffc4dfffff279
00000000000021400000008dffffe9c6
0000000000001880000001a1fffff141
0000000000000d00fffffdcffffffbd8
0000000000000a70000007fb000001ea
00000000000016800000007300000796
0000000000001680fffff80c00000742
0000000000000d80000000a700000dd6
0000000000001f80fffffdb9fffffedf
00000000000012200000061ffffffe10
0000000000001160fffff8db00000505
0000000000001c2000000b8d00000a21
0000000000000f800000079cfffffab2
000000000000258000000287000009ca
0000000000001020fffffc6f0000061f
0000000000002f400000020effffe19c
0000000000001320fffffdaefffffb7f
0000000000001300fffffac80000034d
0000000000001760fffff8a6000004c6
0000000000000cd0000002650000034a
00000000000018c0000003d2fffff703
0000000000002b4000000439fffff7df
0000000000000f10ffffffc7fffffb2e
0000000000001a60000005f300001061
0000000000001ae00000013ffffff369
0000000000000d80fffffff7fffffcf8
0000000000001020fffff157fffff6bb
0000000000000ff0000005abffffecc5
0000000000000ff0ffffff45fffffd3f
00000000000010800000037dfffffd2b
0000000000002500000003530000058f
0000000000001de0ffffffcffffff742
0000000000001300fffff601fffffba1
00000000000018c0fffffe600000019d
0000000000001440fffff91100000235
00000000000000000000000000000000
0000000000000ef0fffffe4ffffff17b
0000000000001ac00000014effffefe7
00000000000018a0000002a3000001b4
0000000000001d20fffffe79ffffe7dd
0000000000002d80fffffd41fffffc78
0000000000000a00fffffb45000011b5
00000000000019a0fffffbd7fffff0fc
0000000000002580fffffcadfffff0f1
00000000000000000000000000000000
0000000000000b30000003ba00000537
00000000000018c0fffffe8b00000c9f
0000000000000eb0fffffcfa00000a13
0000000000001ca0fffff83efffff535
0000000000001380fffff6a7ffffec0c
00000000000015e0fffff47800001199
0000000000001400000006cdfffffebe
00000000000021c0fffffca4fffff7cd
0000000000001e60000001f8fffffb5d
00000000000015a00000076afffffc7b
0000000000001080fffff419fffffaba
0000000000002240fffffe49ffffe943
0000000000000e90fffff61bfffffd6c
0000000000000810000003ea000002ed
00000000000014e0fffffe99fffff848
0000000000000ec0ffffffb00000122b
00000000000018c0fffff8020000018b
00000000000018c000000011fffff66d
0000000000001240fffff8a8fffff988
00000000000000000000000000000000
0000000000000960fffffcde000015af
000000000000099000000530000010bf
000000000000124000000573fffff4fe
0000000000001d400000054b0000024e
00000000000015c00000070d000014e7
000000000000108000000383fffffae8
0000000000001bc0fffff59a000004c8
0000000000001500ffffff10000002d4
0000000000000a70fffff0df0000144c
000000000000254000000816fffffd08
0000000000001880fffffaa1fffff770
000000000000070800000454000009c1
0000000000002200fffffe1cffffe7bc
00000000000000000000000000000000
00000000000018e00000003e0000036d
00000000000016a0fffffb1f00001048
00000000000000000000000000000000
00000000000014a000000dbbfffff385
0000000000000900fffff315fffff7f3
0000000000000094000008ef000016e2
0000000000000bf00000040f0000027c
000000000000152000000119fffff6a2
00000000000014e0fffff83fffffff44
0000000000001060fffff6d9000002cc
00000000000013c0fffffe1c000000b6
00000000000000000000000000000000
00000000000014000000054cfffff92a
0000000000000cb0fffffef4fffffe08
0000000000001680ffffff5afffffeae
00000000000010a000000376000008bf
00000000000000000000000000000000
0000000000002f80fffff9eafffff871
0000000000000bb0000001d7fffffec2
0000000000001660000002f1000003cf
0000000000000ee0000002abfffff4ce
0000000000002200fffffab3fffff555
0000000000000f5000000121000005c7
0000000000001ac0fffffbb7fffffc14
00000000000024c0fffff8dbffffff35
0000000000002600fffffaf00000041e
0000000000000830fffffea100000401
0000000000002140fffffa83ffffffec
00000000000015400000030cfffff553
0000000000002e00fffffc89fffffc06
0000000000001920fffff67c00000c6a
0000000000001a40fffff89ffffffa75
00000000000019e0fffffc6effffebab
0000000000001540fffffcc000001103
000000000000124000000010fffff97e
00000000000018200000028dfffff98b
000000000000035400000af000001433
0000000000001400fffffb2bfffff13a
0000000000001180000001520000051c
000000000000106000000152fffffa67
0000000000000e1000000337fffffd11
0000000000000f2000000c2a0000075c
0000000000001220fffff3f7ffffede8
0000000000001280ffffff9efffffda9
0000000000002200fffff88afffff0ed
0000000000001040fffffe5ffffff913
0000000000000f0000000247ffffffe5
00000000000023c0ffffff50fffff9f2
00000000000020c0ffffffc6fffff454
00000000000016c0fffffc3600000680
000000000000170000000219fffff582
0000000000001180000002c8fffff79f
0000000000001280000002f80000024d
00000000000013200000043e00000101
00000000000010e0fffff896fffff349
000000000000124000000238ffffff4e
0000000000001da000000544ffffed22
0000000000001ac0000004fa00000289
0000000000000f2000000258fffff701
0000000000001480ffffffeffffff673
0000000000001420fffffba2fffff29f
00000000000016a0ffffff9bfffff775
0000000000000eb0fffff815fffff400
0000000000001a6000000690ffffeb61
0000000000000ad0fffffb5200000d2b
0000000000000e00000006b300000263
00000000000017c0000004c5000004c5
0000000000000b40fffff4ab00000bb1
0000000000000f10fffff72cfffffaee
0000000000000bd0ffffffc7fffffb62
0000000000000de0000003ac0000033e
000000000000188000000492fffffc46
00000000000019c0fffffc18000001dc
00000000000015000000026afffff5ca
0000000000000e70fffffd9a000002e2
0000000000000830fffffc830000018e
00000000000011a000000306fffff232
0000000000001220fffffe3e00000760
0000000000001e40fffffc8dfffff46f
000000000000200000000682ffffe671
0000000000002980ffffffaeffffeeb6
00000000000010a0fffff9fc00000f6b
0000000000000b20fffff578000009a8
0000000000001cc0fffffbb4fffffe14
00000000000000000000000000000000
0000000000001100000008c5fffffaaf
0000000000001460fffff92900000088
0000000000000eb00000039300000be3
0000000000000eb0000001fe0000014e
00000000000000000000000000000000
0000000000001a600000054600000ade
0000000000000a80000004c0000009eb
00000000000025c0fffffe16ffffedae
00000000000011e0fffffa81fffff6aa
00000000000000b2fffff42000000026
000000000000148000000026000004b8
0000000000000d90fffffe14000007c2
00000000000016c0000001c2fffff9c7
00000000000009a0000002a9fffffe30
0000000000002180fffffd9ffffff02e
0000000000001820000001f7fffff873
000000000000124000000216ffffed13
0000000000000a10ffffff3a00000509
00000000000000000000000000000000
0000000000000d50fffff3d50000079c
0000000000001880fffffec9fffff2db
0000000000000f30ffffff570000054c
00000000000013c000000714ffffff28
00000000000000000000000000000000
00000000000016a0000002dcfffff17a
0000000000000e800000094600000c7d
0000000000000ee0fffffeb3fffff7f7
0000000000001400fffffaebfffffeda
0000000000000da000000110000005fe
000000000000198000000016fffff58a
00000000000035c0ffffff32ffffed71
0000000000002280000003a3fffff82b
0000000000001320fffffe6bfffff6c1
0000000000001a00000000bdfffff17a
00000000000010a0000008e800000076
00000000000016c00000000e000009ce
00000000000009600000000800000b6f
000000000000019000000fdaffffe64e
0000000000001e2000000351fffff530
00000000000013a0ffffff72fffff917
0000000000001680fffffa4dfffffb24
0000000000001e60fffffd72fffffb04
0000000000000f300000065dfffff860
0000000000001bc0000004d1ffffeace
0000000000001b600000003c000001fc
00000000000014a00000032cfffffedb
0000000000000a2000000534fffffda1
0000000000002040fffffda5fffff2e1
00000000000013a0fffffeb900001036
00000000000010e0fffffcedfffff6b6
00000000000013a000000212fffff02e
0000000000001540000001050000097b
0000000000000a9000000393000005bb
00000000000004b8000001e5000014c1
0000000000001560000005a00000041d
00000000000018c0fffffce7000001f0
00000000000012e00000038e00000090
0000000000001ca0000001c7ffffeb84
00000000000015c0000004b1fffff80b
0000000000003680fffffcd1ffffef89
0000000000000a10fffffef6000005d2
0000000000000a80fffffba90000086b
00000000000015e0ffffff30ffffeb3e
00000000000027c0ffffff7600000abc
00000000000012e0fffff9a5000002b4
0000000000001d00ffffff95ffffffa3
0000000000000ad0fffff904000006e4
0000000000000c50fffffa58fffffd33
000000000000174000000bca0000076c
00000000000013c000000576fffff3ec
0000000000000b00fffffcbf000001f4
00000000000008f0000006bb00000413
0000000000001200000003eefffff9d9
0000000000001c8000000250fffffb6c
0000000000000ae00000030e00000360
00000000000008b0fffff31900000908
0000000000001060fffff7f8fffff2cd
0000000000000a80ffffffe500000363
0000000000002940fffffc5efffff306
0000000000003340fffffd20fffff6a4
000000000000184000000041ffffee47
0000000000001400000001e4000005c6
0000000000000c60fffffa32000000f2
0000000000001ca0fffffb18fffff8ea
00000000000016c000000099fffffbeb
00000000000019a0000002a7fffff1fc
0000000000001b8000000251ffffeb26
0000000000001800fffff21500000321
0000000000000e60ffffedc4fffffe26
0000000000001a40fffffa1bfffff7a9
00000000000000000000000000000000
0000000000000d90000002e7ffffff1a
0000000000001bc00000041d0000014f
0000000000000b1000000263fffff88f
0000000000000e40fffff6c2fffffb50
00000000000007d00000011f000007c2
00000000000000000000000000000000
0000000000001d00fffffff9ffffee60
00000000000010800000148cfffffa4b
000000000000186000000151fffffede
0000000000001a0000000108fffff8ae
0000000000001c80000001e2ffffef9f
000000000000142000000528fffff2f1
0000000000001680fffffca9fffff73e
00000000000000000000000000000000
0000000000000e20fffffc87fffffe8f
0000000000001f80ffffff1cfffff647
00000000000007180000013f00000442
0000000000001720000001fafffff2b6
000000000000314000000051fffff17f
0000000000001660fffff77a0000027c
00000000000006d000000cc100000ec8
00000000000010e0fffff669fffff75a
0000000000000be0fffffee40000027e
0000000000001660000002ec00000780
0000000000000ec0000006b2fffff8b9
0000000000000ea0ffffff970000087e
0000000000001800ffffff2afffff312
0000000000001380000005f1fffffe0f
00000000000014e00000004000000051
0000000000000c20fffff823fffffffa
0000000000000900fffffbd40000041a
0000000000000900fffffddffffff937
000000000000110000000265fffff35a
0000000000000ba0000002720000021d
000000000000186000000627fffff6b1
0000000000001140fffffb45fffffcb8
0000000000001be0fffff5a5fffff03e
0000000000000e5000000110fffffaf9
0000000000000dc000000962fffffe01
0000000000002840ffffff77ffffeffb
0000000000000f5000000727fffffb17
00000000000017a000000aeffffff3d0
00000000000017c00000070d000004b1
00000000000012a00000038b00000c07
000000000000138000000410fffffc24
0000000000001140000007b000000202
0000000000000970fffffe440000080e
0000000000000eb00000043200000007
000000000000178000000005000007c3
00000000000023000000049cfffff115
0000000000000c80000005b2fffffdcc
00000000000011400000094e0000040d
00000000000010e0fffffad100000146
0000000000000c30000006bd000008c4
0000000000002a80fffffce7ffffee49
00000000000015e000000954fffff9c6
00000000000021c00000052efffff1f9
00000000000000000000000000000000
00000000000010c0ffffff9e00000364
0000000000001d00fffff8b400000cd7
0000000000000a900000016000000690
0000000000001120fffffb7200000f5c
0000000000001640ffffffb8fffffc4e
0000000000002400000004b200000d40
0000000000000c70fffff341000011bf
00000000000015e0fffffefc000001bb
00000000000015c00000001c00000405
0000000000001ec0000000a900000ac2
0000000000000b60fffffc27ffffff7b
0000000000000c10ffffee53fffffd16
0000000000000ae0000007ec00000992
0000000000000cd000000a780000080a
00000000000008900000017800000a40
000000000000106000000a7b000002d9
0000000000001320fffffc35fffffb61
0000000000001e40fffff826000005f4
0000000000001c0000000731fffff6a5
0000000000001d200000056fffffec83
00000000000000000000000000000000
00000000000008c0000003980000045f
00000000000016a0000003a5fffffd4d
00000000000036c0fffff8ea00000608
0000000000002480fffff65e000006e3
00000000000011c0fffffdab00000636
0000000000001440ffffffaefffff9d1
0000000000001600fffffe1efffff2e5
0000000000001f40fffffefefffffbff
0000000000000b90ffffff30000009bd
0000000000000d40000002eafffffcda
0000000000000c60fffffc03fffffbf4
00000000000018e00000023bfffff9b5
0000000000001460000002a9fffff84e
00000000000017c0ffffff91fffff07e
0000000000001a8000000591ffffecdf
0000000000003d40fffff96cffffea36
0000000000000ef0000005960000074d
0000000000001700fffff5eb000004e8
0000000000000c40fffff63efffffda5
0000000000002040ffffff44fffff926
0000000000002140fffffe1d00000e17
00000000000000000000000000000000
00000000000013800000009ffffffd2b
0000000000001140ffffffc2fffffa57
00000000000000000000000000000000
0000000000002e00000005d8fffff4a7
00000000000018800000028efffff692
00000000000016e0fffffa07fffffcca
0000000000000b300000013100000567
0000000000001b00fffffeb1fffffbc7
0000000000000f50000005ccfffffc31
0000000000001f0000000474fffff430
0000000000001280ffffffb2fffff5f3
000000000000182000000361fffff527
0000000000002800fffffe57fffffc92
0000000000000980fffffeb2000013c3
00000000000011e0000005a000000e30
0000000000000a300000010100000ae6
00000000000008700000025b00000c89
0000000000001860ffffffbe000001a0
00000000000013000000025cfffff8a2
00000000000010e00000031200000374
00000000000015c0fffffd2dffffe8f6
0000000000000e70000002c000000421
0000000000000d00fffff37a00000633
00000000000010a0000007e0000004f9
0000000000000e30fffffcac00000084
0000000000001a60fffffb42fffff1e6
00000000000000000000000000000000
0000000000001f2000000ffcfffff188
0000000000001140fffffe950000051a
00000000000009a0fffffe6cffffff9c
00000000000016e0fffffe1dfffff817
000000000000110000000ac0000000bc
00000000000009e0000003d00000030b
0000000000000cb00000054500000321
0000000000000ed00000006b0000025d
0000000000000c40ffffee44000013b7
0000000000000f40000002bf000002a8
0000000000001ec000000658ffffe6f0
0000000000001fa0000002f3fffff355
00000000000012000000000bfffffebe
00000000000016a0000002a300000094
0000000000000b1000000349000007e6
00000000000000000000000000000000
00000000000017e0000007c000000205
00000000000016a0000005a6000000b8
0000000000000db000000020000000f6
0000000000002440fffffeb0fffff727
00000000000002c0fffff31a000006c0
000000000000208000000366fffff5c3
0000000000001500fffffd410000006f
0000000000000d20fffffecdfffffcef
000000000000250000000255fffff8dd
0000000000001220fffffc3a000004a5
0000000000000a600000085c00000ffd
00000000000016a0ffffff0b00000b47
00000000000010c0fffffd0ffffff66b
000000000000120000000bd8fffffdb7
0000000000002940fffffbeafffff5da
0000000000000e800000046100000048
0000000000002b40000000ccfffffd59
00000000000019a0000000c7fffff2f7
0000000000000880000007ee0000098e
0000000000001ac00000005d00000cd2
00000000000000000000000000000000
00000000000000000000000000000000
0000000000001b20000003e5fffffa3e
00000000000015c0fffffffdfffff552
0000000000000e40ffffff4a0000055f
000000000000ca400000054bffffe43f
000000000000166000000a8bfffffd54
0000000000001f6000000029fffff637
00000000000016c0fffff7bc00001433
00000000000013e000000783fffffef3
0000000000000fd0fffffb170000022c
00000000000011a0fffff7a7ffffecf2
00000000000008a0ffffe9de00001337
0000000000000ae0ffffff2700000620
0000000000000ec000000c1800000321
00000000000012a0fffffe69fffffdb5
0000000000001980000005bafffff69a
00000000000011e0fffffa8a000001cb
0000000000001b60fffffe82fffff759
00000000000011a0fffffefa000000bf
0000000000000c7000000410fffff2e0
00000000000011a000000081fffffe46
00000000000010c0fffffd9900000c5b
0000000000002340000000a1ffffe982
00000000000015e0000002f6fffffaf1
0000000000001660fffff72000000c97
00000000000012800000072efffff688
00000000000012000000032efffffc21
0000000000000ec0fffffacafffffc38
0000000000002f0000000642ffffefb3
00000000000010a000000254000008e4
00000000000008b0000000e300000946
00000000000017e0fffffdf5fffff829
00000000000024400000064fffffed76
00000000000021c0000004900000018c
0000000000000c50fffffed7fffff941
000000000000134000000579fffff6e7
000000000000006affffeb1d000019bf
00000000000012a0fffffd1efffffe25
0000000000001c80fffffc0bfffffe7f
00000000000000000000000000000000
0000000000001340fffffcecfffff82d
00000000000010c000002327ffffe4f3
0000000000001f40fffffb05fffffd4b
0000000000000b30000002eafffffd18
0000000000001f00fffffa52fffff720
0000000000001640000001b9ffffff87
0000000000001680fffff7bdfffff868
0000000000001ee000000171fffff6eb
0000000000001460fffffb1a00000779
0000000000001300fffffa5ffffff5c3
00000000000011a000000029000010b1
0000000000001b6000000323000001f3
0000000000001bc000000158ffffe719
000000000000174000000ed900000eb2
00000000000010600000065a000008b3
00000000000011e0000002b1fffff683
00000000000000000000000000000000
0000000000001620fffffca9ffffea74
00000000000014a00000014300000072
0000000000001220fffffdcf0000012b
0000000000001ec0fffffb02ffffe843
0000000000000e70fffffebcffffffba
0000000000000df0fffff732000001df
0000000000001160fffff79500001203
0000000000000f40fffff945fffff99e
0000000000001100fffffbeffffff78f
00000000000015c0ffffffb8fffffd3f
0000000000003200fffff935fffff47c
0000000000000c90000002d80000033d
000000000000144000000240fffffc14
0000000000000ba000000784ffffff2b
000000000000278000000062fffff8a5
0000000000001520000005cfffffeac8
0000000000000e00fffffddcfffff503
0000000000002080000001d3ffffef36
0000000000002280fffffcfefffff57a
0000000000002980fffffc8400000516
00000000000016e00000030100000d81
0000000000001460fffffe41000010c1
00000000000023c0000000b8ffffef73
0000000000001980fffff8f7fffff684
0000000000001b00000005cafffff02f
0000000000001b200000011ffffff246
0000000000000ef00000098c000011b1
00000000000000000000000000000000
0000000000000f600000036f000007ca
0000000000000c6000000c0000000891
00000000000012c0fffffc2700000902
0000000000001e80fffffc2dfffff9dd
0000000000001660fffff3b90000046e
00000000000026c0fffff708ffffeedc
0000000000001420fffffd50fffffa69
000000000000100000000bac000002a3
00000000000010000000013500000697
0000000000001d00fffffca5fffffe73
00000000000014a000000a10fffffd79
0000000000001f400000059d00001399
00000000000006480000011600000456
0000000000000e9000000ad000000698
000000000000114000000327fffff9d5
0000000000000fd0000004effffffdba
0000000000000ab0fffffb86000005b7
0000000000001880fffffb98000008ee
0000000000000c400000088f00000209
000000000000142000000304fffff72b
0000000000001ae0fffffe5dffffedea
0000000000001180fffffe87000008f1
0000000000000e00fffffbaffffffad5
0000000000000c10fffffad700001893
0000000000001180ffffffb9fffff897
00000000000019c0fffffc86fffff772
0000000000000d10fffffdb1fffffb2a
00000000000000000000000000000000
000000000000118000000187fffff517
00000000000019c000000500fffffb90
00000000000015e0ffffff53fffff81c
00000000000013e0000002effffffed4
0000000000001160ffffff6d00000161
0000000000002100ffffffdcfffff53d
00000000000013c0fffff761000006cd
0000000000001780000002be0000064d
0000000000002340ffffffd40000044b
000000000000108000000313000000d4
0000000000000ef0fffffdb0fffffb21
0000000000001ea000000200ffffeac9
0000000000001260fffffdda0000040e
0000000000000c70000002d100000b18
0000000000001400000006bafffffc99
00000000000014a00000063a000004dd
0000000000001a40000007ae000004ef
000000000000140000000112fffffb8c
0000000000000d800000097dfffffb10
00000000000015a00000098e0000063e
00000000000000000000000000000000
00000000000011c0000004ed0000053d
00000000000024c0ffffff78fffffb5e
00000000000011c0fffff9960000067e
00000000000000000000000000000000
00000000000014c0000000bdfffff7ab
0000000000001800fffffc3bfffffaa5
000000000000198000000b5ffffffd0f
0000000000001c200000007000000c6d
00000000000000000000000000000000
00000000000010c0fffff7ac000006c3
0000000000001d60fffffcd5ffffeb7f
0000000000001480fffffcd2fffffe61
00000000000009b000000b5a00000378
000000000000102000000176fffff54d
0000000000000ee000000121fffffadd
000000000000156000000869ffffef5b
0000000000001440fffffa5e00000532
0000000000000ae0fffffdedfffff43a
0000000000000ee000000114fffff446
0000000000000ac0fffffcf00000068c
00000000000011c0fffff98400000711
00000000000012a0000002ca0000127c
0000000000000cc0fffff922fffffb28
00000000000000000000000000000000
0000000000001be0fffffea2fffffd7f
00000000000018a0fffffd1200000548
0000000000000cd0fffff46e0000079a
00000000000017a0fffffd4a00000eba
0000000000000fe00000048500000be2
0000000000000cf0000001db00000b52
0000000000000a600000054400000bc3
0000000000000b50fffff84500001470
00000000000013e000000263fffffd21
0000000000000d80fffffd45fffff98f
0000000000001780fffff88600000811
00000000000015c0fffffd4b0000005f
0000000000000f700000081cffffff83
00000000000013c0ffffff82fffff743
00000000000011800000014ffffff75a
0000000000001360fffffa31fffff939
00000000000000000000000000000000
0000000000001a000000070b000002b5
0000000000000ab0fffffbc60000065a
0000000000001400fffffd97ffffe048
0000000000000930fffff8d4000010be
0000000000001800fffffc52fffffbc6
0000000000002080fffffc55fffffd62
0000000000000e40fffff3e6ffffff1b
0000000000000f60fffffb8bfffffd8f
00000000000017c0fffffb50000000a8
00000000000011000000049e00000075
0000000000003200ffffffd3fffff9a7
0000000000003380fffff8dcffffee5c
00000000000012e0ffffff1000000406
00000000000010c0fffffd3500000117
000000000000098000000014ffffff99
0000000000001760fffff786fffff7cd
00000000000000000000000000000000
0000000000001740fffff9dafffffcf2
00000000000019c000000796fffff3f4
0000000000000960fffffbf30000052b
0000000000001b80fffff8b4fffffaef
00000000000019e0000006e7ffffdbdf
0000000000002c40fffffc6cfffffc9f
0000000000001d00fffffbfefffffb9c
0000000000000e90fffffd6b00000fb4
0000000000001f600000044cfffff989
00000000000006f8fffff7a3000002e7
00000000000007280000054500000583
0000000000000ac0ffffebdafffff2bd
00000000000013c0ffffff0affffffba
0000000000000a60fffffae70000028b
0000000000001ec0fffffc52fffff212
0000000000002280fffffac50000034c
00000000000018a0fffffe9900000221
0000000000001f000000002efffff166
0000000000000ba0fffffcec00000fa7
0000000000002f80fffffe07fffff759
0000000000002800fffffcecfffff342
0000000000001a40fffff8e40000009f
000000000000158000000173fffffef9
0000000000001820000001ddfffffbb3
0000000000001040000006bd000001cb
0000000000002840fffffd3ffffff232
00000000000020c0000005dd00000e0a
0000000000002140fffffba2ffffe99c
00000000000002280000032300001a09
0000000000001c00000005fefffff4d5
00000000000004b80000002e000001be
00000000000023c000000689ffffee7a
0000000000000e20000004a9000007db
0000000000001120fffffbc1fffffe8e
0000000000001500fffffc0600000879
00000000000020000000055bfffff901
00000000000019c0ffffff44ffffffbe
00000000000015e0ffffff0000000762
00000000000013e0fffffb9900000267
0000000000001620fffffef2000011cb
0000000000001dc0fffffda60000061f
00000000000013600000080400000dbd
0000000000002780ffffec3e00000c87
0000000000001880000006b40000129d
0000000000000b10fffff5ea0000125b
00000000000020c0fffffd67fffff9d3
0000000000001420ffffffd800000811
00000000000011a0000002f8000007b7
0000000000001f80fffff86100000d8b
00000000000020c0fffffc7ffffffa73
00000000000023c0000005e7fffffc23
00000000000021c0fffffcf2fffffc13
0000000000001b60fffff9690000150b
00000000000011e0fffff018000017d8
0000000000001300fffff838fffffc5d
00000000000000000000000000000000
0000000000000f60fffffba9fffffc2c
0000000000000e60000000ed00000a8c
0000000000000c5000000011fffffa44
0000000000001b4000000635fffffda3
000000000000104000000345000001cc
0000000000000b600000025b000008fa
000000000000104000000907fffffaa7
0000000000001de0fffffad500000056
000000000000106000000348000005f1
00000000000010c0fffffe1e00000119
0000000000001920fffff938fffff3bc
0000000000001b80ffffffec0000083f
0000000000001140000004480000033f
0000000000000a10fffffa54fffff5b8
00000000000013000000076e00000aab
0000000000002180fffff723fffff80b
0000000000001aa0ffffff24fffff04d
0000000000000ff0ffffff73fffff6ed
00000000000021c0000002aaffffefbe
00000000000000000000000000000000
0000000000001540000001b900000a5a
0000000000000e80fffffcf5000008a2
0000000000001900000001a9fffff6b2
0000000000000b80fffffd6300000c37
0000000000001ac0ffffff14fffff439
0000000000000e10fffffd4dfffffd65
0000000000000dc0ffffff40fffffd21
0000000000001a8000000212fffff7c5
000000000000188000000260000006f3
00000000000000000000000000000000
0000000000000dd00000041ffffffbf3
00000000000012a0fffffbcb00000f94
00000000000000000000000000000000
00000000000000000000000000000000
0000000000000d2000000206fffffdf4
0000000000000c7000000617000004a1
0000000000000cc0000003c400000374
0000000000001400000002740000045a
00000000000009e0000003b500000301
0000000000000af0fffff67c00000a84
0000000000000a60000001cf000004cd
00000000000010c0fffff676fffffe95
000000000000ff6efffffa0e000012c7
0000000000001360fffff948000015e3
00000000000000000000000000000000
0000000000000eb000000f0200000c4c
0000000000000ee0fffffc1800000788
0000000000000fb0000004c3fffffef2
0000000000001220ffffff45fffffb64
0000000000000b70fffffb4e00000d68
000000000000188000000293000002f1
0000000000001e60000006a8ffffeb0a
0000000000000de0fffffe33fffffe5e
0000000000001a20fffffd3affffea8e
00000000000016a000000767fffff950
00000000000000000000000000000000
0000000000001200fffffdecfffffb23
0000000000002b80fffffeb6ffffeee6
00000000000008700000075f00000658
0000000000001de000000266ffffe448
0000000000001b60fffff8e3fffff475
00000000000023c0000000b6fffff531
000000000000184000000393ffffef23
0000000000001780ffffffaefffffe91
0000000000000f60000009c700000477
0000000000001fc0fffff7d4fffff74f
0000000000001fe0fffffae3fffff3b6
0000000000000f800000053c0000086c
0000000000000c6000000e1500000467
0000000000000ee0fffff3cd00000de9
00000000000013c00000010d000000e9
00000000000008a0ffffea12000001c3
000000000000144000000528fffffacb
00000000000013c0fffffcf9ffffff4c
000000000000354000000938ffffecb1
0000000000000e200000034afffffaa2
0000000000001800fffffe2dffffef6c
0000000000000b80fffffe17000014af
0000000000001540000001b6ffffffbb
000000000000104000000a6500001166
00000000000021c0fffffcb900000835
0000000000001940fffffeeafffff7c7
0000000000000b90fffffeb700000956
0000000000001d80ffffff70fffff2a9
000000000000134000000661fffffecb
0000000000001120ffffe17ffffff9e8
00000000000016a0fffffd0bfffff224
0000000000001540fffffd1d0000079d
00000000000009800000093cfffffead
0000000000000a000000078b000002c0
0000000000000bc0fffffbf400000af0
00000000000015a000000078fffff843
0000000000001e20fffffc2effffea3c
0000000000001860fffffd68fffff8f5
00000000000019400000064dfffffae2
0000000000000bc0fffff887fffffcb6
0000000000000d00fffff07f00000b2b
00000000000000000000000000000000
0000000000001100ffffe5edfffff176
00000000000018a0fffffcc8ffffff81
00000000000027c0fffffb8500000e28
00000000000010a0fffffedffffffeac
0000000000000e40fffffd19000003ff
0000000000000fe00000050f000006e8
0000000000000e60000009eafffff069
0000000000001160000002f6fffff5cc
0000000000001300fffffd3dfffffe2c
0000000000000b00fffff5ec00000150
0000000000001f2000000756ffffff87
000000000000290000000a94ffffe53e
0000000000001b2000000555000004af
0000000000001420000001f1fffffc7c
000000000000238000000426ffffffde
00000000000018c0fffffca30000004a
0000000000000e60fffffadfffffffb4
0000000000000d20fffffc44fffffcd3
00000000000000000000000000000000
0000000000002040000001c1ffffeb39
0000000000000d60000000910000043b
00000000000013a0000004befffff730
00000000000015a0fffffef000000676
000000000000027cfffffd9000000c6c
00000000000000000000000000000000
0000000000001bc0fffff36efffff60c
0000000000001200fffffcfe00000d06
0000000000001680ffffffe50000078b
0000000000001600fffffef4fffffccb
0000000000001c400000061bfffff97f
0000000000000f40000000ef00000524
00000000000009c0ffffffbdffffffeb
00000000000018200000035600000f06
00000000000038000000021dffffeb6c
0000000000001240fffffad800000180
0000000000001e800000017effffeff1
0000000000002700000002ef00000045
00000000000017e0fffffd66fffffce3
0000000000001320fffffbd3000000cf
0000000000000e20ffffff35fffffb9e
0000000000001140fffff8f9fffffa9f
0000000000001760ffffff91fffffcb4
00000000000000000000000000000000
0000000000001b60fffffde1fffff230
0000000000000f60fffffb2ffffffe04
00000000000016c00000018dfffffd2f
00000000000012a0fffffebcfffff729
0000000000001160fffffe9cfffff805
0000000000001560ffffff20ffffff62
00000000000016c000000bb800001872
00000000000017c0fffffddefffffe16
0000000000000b40000001b8000000f8
00000000000000000000000000000000
00000000000015c0fffffc2c000000d8
00000000000012000000048a00000822
0000000000000b200000041e000008d3
0000000000000fd0fffff07cfffffe61
00000000000000000000000000000000
0000000000001120fffffe40fffffce5
0000000000001620fffffe1affffe9f0
0000000000002080000003ecfffff0a7
000000000000220000000374fffff86e
0000000000000d8000000dff0000049a
000000000000138000000522fffff6ee
0000000000001560000007c3fffff79c
0000000000000c50fffff738fffffb50
0000000000001da0000003680000083d
00000000000009c00000020f000009dd
0000000000000b700000098e000004d5
00000000000017800000000b00000150
0000000000000d70fffffc080000087d
0000000000000e20000005f800000394
000000000000210000000d570000199c
000000000000073800000268000013f0
0000000000000aa0fffffc3a00000724
0000000000004480ffffe505ffffdeda
00000000000009e0fffff40b0000011b
00000000000014a00000050800000305
0000000000001de0000007c4fffffa05
00000000000000000000000000000000
0000000000001080000007b9000006ab
0000000000002200fffff77e0000017d
0000000000001560fffffee100000a36
00000000000016e0fffffce4fffff659
00000000000000000000000000000000
00000000000010400000027dfffffd93
0000000000000f30000000c3fffffeaa
00000000000011c00000013200000a18
0000000000001cc000000353fffffebc
00000000000008900000059cfffffedb
0000000000001700fffffcecfffffee3
00000000000010a0fffffc6dfffffa25
0000000000000fd000000340fffff536
0000000000000d60000004cc000003ea
0000000000001580fffffe8a0000094f
0000000000001720fffffe77fffffb6d
00000000000000000000000000000000
0000000000000d900000088a0000091d
0000000000000e70fffff89dffffff30
0000000000001260fffff7a100000507
0000000000001460fffffda8fffff8ed
0000000000001880000003dd00000104
0000000000001460ffffff49fffffbd0
0000000000000cd0fffff86a000002ef
0000000000001ba0fffffe38fffff1d8
00000000000014a0000005b7000004d6
00000000000009800000023800000c6a
0000000000001600fffffeb1fffff98e
0000000000001480000007d9fffff6cc
00000000000017c00000000affffed1a
0000000000001080ffffff0efffff907
0000000000001d20fffff8c3fffff913
00000000000011c00000030efffff876
000000000000164000000288fffffda8
0000000000001e40ffffffb6fffff1e2
0000000000001b2000000d6cfffffd62
000000000000188000000abf0000096c
00000000000015a00000044cfffff879
0000000000001000fffffaf9fffffb14
0000000000001500000007a2000001e2
0000000000001ba00000002efffff850
0000000000001040fffff940000002fb
0000000000000f10fffffd85000000b6
0000000000002300fffffe29ffffefb4
0000000000000089000008cc00000fa3
0000000000001220fffff81ffffff5bf
0000000000001380fffffa28ffffef5a
0000000000001140ffffff34fffffd6a
0000000000001120fffffe4e00000dc4
0000000000002440fffffb5ffffff061
00000000000010a00000055e000012d7
00000000000018a0ffffff71fffffc00
0000000000001020fffffe93fffff5c9
0000000000000b40000000ff00000651
0000000000001400fffff81200000986
000000000000122000000216000003d9
00000000000013c0fffffbe900000c92
00000000000018e0fffffcb7ffffeb00
0000000000001d40000000bf00000eab
0000000000000b60000014ee000013f1
000000000000208000000060ffffe6d4
00000000000014e0fffffe1000000487
0000000000000e3000000235000002bf
0000000000001880fffffd21fffffcbd
0000000000001f00000003d1ffffff92
00000000000009a0ffffff10000006bc
0000000000002800000001f5fffff2a2
0000000000000a50fffffb1500000f4e
0000000000001080ffffff12ffffff76
00000000000019c0fffffad1fffffbe9
0000000000000e20fffff75a00000f65
0000000000000bb0fffffb5700000ac3
0000000000000f00000002a8fffff318
00000000000015c0fffff83b00000fea
00000000000013c0fffffe58fffffc24
0000000000000e60fffffa9d0000016a
0000000000000e40fffff4a200000452
0000000000001060fffffb43fffff114
00000000000013e0fffff302fffffcd2
0000000000000cc0ffffea19fffff2c2
0000000000000c10000000b7fffffc8f
0000000000001360fffffd10000004a3
0000000000001120fffffb9ffffffeb3
00000000000012e0000002fcfffffe25
0000000000001580000002a80000063d
00000000000010a000000ad0fffff39f
0000000000000e00fffffa89fffffa59
0000000000000d60fffffe0400001161
00000000000018400000049e00000b44
000000000000172000000d74fffff0f0
000000000000354000000c47fffff25e
0000000000002140fffffe6ffffff461
0000000000000c70fffffd2700000ea9
0000000000000e90fffffff4fffffed6
00000000000010c0fffff8b8fffffd56
00000000000023c0fffffe660000063d
0000000000000fe0000006a4fffffc47
00000000000000000000000000000000
0000000000001320fffffca400000a6f
0000000000000e20fffffd68000003a2
0000000000000fa0000004a1fffffc08
0000000000000f00fffffa5200000461
00000000000013a0ffffff08fffffad9
0000000000003340000004b1ffffedbc
00000000000022400000044cffffeb66
0000000000003280fffffd82fffffa67
0000000000000ed0fffffbf500000c8e
000000000000210000000069fffffd8a
000000000000158000000009ffffff2f
00000000000000000000000000000000
0000000000002b0000000186fffff84f
00000000000008e0000003410000016c
0000000000002040000006ef00000607
00000000000014a0fffff92400000115
0000000000001ec0fffffd61fffff8a0
00000000000017400000020b00000e55
0000000000000cc0fffffb49000001e8
0000000000001340fffff91400000d0c
0000000000001000fffffa7d000009d3
0000000000000a90000006b300000052
00000000000014e00000020afffffbab
0000000000001280fffff7c400000008
0000000000000c000000095ffffffab5
00000000000011400000010800000128
00000000000016e0ffffffc80000060d
00000000000016a000000950fffff0cf
0000000000002300000000d100000090
000000000000196000000058fffffae9
0000000000001420fffff76f00000f99
0000000000001cc0fffffb7000000484
00000000000008000000031f000001a6
00000000000014e0fffffba1000004f4
0000000000002100fffffe6a00000838
0000000000000920000001930000041a
0000000000001c600000029300000826
00000000000012a0fffff90effffe9a5
0000000000002580ffffff4cfffffc4a
0000000000000e6000000143fffffb9d
000000000000230000000081fffffa70
0000000000001ca0fffffcc100000375
0000000000001c0000000be8fffff5de
0000000000003640fffffad8ffffe657
00000000000016600000006efffffe26
00000000000014000000016000000085
00000000000000000000000000000000
0000000000000f7000000744000002a2
0000000000001540ffffff40fffff048
0000000000001380fffff9bc000004b8
000000000000148000000069fffff505
0000000000000d60fffff5b900001569
00000000000021000000001bfffffb32
0000000000002600fffffbbcffffe85e
000000000000138000000239fffff495
0000000000000d20fffff7c1000003d7
0000000000000a50000000f300000f1c
00000000000007b0000005b100000753
00000000000000000000000000000000
0000000000000f5000000b58fffff2e1
00000000000018c0ffffffcd0000026d
00000000000024800000014500000271
0000000000001180ffffff6ffffff771
0000000000002040fffff706fffff1a4
00000000000016a0fffff58c00000174
0000000000001480000008d1fffffa59
0000000000002300000009230000002e
00000000000000000000000000000000
0000000000001c40000002e6ffffff64
00000000000012e000000324fffff923
0000000000001540fffffe3000000dfa
0000000000000f30000000f800000231
0000000000000ef0fffff6ad00000791
0000000000001c6000000a10000003a8
0000000000002240ffffffc90000037b
0000000000001d6000000670ffffeb00
00000000000018c0fffffd33000002ed
0000000000000ef0ffffef3e00000678
0000000000000810fffff541fffff590
0000000000001260000000e9ffffffaf
0000000000001440ffffff7b00000adb
0000000000002480fffffa8afffffc51
0000000000001500fffffc64fffffc10
000000000000122000000090fffff7d6
00000000000000000000000000000000
00000000000011e0fffffbe700000317
0000000000001480000002c7fffff5e1
0000000000000920ffffffd0fffff618
000000000000196000000538fffff0fc
00000000000012000000011dfffffd81
0000000000001120fffffdb5ffffffd2
0000000000001440000006da0000087b
0000000000000ef0fffffd08fffff544
0000000000001fe0ffffff4cfffff8be
00000000000000000000000000000000
00000000000000000000000000000000
000000000000ffe8000044f500004656
0000000000001280ffffff2ffffff40a
0000000000000d6000000575000005e8
00000000000009e0fffff0bc000019cf
0000000000000ac00000084dfffffba7
0000000000000990fffff18200001244
00000000000015a000000128fffffc4f
000000000000214000000281ffffea1d
00000000000011000000012000000807
0000000000000910fffffdaafffffd3f
0000000000000f30fffff5cafffff8a5
0000000000002140000003c4fffffe3b
0000000000001c60ffffe96000000512
0000000000000e200000029bfffff99c
0000000000000e100000071ffffffae5
00000000000012a0fffff838fffffeb2
0000000000001920fffffe88ffffef72
00000000000013800000058300000a86
0000000000002280000001ea00000dac
00000000000019e000000181ffffea89
0000000000002980fffffd44fffff208
00000000000034c0fffffc32ffffe501
0000000000001000fffff22600000846
00000000000009d0000004af0000052a
0000000000001c80fffffebefffff2e8
0000000000001740fffffcacfffffb79
0000000000001720000004b4fffff04e
0000000000001a20ffffff96fffff113
0000000000000aa00000018b000007da
0000000000001540fffffd3a000000ee
0000000000000b500000011800000a8e
000000000000084000000298000007d1
0000000000001b6000000101fffff1b9
00000000000000000000000000000000
0000000000000122ffffeb2300000e16
0000000000001d80000001a5fffffe71
0000000000001de0fffffc2afffffc59
00000000000010c000000548000005ba
00000000000000000000000000000000
0000000000002240fffffd04fffff01c
0000000000000ec000000239fffffdad
000000000000178000000b0b000003ce
0000000000001e400000044afffffec5
00000000000000000000000000000000
00000000000027c0000002a1fffffdc7
0000000000001060fffffd1afffffd66
00000000000016e00000024b00000ab3
0000000000002140fffff953fffffa22
00000000000012200000056cfffff5ad
0000000000001e40fffff8ccfffffce5
00000000000014c000000870ffffff83
0000000000000a80fffff9c5ffffff7e
0000000000000a80fffffd04000008e7
00000000000018200000035f000003c9
0000000000000b700000147effffff4e
0000000000001440fffffc2400001722
0000000000000d900000087a00000607
0000000000002300fffffa7ffffff382
0000000000001ba0000002f5fffff19f
0000000000001220fffff82efffff1fc
0000000000000a00fffff6bf00000c2b
0000000000000f30fffffc800000059b
0000000000001f80fffffefdfffffac4
00000000000013e000000198000006a5
0000000000001440000000bafffff9ff
00000000000017a0ffffffb000000828
0000000000001140fffffdd9fffffca5
0000000000001b80000008d6fffff060
00000000000000000000000000000000
00000000000012e0fffffb2afffff0e7
000000000000156000000087ffffffa9
00000000000012a0000001df000006c2
0000000000000b80000003f9fffff936
0000000000001600000000a5fffff7a7
00000000000008f0fffffbb4fffff921
00000000000011800000011200000141
0000000000000ce0000001b4fffffa08
0000000000000748fffffb22fffffab8
0000000000001160fffffab0fffff5f1
00000000000000000000000000000000
0000000000001220fffff8e00000082c
0000000000000e60000001effffffd6c
0000000000000e30000000b100000677
0000000000000104000004e10000160e
0000000000001b0000000e18fffffe7e
0000000000000d80000000dc0000071b
0000000000002680fffffbc7fffff60e
0000000000000d70000006d900000889
0000000000001fc00000069600000411
0000000000001200fffffb7200000af8
00000000000015e0ffffffe5fffffbc7
0000000000001920fffff076fffffa21
0000000000000c20000000cf000001af
00000000000013c0fffff9a300000aef
0000000000001880000002ebffffefb6
0000000000000a90fffff8c80000012a
00000000000009a0fffffff4000002b5
0000000000001e80ffffffc4fffff0a8
00000000000023c000000a9300001477
000000000000172000000214000001ff
00000000000015400000027200001899
000000000000004400002ad700002e80
00000000000006b00000170a000000c0
0000000000000a80fffffef3000004da
0000000000004900fffffae100000556
0000000000001800000001dcffffebd5
0000000000001b00ffffff15ffffee69
0000000000001460ffffff4e00001379
0000000000001560ffffffa200000db1
0000000000001b20fffffaa6000002e8
0000000000002a4000000237fffff33e
00000000000011a0ffffff910000021c
0000000000001bc0fffffa4bfffffd4d
0000000000000b20fffff748000005f3
0000000000001340fffffe1400000654
0000000000001020fffffa0dfffff4c6
0000000000001b60000005b8ffffea05
000000000000156000000372fffffcb7
00000000000000000000000000000000
0000000000000091fffffcd900000679
0000000000001040ffffff65ffffffb7
0000000000001600fffffa65ffffe9f6
0000000000001ae0000003d3fffff6f5
00000000000015c0fffff81dffffea1b
0000000000000ee0000000d900000337
0000000000001f400000038efffff51b
0000000000001780fffffff7ffffefa5
00000000000014e0000002e60000009b
0000000000000d50fffffd91fffffac3
0000000000001600000004480000007a
00000000000000000000000000000000
00000000000011600000011f00000891
00000000000031c0fffff9bdffffe874
00000000000017000000046ffffff661
0000000000000ef0fffffff500000693
0000000000001a60fffff8a8fffff915
0000000000000bd0000005fd00000301
0000000000001200000000d4000000d4
0000000000000f2000001340fffff795
0000000000000b20fffffa3c00000102
00000000000018e00000032400000380
00000000000018a0fffffd56000000ad
0000000000001520fffffb0900000171
000000000000158000000512fffffa95
0000000000000af00000003c000005a8
0000000000001d60fffff7d2fffffc68
0000000000001f80000000d3fffff7e8
0000000000000d900000031bfffffc15
0000000000001240ffffffcafffffb6a
0000000000000a9000000260000005cf
00000000000015c0fffff77f000001d0
0000000000001340fffffe9700000476
0000000000001100000005c7fffff579
0000000000001ba0fffff6a9ffffff2b
00000000000011a0ffffff1900000b7b
0000000000001400fffffcc800000d60
0000000000001d000000058100000938
00000000000015a000000d09fffffc86
0000000000001aa0000007b0ffffeceb
0000000000000c00000003c9fffffe32
00000000000009c0000000af0000024d
0000000000000a3000000398fffffeb3
0000000000002a00ffffff1dffffe554
0000000000000920000004fa0000023c
00000000000013a0fffffe12fffff7ad
0000000000001c6000000182fffffc7d
00000000000014400000005afffff356
0000000000000bf0fffffcc00000057b
0000000000000770000005db00000b91
00000000000000000000000000000000
0000000000000980ffffff510000060d
00000000000018c0000002effffff38d
0000000000001200fffffaa700000c64
0000000000001d60fffffcb5fffff1f0
00000000000012e000000020fffffb6d
0000000000001920000007e5ffffefb5
0000000000000f1000000a0300001992
0000000000001d00000004fefffff901
000000000000234000000103ffffec99
00000000000010400000019800000589
0000000000001a00fffffda2fffff24d
0000000000001d20000004f400000b6b
0000000000001a8000000a0200000c2a
00000000000000000000000000000000
00000000000014c00000069000000bd1
00000000000011a0fffff74a000006b0
00000000000016a000000493ffffee76
0000000000001920000001460000012a
0000000000001140000002b4fffff222
000000000000126000000b37000004d8
00000000000012e0fffff626ffffecc8
0000000000001560ffffffba000003b5
0000000000002700fffffecd000002da
0000000000002cc0000006c6fffff856
00000000000000000000000000000000
0000000000001060000003eafffff4d8
0000000000000df0000000c4fffffb2e
0000000000001480000001effffff903
0000000000003500fffffed4ffffe7c0
00000000000011c0000002080000065c
0000000000000cf000000b4200000a3b
0000000000002480fffffef9000005ae
0000000000001380000007a5fffffab2
00000000000010600000021e00000902
0000000000000ec0fffff7caffffea35
0000000000000da000000748fffffd6f
000000000000083000000310fffffcbd
0000000000002440fffffbe0fffff4f2
00000000000009d0fffffa6d00000bfe
0000000000001a40fffffb8afffff51a
0000000000001380000007f5fffffaee
0000000000001d20fffff89fffffe3cd
0000000000001060fffff924fffffaa7
0000000000000094fffff44c00000976
00000000000020800000073affffedba
0000000000000d20fffffef8fffff85f
000000000000132000000b97000009cc
0000000000001a00fffffd14fffffe75
0000000000000e200000043bfffffc2a
0000000000000c00fffff5c300000153
0000000000002f00fffff90ffffffa58
000000000000210000000a61fffff541
0000000000001240fffffe9bfffff7af
0000000000001f4000000484fffff82c
0000000000001020fffff9fbfffffe25
00000000000000000000000000000000
00000000000008f0fffffdfd00000678
00000000000000000000000000000000
0000000000002100fffffdc0ffffeba4
0000000000001240fffffac4fffffef3
0000000000002540000004b600000459
00000000000009a0fffffd02fffffdb9
000000000000150000000133fffff98b
0000000000000f00fffffaf8fffff5c9
0000000000001960ffffffa4fffff5d1
0000000000003040fffff5b5fffffa1c
0000000000001da0ffffff09fffffc7b
000000000000ff5200000a060000137b
0000000000001ce0000007fafffff97a
0000000000001440ffffff91fffffab4
00000000000015c0ffffffb3fffffb9a
0000000000002bc0fffffbfcffffe8a0
0000000000001ae000000d60fffffbee
0000000000001660000002e6000003c3
000000000000174000000419fffff393
0000000000002380fffff75efffffb21
0000000000000c30fffffea6000000a9
00000000000009c0fffffacb0000092f
0000000000000950fffff8d1000000e3
00000000000014c0fffffb0b000000e6
0000000000001320000006a1fffffb1d
0000000000000c20fffff3bb00000d06
0000000000000cd0000003dd00000134
00000000000016c0fffff2e400000931
00000000000019a000000495000009f2
000000000000320000000240fffff1c8
0000000000001cc0fffff768ffffed92
00000000000014e00000025b000005f3
0000000000001640fffffc920000049a
0000000000000d90fffffa95fffffee9
00000000000005f0fffffc7800001191
0000000000001f20ffffff06fffff1ee
0000000000000fc0fffffdc5fffffa18
0000000000000d9000000762fffffe50
0000000000001680fffffeb000000c8e
0000000000001e40fffffbecffffe658
0000000000001cc0fffffe1cffffe81d
0000000000001fc0000000b3fffff0ce
00000000000010600000022b000001ca
0000000000002080fffffb3dffffe768
00000000000000000000000000000000
0000000000001520fffffa1ffffff9c5
00000000000000000000000000000000
000000000000011400000adeffffff65
00000000000008f000000118000000bb
0000000000001580fffffe1dffffec11
0000000000000c70000000fa000002cf
00000000000011a000000664fffffa73
00000000000009700000010cffffff0f
0000000000001780fffffc910000001b
0000000000001180fffff3d6000011a7
000000000000098000000014000005ae
000000000000108000000e3800000eee
0000000000000ab0fffffc1cfffffbc8
00000000000000000000000000000000
0000000000000ef00000029e00000488
00000000000009a0fffffa1a000002a5
0000000000001360000004b10000024e
0000000000000fa0fffffc0cfffffa00
00000000000000000000000000000000
0000000000001a00fffffe5900000310
00000000000011e00000070400000685
0000000000002240fffffabfffffe543
0000000000000e00000005d4000006e5
0000000000000e20fffffc85fffffc60
0000000000001a40ffffffbffffff254
000000000000140000000010fffff194
0000000000000d00fffffc1600000053
0000000000000a30000013e300001438
0000000000000fc00000039efffff2f0
0000000000001640fffffd4d00000835
0000000000000ee0fffffdf800000289
000000000000116000000934fffffd9c
00000000000010000000022000001393
0000000000001840ffffff81fffffc89
0000000000000ab0000000f200000d72
0000000000001860fffffc9e000000ce
0000000000000c80ffffffc1000000c9
00000000000018600000079e00000580
0000000000001d00000004d9fffff13f
0000000000001c00fffff3be0000092a
00000000000000000000000000000000
0000000000000950000000ae00000b2a
0000000000002140fffffbdc00000759
0000000000001600ffffff67fffff6bb
00000000000013a000000167fffffa77
00000000000028c0fffffbb4000000ec
0000000000000d10fffffe00fffffdbd
0000000000000e4000000092000001ae
0000000000001e20000001d600000274
0000000000002480fffffce5000009c2
0000000000000e20fffff882fffffa79
00000000000011c0fffffd1600000aa8
0000000000001b60fffffd1ffffff857
00000000000013e0fffffaa200000177
0000000000001e60fffff63bfffffd70
0000000000000bf00000007f00000180
0000000000001440fffffa7ffffff79b
0000000000002140fffffe98fffff880
0000000000000c0000000258000007a9
0000000000001a00fffffe85ffffeb27
0000000000001840ffffef9dffffefe7
00000000000014c0fffffdf9fffff6c7
00000000000015c0fffff9dffffffefa
000000000000210000000f38ffffed3e
0000000000001d000000086200000c0a
0000000000001a00fffffcd3fffff7b1
0000000000000d50fffff62dfffff938
0000000000001ee0000007d7fffff50f
0000000000001fe0fffffbe10000098a
0000000000000f60000006590000029c
00000000000012c0000005f9fffffbc6
0000000000001120000000ddfffffec2
000000000000248000000700ffffe46e
0000000000001580fffffdb4ffffec6d
00000000000013a0ffffff7f000004f7
0000000000001600fffffbfffffffd7e
0000000000002b80000000640000036e
0000000000001580fffffe6efffff63a
0000000000001720fffff7cdfffff2f0
000000000000144000000d23fffff994
00000000000005a0fffffe0500001598
0000000000001f60fffffdb7fffffc59
0000000000001a60fffffd5bfffff6c9
0000000000000ca0000006fcfffffa5f
00000000000000000000000000000000
0000000000001b400000014dffffed99
0000000000000aa0ffffeed300000049
0000000000000aa0fffffd67ffffff60
00000000000019e00000042a00000d3d
0000000000001380000001a9fffffeb3
0000000000000860000019d000001f85
00000000000000000000000000000000
00000000000012a0ffffffe1fffffc72
0000000000000f10fffffabafffff4c7
0000000000000f80fffffab4ffffffd3
0000000000000fc0fffffb9dfffffa9e
0000000000001680fffff8be00000d8e
00000000000000000000000000000000
0000000000001000fffffe75ffffffe8
0000000000001360fffff97e00000379
00000000000015a0ffffff42fffff7c7
00000000000016600000071300000b0c
00000000000010600000004a0000058e
0000000000000d70fffff77000000555
0000000000001900fffff2e000000a5b
00000000000014a0fffffe3dfffffa9c
0000000000000e500000051500000293
0000000000001a40fffffb53ffffec3e
00000000000014a000000407fffff36b
0000000000001ee0fffffd53fffffcf5
00000000000001ccfffffcf300000b67
0000000000002b80000003bdfffff971
00000000000018a00000061dfffff4fa
0000000000000cd0fffffee3fffff191
000000000000172000000cd6000001a8
00000000000010c0fffffc81ffffee1e
0000000000000f30fffffe88ffffff4e
0000000000001520000006dcfffffc11
0000000000001840fffffefb00000703
0000000000003800000009b5ffffed7b
0000000000000a20fffffb8d0000048a
0000000000000760000003a000000c30
00000000000015200000015affffed7a
0000000000000bf0ffffffbafffffc5b
0000000000000ce0fffff84200000747
0000000000000e20fffffd9f00000696
0000000000001140000008a1000001bb
00000000000011a000000007fffffe58
0000000000000a500000077d00000fc9
0000000000001a4000000323fffff94b
0000000000001180000006befffffaa8
00000000000010a0fffff38f000002e9
0000000000001aa00000023d00000293
00000000000010e000000165000001c7
0000000000001860fffffe25fffffa7d
000000000000172000000560fffffbb6
0000000000002980fffffa3bfffffac7
0000000000001c400000086bffffe799
000000000000140000000579fffffc46
0000000000001b80ffffffff000008d9
00000000000000000000000000000000
0000000000001660000002d20000068c
00000000000000000000000000000000
0000000000001aa000000ab2fffffa10
00000000000031800000008ffffff2ae
0000000000001be0fffff889ffffea30
0000000000001360fffffbdffffffd1e
0000000000000ca0fffff9acfffffa36
00000000000020c0ffffff45fffff43d
0000000000000f10fffff26400000aca
0000000000001f2000000742fffff4f9
0000000000000d6000000046ffffff50
0000000000002780000005aefffff15f
0000000000003880000001ccffffe861
0000000000001020000000c4000003d8
0000000000002380000006beffffe1cf
0000000000001a80ffffffcafffffa46
00000000000014c0000004c5fffff54f
00000000000004e0000004ecffffff16
0000000000000fe00000035b000005c5
0000000000000ec0000000cf00000258
00000000000019e0ffffff90ffffe95a
0000000000000e700000018c0000055a
0000000000000e900000065200000170
0000000000000ef0ffffffeefffffa73
0000000000000b60fffffdfb000002a6
0000000000000900ffffff0cfffffab0
0000000000001520fffffd96fffff73c
00000000000011400000018500000008
0000000000001200fffffffe00000806
0000000000001700000009780000002c
00000000000018c0fffffca100000257
0000000000001a00fffffe27ffffff35
0000000000001a6000000382fffff158
0000000000001c60fffffe68fffff126
0000000000000f80ffffff85fffffee7
00000000000011e00000025100000d6f
00000000000000e6fffff63afffffb9b
00000000000012c0fffffe49fffffbcb
0000000000002000000008d5000002b3
0000000000002040fffffe49fffffb8b
000000000000138000000371fffff045
000000000000138000000560fffff06f
0000000000001580fffffc63fffff64c
0000000000001220fffffde100000379
0000000000001540fffffea0fffff5eb
00000000000013e0000002e2000005b5
000000000000264000000688000005f6
0000000000000300ffffffd4000008b7
0000000000000b00fffffeda00000129
0000000000000d300000018c0000066b
0000000000001240fffff7eefffff933
00000000000019c0fffff9b1fffffb67
000000000000264000000935ffffe2c9
0000000000001e20ffffffb7fffffcd9
0000000000001340fffffb3cfffffd9d
000000000000106000000a9afffffeea
0000000000001be0000016ab0000052b
0000000000000ce000000365fffffb0f
00000000000011e0000008d500000416
0000000000001fc000000026000000fc
00000000000022c00000065900000903
0000000000000e0000000648000006ba
000000000000218000000276fffff309
0000000000000c8000000cb9ffffeb5d
0000000000000a40fffff99000000be7
0000000000000e90000002f000000c17
0000000000000ae00000031f00000544
0000000000000fd000000a1bfffffb40
00000000000019c0ffffffadfffffa5e
0000000000000b40000000ce000012d4
0000000000000a500000055ffffffe6b
0000000000001740fffffecdfffffc9e
00000000000022c0fffffc74fffffc43
00000000000023400000028dffffeb15
0000000000000e900000048f00000059
0000000000001d20ffffff1afffff18f
0000000000000e400000061efffffe36
00000000000019e00000070ffffff050
00000000000012a0fffffbe5000003b3
00000000000012c0000003930000020a
0000000000000a3000000b4d000010c3
0000000000001a80000000aafffff656
00000000000008c0fffffd0f000006cf
0000000000000c10fffffc61fffff59b
0000000000002080000005e4ffffeefb
0000000000000d3000000748fffffa7a
00000000000013c00000051a00000257
0000000000000aa00000015200000cf5
0000000000000f70fffffbe3fffffa95
0000000000003740fffffa69ffffe96c
0000000000000f40fffffac9fffffeab
00000000000000000000000000000000
0000000000001f800000005b00001806
00000000000015e0fffffa9200000a4d
0000000000001760fffffcd8000000c3
00000000000009600000041000000569
0000000000000ed0fffffdd4fffffdd2
00000000000015e0fffff72d00000459
0000000000002780fffff920ffffe80d
0000000000001e0000000349fffffdba
0000000000000e80000000effffffad3
0000000000001900fffffc9c000011e4
00000000000013c00000010500000f4a
00000000000000000000000000000000
0000000000001c0000000a8fffffeb86
0000000000001840fffffd930000017f
00000000000016600000030200000080
00000000000011a0ffffffe9fffffc6c
00000000000006b8fffff95f000007db
0000000000001d40fffffdb5fffff3d1
00000000000013a000000016fffffdb1
00000000000012e0fffffd71000000d2
0000000000001a20fffffcf0ffffedbb
0000000000000c1000000391fffffc05
0000000000002140fffffe1efffffaaa
0000000000001ca00000064d000005bb
0000000000000cc00000034a0000035d
00000000000000000000000000000000
0000000000000c9000000553fffffafc
0000000000000fc00000058d00000108
00000000000006f8fffffa9cfffff4b8
00000000000014a0fffffe4d000007e3
0000000000000ea000000550fffff058
00000000000013c0ffffff5600000be7
0000000000002340000002e3fffff797
00000000000012e0fffffec9fffffbf7
0000000000001e40fffffc5cffffe8c8
0000000000000c70ffffff14fffffdc6
0000000000001a80fffffe91fffffee0
00000000000000000000000000000000
000000000000162000000288fffffbf4
0000000000001b40ffffff8700000426
0000000000000e10000002b4000004ac
0000000000001140000010980000160f
000000000000015a00000f490000089a
0000000000001340fffffb22000002f4
0000000000000f00fffffd92000000a4
0000000000003780fffffb02ffffeb92
00000000000015400000012a0000117e
0000000000003640fffffe87ffffe3d9
0000000000001c40fffff9fcfffffef3
0000000000000d80fffffc160000047a
00000000000009400000069e0000008c
0000000000000b40000003e20000103b
0000000000001960000004b7fffff4b2
00000000000013a0000003b800000605
0000000000001c4000000009ffffecc1
00000000000000000000000000000000
00000000000011c0fffffbac00000609
0000000000001e4000000246fffff347
00000000000000000000000000000000
000000000000238000000779ffffefd4
0000000000001800000004a1fffffe12
0000000000000e30fffffe3700000871
0000000000001240fffffa5800000103
0000000000001360000004d1fffff21e
0000000000000ee0fffff875fffff1c4
0000000000001ee0fffff51200000746
0000000000000f10000005e8fffffca6
0000000000001bc0000002e0fffff9bd
0000000000001f000000014cffffeda8
00000000000037000000039fffffeddc
0000000000000ab000000715000007d9
0000000000001080ffffff7ffffff1b5
0000000000001d60fffffe1bffffff1b
00000000000014200000025efffff887
00000000000000000000000000000000
0000000000000f2000000490000009ac
0000000000001ac0fffff831fffff8d6
00000000000015600000051000000291
0000000000001c20ffffff70fffffe39
00000000000013200000037000000945
0000000000000e700000010efffffc46
000000000000288000000765fffff6ee
0000000000000dc0fffffc3000000590
0000000000000a30fffffead00000bb0
0000000000000d20fffffbc60000016e
0000000000000ca00000000600000024
0000000000000d30ffffff810000034e
0000000000001160ffffffb1fffff2d1
00000000000000000000000000000000
0000000000001500fffffb6fffffeff1
0000000000000bb0fffff1b800001ac9
00000000000018c0000004790000055a
00000000000019a0fffffc89fffff797
0000000000002940000007f9fffff207
0000000000000ec0fffff1e9fffff777
0000000000000ea00000030b00000758
0000000000000950000000e800000471
0000000000000a70000002b1ffffff46
0000000000000fd00000009efffff6eb
0000000000002c00000007e700000b26
0000000000001620000000aafffff96e
0000000000000cd0fffffdb0ffffff73
0000000000001840000000dffffff7e3
0000000000000d30000002ea0000057a
0000000000000c7000000366000004a2
00000000000033c0000000fdfffff72e
0000000000000d8000001447fffff50c
000000000000298000000432fffffb3c
0000000000000bc000000388000006cd
0000000000000ca0000001130000004a
000000000000108000000428fffffa00
0000000000000db0fffff835fffffe23
00000000000017c00000058dfffffd30
0000000000002880ffffffc0ffffe950
0000000000000d400000008a000007f7
0000000000001000fffffddd000000d4
0000000000000d40fffffbc10000067e
00000000000013a00000012efffff0fd
000000000000146000000634fffff84e
0000000000002380fffffb68ffffedcc
0000000000000cb0fffffcf300000b6d
00000000000000000000000000000000
0000000000000a80fffff4e000000b0e
0000000000000800ffffff57000003b2
0000000000001480fffff23ffffffeb1
0000000000000e700000027400000c0a
0000000000000e80ffffff1e00000899
0000000000001e40fffffef0fffff7ff
00000000000016c0000008d900000121
0000000000001ea0ffffffa5fffffb66
00000000000017600000234a000006aa
0000000000000a50fffff6f400000c97
0000000000001660fffff95efffff60f
00000000000022c0ffffff560000010e
0000000000001840fffffc0a000000e8
0000000000000b90fffffe9900000908
0000000000000c20fffffd9c00000680
0000000000001620000000a1fffff4b7
0000000000000e00ffffff1400000155
0000000000000bc000000d14fffff8d0
00000000000007b0000009020000051a
0000000000001a60fffffc4500000654
0000000000002280fffffeadfffffc43
0000000000001080fffffff500000c1e
0000000000001880000003b4fffffb1f
0000000000001a000000031dfffff637
00000000000000c7000025b800003c6e
0000000000001ec000000785fffffd28
0000000000001c8000000407fffff9ff
00000000000013e00000046700000514
0000000000000f00000004a50000064f
0000000000000c00000001bdfffffd4c
0000000000000e90fffffcca0000007f
00000000000030c0000008bafffffeea
0000000000001480000000cb000002c0
0000000000001ee0fffff843fffffaf0
0000000000001520000001a5fffff93b
00000000000018e000000438fffff611
00000000000014800000060900000b87
0000000000002140fffffeccfffff92c
000000000000108000000921fffff703
0000000000000b40fffff40100000159
00000000000019600000025dfffffbfe
00000000000009d000000b130000051c
0000000000001ac000000096fffff7cc
00000000000008f0ffffffe200001080
0000000000001480ffffff6b000005b7
0000000000000c200000022100000136
0000000000001900000001ecfffff8d5
00000000000013a0000006c4ffffedea
0000000000001ec000000984000019d1
0000000000000ce0fffffb5d0000024e
00000000000014a0000005cbfffffef1
0000000000001d60000003a4fffff832
0000000000001800fffff733fffffaa1
0000000000001a60fffffa4dfffff90d
00000000000000000000000000000000
0000000000000da000000262fffff430
0000000000000b1000000bb4fffffd07
0000000000001180000001bbfffffd5d
0000000000000e6000000196fffff99a
00000000000017e0fffffbcefffff3a3
0000000000002000fffffc8000000493
00000000000000d4000001250000065d
00000000000010e000000cfefffffc22
0000000000000b3000000d21000013ab
0000000000001dc0fffffc3500000bf3
000000000000023cfffff3f9fffffa8d
00000000000014c00000006e00001727
0000000000000fe000000014000007bc
0000000000000e40fffffeaefffff0d1
0000000000000ac0fffff8b9000000b0
0000000000001d600000050affffe9d2
0000000000000f500000020effffffba
0000000000000b80fffffa9bffffff78
0000000000001900fffffd9a000002f5
0000000000002040fffff97affffee70
0000000000002300fffffbbafffff4a9
0000000000001a8000000106fffff18e
0000000000001900000005abfffffb23
00000000000019a0fffffe13fffffe0d
0000000000001480000002c1fffff676
0000000000000d50fffffddffffff4a4
0000000000001d800000043cfffffc7a
0000000000000cd0fffff8050000002a
0000000000001cc0fffffcbafffffaa3
0000000000001420fffffa6000000705
0000000000000d70fffffec2000009e6
0000000000000cf0fffffd3200000031
00000000000009a0000001fa00000ce7
000000000000182000000203000005c6
0000000000003480000001c7fffff322
0000000000000f10fffffd53000000e1
0000000000001580ffffffa9fffffc07
0000000000001de000000753ffffef31
0000000000002340fffffb46fffffef4
0000000000001820ffffffd7fffffc98
0000000000000cb0ffffff85fffffa4d
0000000000000f30fffff57bfffff751
00000000000015c000000304ffffeb19
00000000000014400000028100000493
00000000000010c00000080bfffff895
0000000000000ab0000000bb00000823
0000000000001920fffff492fffff863
00000000000000000000000000000000
0000000000000db0fffffe84fffffdc7
0000000000001a00fffffe84fffff5f6
0000000000000c400000063c00000f67
00000000000015c000000e43000005fd
0000000000000cd0fffffeb500000dc5
00000000000012e0000003dcfffffc53
0000000000001d4000000c8a00000765
0000000000001180ffffff6afffffa44
00000000000025c0000003f9fffff540
0000000000002400000003d7000005b8
0000000000000e40ffffff52000003b3
0000000000000ff0000002caffffff18
0000000000000e600000009efffff78f
0000000000000f800000016f00000025
000000000000124000000b3800000540
000000000000218000000bfefffff381
0000000000000c30000000eafffffdac
000000000000344000000324fffff224
00000000000011e000000398fffffed4
0000000000003b80000002e0ffffeed0
000000000000186000000963fffffc30
0000000000001bc000000140fffff732
0000000000000f30fffffaba00000743
00000000000018c0000002ecfffffad2
000000000000108000000144000006e8
00000000000000000000000000000000
0000000000001360000007d500000030
0000000000001160000008c600000679
0000000000001880000003ae00000ded
00000000000017a0000002b8ffffecd2
0000000000001320fffffd780000069c
0000000000000bc00000048cfffffe52
00000000000020c0fffff71fffffecf7
00000000000012e0fffff88dffffe79d
0000000000000e80000002a10000069f
00000000000014200000027ffffffe7e
0000000000001180ffffff6400000fb3
0000000000001c00fffff964fffff0cd
0000000000001580000005380000016f
0000000000000c20fffff375fffff8ff
0000000000000de00000007ffffff994
00000000000017c0000001700000041a
0000000000001ea000000aac0000201a
0000000000000d0000001244000001f6
0000000000000a50ffffffc2fffffe31
0000000000001e60fffffd74fffffb86
0000000000000cd0fffffa28fffffe07
0000000000001360000006bdfffffe55
00000000000015e0fffffd9a00000218
0000000000000d00fffffe4600000215
00000000000023c0000000f6fffffbee
0000000000001860000000aefffff29b
0000000000001c00fffff72bffffeb05
00000000000000c8ffffdc160000381d
00000000000015e0fffffab1fffffa5a
0000000000001800fffffbb3ffffe87b
00000000000010e0fffff3effffff653
0000000000000fe0fffff7f2fffffebf
0000000000001b0000000437fffffe11
000000000000166000000057fffffb4b
0000000000000de00000065b00000a30
000000000000180000000860fffff043
0000000000000c10fffffd2afffff96b
000000000000102000000d74ffffff57
0000000000001520fffffb16fffff2fa
00000000000013c0fffffc17fffff892
00000000000024c000000383ffffe6b2
0000000000000ac0000004b700000c6f
0000000000000c30fffff54bfffff27b
00000000000010e0fffff91100000f94
00000000000007c0000003f6000006b2
000000000000116000000384000002ec
00000000000000000000000000000000
000000000000120000000204fffff988
0000000000001560fffff93f00001b5c
0000000000001c4000000412fffffafb
000000000000152000000712000000b5
0000000000001940000009cffffffbc3
0000000000000ed0fffff936fffffd2e
00000000000010c0fffff3d0ffffff70
0000000000000e90fffffb0700000962
0000000000001ae0fffffbadfffff027
0000000000001d200000029b0000078a
000000000000192000000248fffff3c7
00000000000014e0fffffb47fffff956
000000000000460000000f6000000ff8
0000000000001de0fffffd6d00001d0f
00000000000015e000000075fffff7b0
00000000000000000000000000000000
0000000000000ed0fffff46700000209
0000000000001440ffffea1300000f9c
0000000000000bd0ffffeee000000c57
0000000000000e8000000451000000d6
00000000000016c00000002300000692
0000000000000d00fffffdf900000776
0000000000000e8000000bfbfffff316
000000000000140000000106fffff833
0000000000001d000000036e000001ec
0000000000000cb0fffff7300000011a
00000000000000000000000000000000
00000000000000000000000000000000
000000000000156000000b1d00001208
00000000000013e0fffffcc0fffff7ff
00000000000011e000000167fffff9fe
0000000000000a30fffffba300000156
0000000000000a000000077b000007c3
0000000000000e70fffffee1000008f3
0000000000000b90fffffa49fffffa09
0000000000000eb000000596000005ab
00000000000011e0fffff1bfffffe9e4
0000000000000ef0fffff8d0ffffe857
0000000000000ad0fffff344000012da
0000000000000cf000000125000008a5
0000000000001400000009ce00000838
0000000000001620000003b5000007fb
0000000000000f00000004b3fffff747
0000000000001a2000000166fffff5fb
00000000000011c0000001d2000007b3
0000000000000d100000020200000bbb
0000000000001100000012c300000e56
0000000000000a30000000b300000ae3
00000000000017e0fffff989fffffea8
0000000000000bc000000153fffffbd0
00000000000000000000000000000000
00000000000013600000050dfffff7ca
0000000000001620ffffff84000000d1
0000000000002e4000000094ffffdf09
00000000000022800000047b00000023
00000000000025c0fffffc4800000076
0000000000000f90fffff5a7fffff78a
0000000000000f10fffffce8000002c2
00000000000010c0000004da00000187
0000000000001500ffffff09ffffeffe
000000000000176000000530ffffe499
0000000000000ac0fffffae5000006e1
0000000000001c00fffffc4300000a78
00000000000000000000000000000000
00000000000013e00000030e00000434
0000000000001240000000ce00000064
0000000000000a500000016d000004d1
00000000000011200000072bfffffe0e
0000000000000b60fffffef400000404
0000000000001000fffffd3a0000004f
00000000000014400000048200000f0b
0000000000001460fffff858ffffef7d
0000000000001b4000000198fffffb97
0000000000001580fffffd95fffff76c
000000000000200000000239fffff3d7
00000000000026000000071900001351
0000000000001180ffffff4f0000160b
00000000000010c000000041fffff994
00000000000016a0000003e3ffffe9fd
00000000000013c00000083900000b8d
00000000000017200000008900000e10
00000000000022000000076affffeb4b
00000000000012a0fffffc61fffff958
00000000000014e0ffffff29000012a3
00000000000019c0000001c6fffffa4e
0000000000001fe0000003c2ffffeb64
0000000000000f000000083200000140
00000000000000000000000000000000
0000000000000cb0fffffccefffffe6f
000000000000033c000000f900001205
0000000000000e5000000376ffffed62
0000000000001180000000d500000b7f
00000000000000000000000000000000
0000000000001680fffffdeffffff708
0000000000000b5000000258fffffcd2
0000000000000e40fffffd9dfffffcc4
0000000000001540fffffdf600000075
00000000000000000000000000000000
00000000000014800000017c000000b3
0000000000001620fffffd730000077d
0000000000000d50000000850000021c
00000000000011a0000008a00000034d
0000000000001080000007110000003a
0000000000000bb0fffff8db00000408
000000000000208000000571ffffeb52
00000000000012c0fffff96c00000573
00000000000012a0fffffbef00000245
0000000000001f80ffffff7affffffd7
0000000000001ea0fffffb04fffff806
0000000000000b7000000239ffffff3d
0000000000000b0000000b0c00000f31
00000000000013a0000000ea00000346
0000000000000760000002a9fffff9fe
00000000000010c0fffffee7fffffdf4
0000000000000d70fffff81e00001075
0000000000001be0fffff9b5ffffea9f
0000000000001b80fffffc4e000000e4
0000000000001ce0000000e4fffff0b1
0000000000001660fffffba6000001d6
0000000000001500000002ea000005e5
0000000000000ee0000005c8fffff452
00000000000000000000000000000000
0000000000001520ffffffd9fffff834
0000000000001a20fffffe79fffff89e
00000000000013400000025d000007d3
0000000000002340ffffff6200000893
0000000000001040000000a60000056b
0000000000001200000000d5000002ad
0000000000000e30ffffff39fffffdc7
0000000000002180fffffc1bfffff369
00000000000010800000024afffff378
0000000000000ac0fffff8ec00001b96
0000000000000b00000000a500000455
0000000000000a8000000649000004cb
00000000000009e0000001e5000003b2
00000000000000000000000000000000
000000000000017600000e55fffff652
0000000000001e00000001c1000003b6
0000000000001a60000001a4fffff997
0000000000001a20000004b1fffffcb8
00000000000020c0fffffbbdfffff617
0000000000000c800000043600000b3f
0000000000000f9000000700fffffbb0
00000000000010e0000003fbfffff7db
00000000000025c0000003a80000055b
00000000000023000000041700000035
00000000000000000000000000000000
0000000000000ff000000170000010c7
0000000000001560000000f5fffff571
000000000000132000000484fffff2b7
000000000000118000000aec00000838
0000000000001d20000000b1fffff8fa
0000000000000a700000046b000006a0
0000000000001aa0000005dcfffff331
0000000000001160ffffe287fffff655
0000000000001060fffffc39fffff7c1
0000000000000f20ffffff27fffffb8c
0000000000001fc0fffffba90000015e
0000000000000cc0fffff676fffffbbd
0000000000001580fffffc0000000493
0000000000001e0000000adb000005d0
0000000000001a20fffffc9fffffe6fd
0000000000000f70fffffebefffffce3
0000000000001100fffffda400000e80
0000000000000ff0000004bbfffffccc
00000000000000000000000000000000
0000000000001960000003c2fffff2a6
00000000000012e0fffffe9ffffffa63
0000000000000de0000003390000017a
0000000000002f40fffffb65fffff3c1
0000000000001c40fffff2ccffffe517
00000000000006d8000001a700000ced
00000000000000000000000000000000
00000000000000000000000000000000
00000000000012a0ffffff6900000c6b
0000000000000cb0fffffce0000002ea
0000000000000f40fffffa1dffffffc9
0000000000000de0fffff85ffffff8c9
0000000000000e00fffffecafffff96a
0000000000001780000003d4fffff485
00000000000000000000000000000000
00000000000017e00000097f000003ad
0000000000001ca0000002c1000010c0
00000000000010c0fffffb1affffff32
0000000000001420000002cc00000109
0000000000000b90fffff790000009b4
0000000000001240fffff68200000d58
00000000000011a0000009d5000010ef
0000000000001360fffffd640000043a
0000000000000a800000009f00000432
0000000000001a20fffff754ffffe5e2
00000000000013a000000002fffff429
0000000000001d40fffff99ffffff283
00000000000015c00000028a0000098f
0000000000001640fffffc9dfffffdb8
0000000000001820000002bfffffef25
0000000000000f6000000a8cfffffb0d
00000000000018a0000005affffff69e
00000000000011200000073afffff1e0
0000000000001020fffffe6a000008de
0000000000001360fffff7c100000d1d
000000000000198000000164fffffd76
0000000000001120000003370000003f
0000000000001120fffffb1900000553
0000000000000788fffffe45000005c5
00000000000009e0fffffea1000003eb
0000000000001680000009ae000001e4
00000000000013e000000029fffffa48
000000000000172000000150fffff277
0000000000001660fffffb1ffffff57f
0000000000001760000004a2fffffa23
00000000000015e0000005cb00001cdc
00000000000016e0000000760000081e
00000000000012c000000125fffffcd6
0000000000000fb0000000060000055b
0000000000001220fffffeb90000058d
0000000000001dc000000217fffffab1
0000000000001500fffffdb3fffff388
00000000000011c000000065000000ce
0000000000001220ffffff01fffff847
00000000000006e8fffffe47ffffff75
0000000000000830000003a0ffffffb4
0000000000001180000002e6000003bf
00000000000001be000009210000142d
00000000000014400000070600000f3f
0000000000001a60ffffff2afffff9b9
00000000000016c00000057dfffffeb9
0000000000001d40fffffe1afffff159
000000000000076800000c0a00000e56
00000000000009b0000007b900001271
00000000000000000000000000000000
00000000000018400000011ffffffca1
00000000000026c0fffffcddffffe9e1
0000000000000e80fffffb7300000670
00000000000010a000000026fffff713
0000000000000d40000000a7fffff9e5
0000000000000fe0000008b5fffff620
00000000000017200000090700000363
0000000000002100fffffd64ffffe6e1
000000000000116000000883fffffe8b
0000000000000f50fffff8fd000000ba
0000000000000c60000000810000021d
0000000000002600fffff751fffff43e
00000000000014a000000030ffffea0b
0000000000000fe0000007da000000d9
000000000000224000000331ffffec24
0000000000000ae0fffffead00000ae9
00000000000000000000000000000000
00000000000000000000000000000000
0000000000001480ffffffe800000319
00000000000010e0000002c4ffffff4c
0000000000000d90fffff32dffffffba
000000000000014effffebad000011ca
0000000000000ed0000000fafffff9ff
0000000000001e80000002cb00000b43
0000000000000970fffffe2700000b50
00000000000013a0fffffd89fffffa53
0000000000001980000002d9fffffb19
0000000000001980fffffd5500000ef5
0000000000000ce000000c36fffffb7a
0000000000000e30000007ce000004aa
000000000000fffd0000070f0000038c
0000000000002300fffffb5efffff71d
0000000000001300000005c4fffff4a4
00000000000017c0fffff981fffff65d
00000000000008a00000026d0000020f
00000000000015800000029000000605
000000000000152000000161fffff18c
0000000000002580fffff63dfffff82b
0000000000000af00000036c00000563
0000000000001f60ffffff780000076e
0000000000000cd0fffffa80000000ac
00000000000014c0fffffb4bfffff797
00000000000011a00000042e00000ae3
0000000000001840fffffbf0fffff51e
00000000000000000000000000000000
0000000000001720fffff7e7fffff939
0000000000000748000001c0000009df
0000000000002280fffffdf8ffffff8c
0000000000000fd0fffffe5b00000316
0000000000000aa0fffff28700000e40
00000000000000000000000000000000
0000000000001120000000ddfffff833
0000000000000ec0fffffbfaffffff37
00000000000000000000000000000000
0000000000002840fffff9e8fffff921
0000000000001b200000045c0000050e
0000000000000df0ffffffadfffff71e
0000000000001020000001b3fffffa3e
0000000000001740fffff9ae0000013f
0000000000001d40ffffff7fffffe76b
00000000000008c00000023500000416
0000000000001280000002b6000001aa
00000000000018e0fffffbc4fffff9ed
0000000000000d3000000acb00000283
000000000000130000000b44fffffcaa
0000000000000c70fffff99100000673
0000000000001b200000097d0000040c
00000000000000000000000000000000
0000000000000d30ffffffc000000b22
000000000000196000000776fffffc65
0000000000000fc0fffffe92fffff958
0000000000000e50fffffba50000009d
00000000000011800000052e0000005c
00000000000016a0000003fdfffff128
0000000000001de0fffff0b0fffff85c
0000000000000f00fffff749000001fc
0000000000000ab0fffffd2200000ebd
0000000000000830000002f20000085a
0000000000001920fffff9b600000100
0000000000000ff0000000d1fffffcaf
0000000000001e40fffffd3f00000deb
00000000000013800000010b000009bd
00000000000013000000087300000ec5
0000000000000ce0000000ed00000017
0000000000002940fffffdfe00000048
0000000000000e50000001d7000007fa
0000000000000da0000005480000069b
0000000000000f8000000105ffffff24
0000000000000e30fffffd6200000a33
0000000000001340fffffdeb00000870
00000000000021c0ffffff2dfffff6ca
00000000000018a00000033400001272
0000000000001fa0fffff8c2fffffed6
00000000000015c0000002af00000a77
000000000000126000000317fffff770
0000000000000ff0fffffe4300000591
0000000000001040fffffa1f00000cfb
0000000000000cb00000083600000336
00000000000011a0ffffff07ffffffca
0000000000002280fffffa7200000934
000000000000158000000731ffffef24
000000000000220000000136ffffe9a2
0000000000001a20fffffd08fffff935
00000000000020000000054dffffefb0
00000000000008100000027d00000753
0000000000000b70fffffea00000021c
0000000000000fe0000005a8000001a9
0000000000000c30fffffba4fffffa44
0000000000001280fffff9b800000907
0000000000000a20fffff3e800000bac
0000000000000dd0fffff994000009b0
00000000000010c000000111000001f5
00000000000009f0fffff74c00000b25
0000000000001040fffffd6a0000056d
0000000000001a0000000542ffffefdc
0000000000001e400000036bfffff658
00000000000010400000050a0000094d
0000000000000e80ffffed880000210f
0000000000000a60fffffee100000096
0000000000000be0000000fefffffd2b
0000000000001400ffffffaefffff6ea
00000000000014800000008b000004f7
0000000000000ce0ffffff2700000b57
0000000000000b80000004670000050f
0000000000001ba000000033fffffa92
0000000000000c00000007d600000251
0000000000000cb0fffffe240000021a
0000000000001e2000000068fffffc8f
0000000000000c5000000953fffffe5e
00000000000011a00000074b0000001f
000000000000200000000060ffffee7d
0000000000000be0000006fb000001bd
00000000000014c0fffffc29fffff69e
0000000000001560fffffe32ffffed6c
00000000000000000000000000000000
00000000000016e0000003ff00000264
00000000000012e000000114fffff908
0000000000002000000003ecfffff424
0000000000001500fffffe0efffffed5
00000000000018c0fffff676fffff56f
0000000000001020fffff9e900000a4e
000000000000098000000477fffffff3
0000000000000df0fffff84e00000658
0000000000001160fffffa29fffff208
0000000000001400000004edffffecdd
0000000000001220000001a7fffff9bb
0000000000001ce0fffffaf6fffff625
0000000000000ed0000003c900000495
0000000000000b60000004b00000030c
0000000000002180fffffee6fffffbea
00000000000009000000021900000236
0000000000000dc0000002f100000392
0000000000001e8000000acbfffffc42
0000000000001720000001e1fffff827
00000000000018200000074200000111
0000000000001700fffff876000006e8
0000000000000870ffffff2700000a73
0000000000001120000004d4fffff952
0000000000000e7000000ec700000c2c
0000000000001460fffff71affffee2c
00000000000010200000092700000367
00000000000026c0fffffd33fffffdd2
00000000000014600000010afffff941
00000000000019a0fffffe43fffff92e
0000000000000900000000aeffffffb1
0000000000000d50fffff862fffff611
0000000000000f10fffffefbfffffbbf
0000000000001a40000002f0fffff91f
00000000000000000000000000000000
00000000000014a0000000260000057b
0000000000001080ffffffe900001d17
0000000000000f60fffffa84000001d7
0000000000000b60fffffb26fffffe5c
0000000000001700fffffb4affffec15
00000000000017a0fffffb34fffff3ba
00000000000000000000000000000000
000000000000198000000482fffffb96
0000000000001b20fffffd5bffffe1e0
00000000000014c0fffffbe3fffff213
0000000000001400ffffff7d00000261
0000000000001440fffffd5c00000271
0000000000000cc0000001b30000007e
0000000000001660fffffcf0fffff15b
00000000000016c0fffffa9e000017bd
0000000000000f30ffffffad0000054f
0000000000001840fffffe2fffffecb4
00000000000006a0000004f8000009eb
00000000000015a00000073800001680
0000000000000a000000069c00000f4d
0000000000000b7000000464fffffa28
0000000000000d30fffff8ee00000c2c
0000000000000f60ffffff44fffff3a0
000000000000176000000987fffff99c
00000000000024c000000945ffffe626
0000000000000c000000002cfffffd3f
0000000000001440fffff9b7fffff216
00000000000017c0000005c4fffff6bf
00000000000035c0fffff9d2ffffec48
00000000000012e0fffffec3fffff0e1
00000000000014c000000104000003b4
00000000000017a0000003e1fffff77d
0000000000001900000003acfffffe03
0000000000001ba00000020100000976
0000000000001940ffffff6efffff6d6
0000000000001e8000000118ffffec30
00000000000016e000000280fffffb86
0000000000002bc0000000f9fffff411
0000000000001a00fffff07c00000f2c
0000000000001800000005dafffffc74
0000000000000aa0fffffdad00000b60
00000000000011000000003400000919
0000000000001460fffffb6b0000050b
00000000000013400000040bfffff073
000000000000088000000111fffff8f6
00000000000030c0fffffdd9fffff2bf
00000000000015400000050cfffff70d
00000000000016c0fffffb63fffff8f0
00000000000013c000000462ffffecde
0000000000002580fffffa2afffff7d3
000000000000feeaffffe884000006ce
0000000000001a00000003c000000019
0000000000001580fffff1c6fffffb2b
00000000000000000000000000000000
0000000000000be0fffff935fffff6d9
00000000000012e00000027ffffff6f6
00000000000022400000015000000043
0000000000002280fffffd09fffff8b3
0000000000001b40000006c6fffff02c
0000000000000ba0000001410000135d
0000000000000d80fffffd03000004b8
0000000000000ea0000001c900000634
00000000000011c0fffffe12ffffff23
00000000000007b800000127000000c5
0000000000001a60fffffbb600000ea5
0000000000000e50fffffc87fffff746
00000000000010e0000004fefffff7ff
0000000000001640000006c700000218
0000000000001f00fffffb630000057c
0000000000001080000001c3fffffd45
0000000000001b800000030efffff608
0000000000001c40fffff8a1000000f2
000000000000148000000bda00000716
0000000000000cf000000a4a00000023
00000000000013a000000054fffffc93
0000000000001c80fffff957ffffecb0
0000000000001300fffffb0a00000092
000000000000378000000009fffff84c
0000000000001880fffffe88fffff06a
000000000000166000000000fffffe84
0000000000000eb0000003a9ffffffe8
00000000000010c0fffffaf8fffffb9e
00000000000000000000000000000000
0000000000002b40000002ccfffff920
0000000000001620fffff902fffff59b
00000000000012e0ffffff34000007b4
0000000000001a40fffffd18fffff8fc
0000000000001140fffffcf000000042
